Title	Direct Orthographical Mapping for Machine Transliteration	page=0 xpos=1 ypos=0 single-column left-indent right-indent font-largest page-top headchar-capital above-blank-line above-double-space above-line-space
Author	ZHANG Min LI Haizhou SU Jian	page=0 xpos=2 ypos=0 single-column left-indent right-indent indented-line shorter-tail line-blank-line line-double-space line-space headchar-capital above-blank-line above-double-space above-line-space
B-Affiliation	Institute for Infocomm Research	page=0 xpos=3 ypos=0 single-column left-indent right-indent indented-line shorter-tail line-blank-line line-double-space line-space headchar-capital above-line-space
Address	21 Heng Mui Keng Terrace, Singapore 11961	page=0 xpos=2 ypos=0 single-column left-indent right-indent hanged-line longer-tail line-space numbered-heading1 year above-line-space
Email	{mzhang, hli, sujian}@i2r.a-star.edu.sg	page=0 xpos=3 ypos=1 single-column left-indent right-indent indented-line shorter-tail line-space symbol-atmark column-bottom above-blank-line above-double-space above-line-space
AbstractHeader	Abstract	page=0 xpos=1 ypos=1 left-column centered left-indent right-indent column-top line-blank-line line-double-space line-space string-abstract headchar-capital above-double-space above-line-space
B-Body	Machine transliteration/back-transliteration plays	page=0 xpos=0 ypos=2 left-column left-indent hanged-line longer-tail line-double-space line-space headchar-capital
I-Body	an important role in many multilingual speech and	page=0 xpos=0 ypos=2 left-column full-justified hanged-line headchar-lower
I-Body	language applications. In this paper, a novel	page=0 xpos=0 ypos=2 left-column full-justified aligned-line headchar-lower
I-Body	framework for machine transliteration/back-	page=0 xpos=0 ypos=2 left-column full-justified aligned-line headchar-lower tailchar-hiphen
I-Body	transliteration that allows us to carry out direct	page=0 xpos=0 ypos=2 left-column full-justified aligned-line headchar-lower
I-Body	orthographical mapping (DOM) between two	page=0 xpos=0 ypos=2 left-column full-justified aligned-line headchar-lower
I-Body	different languages is presented. Under this	page=0 xpos=0 ypos=3 left-column full-justified aligned-line headchar-lower
I-Body	framework, a joint source-channel transliteration	page=0 xpos=0 ypos=3 left-column full-justified aligned-line headchar-lower
I-Body	model, also called n-gram transliteration model (n-	page=0 xpos=0 ypos=3 left-column full-justified aligned-line headchar-lower tailchar-hiphen
I-Body	gram TM), is further proposed to model the	page=0 xpos=0 ypos=3 left-column full-justified aligned-line headchar-lower
I-Body	transliteration process. We evaluate the proposed	page=0 xpos=0 ypos=3 left-column full-justified aligned-line headchar-lower
I-Body	methods through several transliteration/back-	page=0 xpos=0 ypos=3 left-column full-justified aligned-line headchar-lower tailchar-hiphen
I-Body	transliteration experiments for English/Chinese and	page=0 xpos=0 ypos=4 left-column full-justified aligned-line headchar-lower
I-Body	English / Japanese language pairs. Our study reveals	page=0 xpos=0 ypos=4 left-column full-justified aligned-line headchar-capital
I-Body	that the proposed method not only reduces an	page=0 xpos=0 ypos=4 left-column full-justified aligned-line headchar-lower
I-Body	extensive system development effort but also	page=0 xpos=0 ypos=4 left-column full-justified aligned-line headchar-lower
E-Body	improves the transliteration accuracy significantly.	page=0 xpos=0 ypos=4 left-column right-indent aligned-line headchar-lower tailchar-period above-double-space above-line-space
B-SectionHeader	1 Introduction	page=0 xpos=0 ypos=5 left-column right-indent aligned-line shorter-tail line-double-space line-space numbered-heading1 above-double-space above-line-space
B-Body	Many technical terms and proper names, such as	page=0 xpos=0 ypos=5 left-column left-indent indented-line longer-tail line-double-space line-space headchar-capital
I-Body	personal, location and organization names, are	page=0 xpos=0 ypos=5 left-column full-justified hanged-line headchar-lower
I-Body	translated from one language into another language	page=0 xpos=0 ypos=5 left-column full-justified aligned-line headchar-lower
I-Body	with approximate phonetic equivalents. The	page=0 xpos=0 ypos=6 left-column full-justified aligned-line headchar-lower
I-Body	phonetic translation from the native language to	page=0 xpos=0 ypos=6 left-column full-justified aligned-line headchar-lower
I-Body	foreign language is defined as transliteration;	page=0 xpos=0 ypos=6 left-column full-justified aligned-line headchar-lower tailchar-semicolon
I-Body	conversely, the process of recalling a word in	page=0 xpos=0 ypos=6 left-column full-justified aligned-line headchar-lower
I-Body	native language from a transliteration is defined as	page=0 xpos=0 ypos=6 left-column full-justified aligned-line headchar-lower
I-Body	back-transliteration. For example, English name	page=0 xpos=0 ypos=6 left-column full-justified aligned-line headchar-lower above-line-space
I-Body	“Smith” and “ 史 密 斯 (pinyin 1 : Shi-Mi-Si)” in	page=0 xpos=0 ypos=7 left-column full-justified aligned-line line-space above-line-space
I-Body	Chinese form a pair of transliteration and back-	page=0 xpos=0 ypos=7 left-column full-justified aligned-line line-space headchar-capital tailchar-hiphen
I-Body	transliteration. In many natural language	page=0 xpos=0 ypos=7 left-column full-justified aligned-line headchar-lower
I-Body	processing tasks, such as multilingual named entity	page=0 xpos=0 ypos=7 left-column full-justified aligned-line headchar-lower
I-Body	and term processing, machine translation, corpus	page=0 xpos=0 ypos=7 left-column full-justified aligned-line headchar-lower
I-Body	alignment, cross lingual information retrieval and	page=0 xpos=0 ypos=7 left-column full-justified aligned-line headchar-lower
I-Body	automatic bilingual dictionary compilation,	page=0 xpos=0 ypos=8 left-column full-justified aligned-line headchar-lower tailchar-comma
I-Body	automatic name transliteration has become an	page=0 xpos=0 ypos=8 left-column full-justified aligned-line headchar-lower
E-Body	indispensable component.	page=0 xpos=0 ypos=8 left-column right-indent aligned-line shorter-tail headchar-lower tailchar-period
B-Body	Recent efforts are reported for several language	page=0 xpos=0 ypos=8 left-column left-indent indented-line longer-tail headchar-capital
I-Body	pairs, such as English/Chinese (Meng et al., 2001;	page=0 xpos=0 ypos=8 left-column full-justified hanged-line year headchar-lower tailchar-semicolon
I-Body	Virga et al., 2003; Lee et al., 2003; Gao et al.,	page=0 xpos=0 ypos=9 left-column full-justified aligned-line year headchar-capital tailchar-comma
I-Body	2004; Guo et al., 2004), English/Japanese (Knight	page=0 xpos=0 ypos=9 left-column full-justified aligned-line year
I-Body	et al., 1998; Brill et al., 2001; Bilac et al., 2004),	page=0 xpos=0 ypos=9 left-column full-justified aligned-line year headchar-lower tailchar-comma above-blank-line above-double-space above-line-space
B-Footnote	<sup>1</sup> Pinyin is the standard Romanization of Chinese.	page=0 xpos=0 ypos=9 left-column left-indent right-indent font-smaller indented-line shorter-tail line-blank-line line-double-space line-space headchar-super tailchar-period column-bottom
I-Body	English/Korean (Oh et al., 2002; Sung et al.,	page=0 xpos=5 ypos=1 right-column full-justified column-top year headchar-capital tailchar-comma
I-Body	2000), and English/Arabic (Yaser et al., 2002).	page=0 xpos=5 ypos=1 right-column full-justified aligned-line year tailchar-period
I-Body	Most of the reported works utilize a phonetic clue	page=0 xpos=5 ypos=1 right-column full-justified aligned-line headchar-capital
I-Body	to resolve the transliteration through a multiple	page=0 xpos=5 ypos=2 right-column full-justified aligned-line headchar-lower
I-Body	step phonemic mapping where algorithms, such as	page=0 xpos=5 ypos=2 right-column full-justified aligned-line headchar-lower
I-Body	dictionary lookup, rule-based and machine	page=0 xpos=5 ypos=2 right-column full-justified aligned-line headchar-lower
I-Body	learning-based approaches, have been well	page=0 xpos=5 ypos=2 right-column full-justified aligned-line headchar-lower
E-Body	explored.	page=0 xpos=5 ypos=2 right-column right-indent aligned-line shorter-tail headchar-lower tailchar-period
B-Body	In this paper, we will discuss the limitation of	page=0 xpos=5 ypos=3 right-column left-indent indented-line longer-tail headchar-capital
I-Body	the previous works and present a novel framework	page=0 xpos=5 ypos=3 right-column full-justified hanged-line headchar-lower
I-Body	for machine transliteration. The new framework	page=0 xpos=5 ypos=3 right-column full-justified aligned-line headchar-lower
I-Body	carries out the transliteration by direct	page=0 xpos=5 ypos=3 right-column full-justified aligned-line headchar-lower
I-Body	orthographical mapping (DOM) without any	page=0 xpos=5 ypos=3 right-column full-justified aligned-line headchar-lower
I-Body	intermediate phonemic mapping. Under this	page=0 xpos=5 ypos=3 right-column full-justified aligned-line headchar-lower
I-Body	framework, we further propose a joint source-	page=0 xpos=5 ypos=4 right-column full-justified aligned-line headchar-lower tailchar-hiphen
I-Body	channel transliteration mode (n-gram TM) as an	page=0 xpos=5 ypos=4 right-column full-justified aligned-line headchar-lower
I-Body	alternative machine learning-based approach to	page=0 xpos=5 ypos=4 right-column full-justified aligned-line headchar-lower
I-Body	model the source-target word orthographic	page=0 xpos=5 ypos=4 right-column full-justified aligned-line headchar-lower
I-Body	association. Without the loss of generality, we	page=0 xpos=5 ypos=4 right-column full-justified aligned-line headchar-lower
I-Body	evaluate the performance of the proposed method	page=0 xpos=5 ypos=4 right-column full-justified aligned-line headchar-lower
I-Body	for English/Chinese and English/Japanese pairs.	page=0 xpos=5 ypos=5 right-column full-justified aligned-line headchar-lower tailchar-period
I-Body	An experiment that compares the proposed method	page=0 xpos=5 ypos=5 right-column full-justified aligned-line headchar-capital
I-Body	with several state-of-art approaches is also	page=0 xpos=5 ypos=5 right-column full-justified aligned-line headchar-lower
I-Body	presented. The results reveal that our method	page=0 xpos=5 ypos=5 right-column full-justified aligned-line headchar-lower
E-Body	outperforms other previous methods significantly.	page=0 xpos=5 ypos=5 right-column right-indent aligned-line shorter-tail headchar-lower tailchar-period
B-Body	The reminder of the paper is organized as	page=0 xpos=5 ypos=6 right-column left-indent indented-line longer-tail headchar-capital
I-Body	follows. Section 2 reviews the previous work. In	page=0 xpos=5 ypos=6 right-column full-justified hanged-line headchar-lower
I-Body	section 3, the DOM framework and n-gram TM	page=0 xpos=5 ypos=6 right-column full-justified aligned-line headchar-lower
I-Body	model are formulated. Section 4 describes the	page=0 xpos=5 ypos=6 right-column full-justified aligned-line headchar-lower
I-Body	evaluation results and compares our method with	page=0 xpos=5 ypos=6 right-column full-justified aligned-line headchar-lower
I-Body	other reported work. Finally, we conclude the	page=0 xpos=5 ypos=6 right-column full-justified aligned-line headchar-lower
E-Body	study with some discussions.	page=0 xpos=5 ypos=7 right-column right-indent aligned-line shorter-tail headchar-lower tailchar-period above-double-space above-line-space
B-SectionHeader	2 Previous Work	page=0 xpos=5 ypos=7 right-column right-indent aligned-line shorter-tail line-double-space line-space numbered-heading1 above-double-space above-line-space
B-Body	The topic of machine transliteration has been	page=0 xpos=5 ypos=7 right-column left-indent indented-line longer-tail line-double-space line-space headchar-capital
I-Body	studied extensively for several different language	page=0 xpos=5 ypos=7 right-column full-justified hanged-line headchar-lower
I-Body	pairs, and many techniques have been proposed.	page=0 xpos=5 ypos=8 right-column full-justified aligned-line headchar-lower tailchar-period
I-Body	To better understand the nature of the problem, we	page=0 xpos=5 ypos=8 right-column full-justified aligned-line headchar-capital
I-Body	review the previous work from two different	page=0 xpos=5 ypos=8 right-column full-justified aligned-line headchar-lower
I-Body	viewpoints: the transliteration framework and the	page=0 xpos=5 ypos=8 right-column full-justified aligned-line headchar-lower
I-Body	transliteration model. The transliteration model is	page=0 xpos=5 ypos=8 right-column full-justified aligned-line headchar-lower
I-Body	built to capture the knowledge of bilingual	page=0 xpos=5 ypos=8 right-column full-justified aligned-line headchar-lower
I-Body	phonetic association and subsequently is applied to	page=0 xpos=5 ypos=9 right-column full-justified aligned-line headchar-lower
E-Body	the transliteration process.	page=0 xpos=5 ypos=9 right-column right-indent aligned-line shorter-tail headchar-lower tailchar-period page-bottom
B-SubsectionHeader	2.1 Transliteration Framework	page=1 xpos=0 ypos=0 left-column right-indent page-top numbered-heading2 above-double-space above-line-space
B-Body	The phoneme-based approach has received	page=1 xpos=0 ypos=0 left-column left-indent indented-line longer-tail line-double-space line-space headchar-capital
I-Body	remarkable attention in the previous works (Meng	page=1 xpos=0 ypos=0 left-column full-justified hanged-line headchar-lower
I-Body	et al., 2001; Virga et al., 2003; Knight et al., 1998;	page=1 xpos=0 ypos=0 left-column full-justified aligned-line year headchar-lower tailchar-semicolon
I-Body	Oh et al., 2002; Sung et al., 2000; Yaser et al.,	page=1 xpos=0 ypos=0 left-column full-justified aligned-line year headchar-capital tailchar-comma
I-Body	2002; Lee et al., 2003). In general, this approach	page=1 xpos=0 ypos=0 left-column full-justified aligned-line year
I-Body	includes the following three intermediate	page=1 xpos=0 ypos=1 left-column full-justified aligned-line headchar-lower
I-Body	phonemic/orthographical mapping steps:	page=1 xpos=0 ypos=1 left-column right-indent aligned-line shorter-tail headchar-lower tailchar-colon
B-Listitem	1) Conversion of a source language word into	page=1 xpos=0 ypos=1 left-column left-indent indented-line longer-tail
I-Listitem	its phonemic representation (grapheme-to-	page=1 xpos=0 ypos=1 left-column left-indent indented-line headchar-lower tailchar-hiphen
I-Listitem	phoneme conversion, or G2P);	page=1 xpos=0 ypos=1 left-column left-indent right-indent aligned-line shorter-tail headchar-lower tailchar-semicolon
B-Listitem	2) Transformation of the source language	page=1 xpos=0 ypos=1 left-column left-indent hanged-line longer-tail
I-Listitem	phonemic representation to the target	page=1 xpos=0 ypos=2 left-column left-indent indented-line headchar-lower
I-Listitem	language phonemic representation;	page=1 xpos=0 ypos=2 left-column left-indent right-indent aligned-line shorter-tail headchar-lower tailchar-semicolon
B-Listitem	3) Generation of target language orthography	page=1 xpos=0 ypos=2 left-column left-indent hanged-line longer-tail
I-Listitem	from its phonemic representation (phoneme-	page=1 xpos=0 ypos=2 left-column left-indent indented-line headchar-lower tailchar-hiphen
I-Listitem	to-grapheme conversion, or P2G).	page=1 xpos=0 ypos=2 left-column left-indent right-indent aligned-line shorter-tail headchar-lower tailchar-period
B-Body	To achieve phonetic equivalent transliteration,	page=1 xpos=0 ypos=3 left-column left-indent hanged-line longer-tail headchar-capital tailchar-comma
I-Body	phoneme-based approach has become the most	page=1 xpos=0 ypos=3 left-column full-justified hanged-line headchar-lower
I-Body	popular approach. However, the success of	page=1 xpos=0 ypos=3 left-column full-justified aligned-line headchar-lower
I-Body	phoneme-based approach is limited by the	page=1 xpos=0 ypos=3 left-column full-justified aligned-line headchar-lower
I-Body	following constraints:	page=1 xpos=0 ypos=3 left-column right-indent aligned-line shorter-tail headchar-lower tailchar-colon
B-Listitem	1) Grapheme-to-phoneme conversion,	page=1 xpos=0 ypos=3 left-column left-indent indented-line longer-tail tailchar-comma
I-Listitem	originated from text-to-speech (TTS)	page=1 xpos=0 ypos=4 left-column left-indent indented-line headchar-lower
I-Listitem	research, is far from perfect (The	page=1 xpos=0 ypos=4 left-column left-indent aligned-line headchar-lower
I-Listitem	Onomastica Consortium, 1995), especially	page=1 xpos=0 ypos=4 left-column left-indent aligned-line year headchar-capital
I-Listitem	for the name of different language origins.	page=1 xpos=0 ypos=4 left-column left-indent right-indent aligned-line shorter-tail headchar-lower tailchar-period
B-Listitem	2) Cross-lingual phonemic mapping presents a	page=1 xpos=0 ypos=4 left-column left-indent hanged-line longer-tail
I-Listitem	great challenge due to phonemic divergence	page=1 xpos=0 ypos=4 left-column left-indent indented-line headchar-lower
I-Listitem	between some language pairs, such as	page=1 xpos=0 ypos=5 left-column left-indent aligned-line headchar-lower
I-Listitem	Chinese/English, Japanese/English (Wan	page=1 xpos=0 ypos=5 left-column left-indent aligned-line headchar-capital
I-Listitem	and Verspoor, 1998; Meng et al., 2001).	page=1 xpos=0 ypos=5 left-column left-indent right-indent aligned-line shorter-tail year headchar-lower tailchar-period
B-Listitem	3) The conversion of phoneme-to-grapheme	page=1 xpos=0 ypos=5 left-column left-indent hanged-line longer-tail
I-Listitem	introduces yet another level of imprecision,	page=1 xpos=0 ypos=5 left-column left-indent indented-line headchar-lower tailchar-comma
I-Listitem	esp. for the ideographic language, such as	page=1 xpos=0 ypos=6 left-column left-indent aligned-line headchar-lower
I-Listitem	Chinese. Virga and Khudanpur (2003)	page=1 xpos=0 ypos=6 left-column left-indent aligned-line year headchar-capital
I-Listitem	reported 8.3% absolute accuracy drops when	page=1 xpos=0 ypos=6 left-column left-indent aligned-line headchar-lower
I-Listitem	converting from Pinyin to Chinese character.	page=1 xpos=0 ypos=6 left-column left-indent right-indent aligned-line headchar-lower tailchar-period
B-Body	The three error-prone steps as stated above lead	page=1 xpos=0 ypos=6 left-column left-indent hanged-line headchar-capital
I-Body	to an inferior overall system performance. The	page=1 xpos=0 ypos=6 left-column full-justified hanged-line headchar-lower
I-Body	complication of multiple steps and introduction of	page=1 xpos=0 ypos=7 left-column full-justified aligned-line headchar-lower
I-Body	intermediate phonemes also incur high cost in	page=1 xpos=0 ypos=7 left-column full-justified aligned-line headchar-lower
I-Body	system development when moving from one	page=1 xpos=0 ypos=7 left-column full-justified aligned-line headchar-lower
I-Body	language pair to another, because we have to work	page=1 xpos=0 ypos=7 left-column full-justified aligned-line headchar-lower
E-Body	on language specific ad-hoc phonic rules.	page=1 xpos=0 ypos=7 left-column right-indent aligned-line shorter-tail headchar-lower tailchar-period above-double-space above-line-space
B-SubsectionHeader	2.2 Transliteration Model	page=1 xpos=0 ypos=8 left-column right-indent aligned-line shorter-tail line-double-space line-space numbered-heading2 above-double-space above-line-space
B-Body	Transliteration model is a knowledge base to	page=1 xpos=0 ypos=8 left-column left-indent indented-line longer-tail line-double-space line-space headchar-capital
I-Body	support the execution of transliteration strategy. To	page=1 xpos=0 ypos=8 left-column full-justified hanged-line headchar-lower
I-Body	build the knowledge base, machine learning or	page=1 xpos=0 ypos=8 left-column full-justified aligned-line headchar-lower
I-Body	rule-based algorithms are adopted in phoneme-	page=1 xpos=0 ypos=8 left-column full-justified aligned-line headchar-lower tailchar-hiphen
I-Body	based approach. For instance, noisy-channel model	page=1 xpos=0 ypos=8 left-column full-justified aligned-line headchar-lower
I-Body	(NCM) (Virga et al., 2003; Lee et al., 2003),	page=1 xpos=0 ypos=9 left-column full-justified aligned-line year tailchar-comma
I-Body	HMM (Sung et al., 2000), decision tree (Kang et	page=1 xpos=0 ypos=9 left-column full-justified aligned-line year headchar-capital
I-Body	al., 2000), transformation-based learning (Meng et	page=1 xpos=0 ypos=9 left-column full-justified aligned-line year headchar-lower
I-Body	al., 2001), statistical machine transliteration model	page=1 xpos=0 ypos=9 left-column full-justified aligned-line year headchar-lower
I-Body	(Lee et al., 2003), finite state transducers (Knight	page=1 xpos=0 ypos=9 left-column full-justified aligned-line year column-bottom
I-Body	et al., 1998) and rule-based approach (Wan et al.,	page=1 xpos=5 ypos=0 right-column full-justified column-top year headchar-lower tailchar-comma
I-Body	1998; Oh et al., 2002). It is observed that the	page=1 xpos=5 ypos=0 right-column full-justified aligned-line year
I-Body	reported transliteration models share a common	page=1 xpos=5 ypos=0 right-column full-justified aligned-line headchar-lower
I-Body	strategy, that is:	page=1 xpos=5 ypos=0 right-column right-indent aligned-line shorter-tail headchar-lower tailchar-colon
B-Listitem	1) To model the transformation rules;	page=1 xpos=5 ypos=0 right-column left-indent right-indent indented-line longer-tail tailchar-semicolon
B-Listitem	2) To model the target language;	page=1 xpos=5 ypos=0 right-column left-indent right-indent aligned-line shorter-tail tailchar-semicolon
B-Listitem	3) To model the above both;	page=1 xpos=5 ypos=1 right-column left-indent right-indent aligned-line shorter-tail tailchar-semicolon
B-Body	However, the modeling of different knowledge	page=1 xpos=5 ypos=1 right-column left-indent hanged-line longer-tail headchar-capital
I-Body	is always done independently. For example, NCM	page=1 xpos=5 ypos=1 right-column full-justified hanged-line headchar-lower
I-Body	and HMM (Virga et al., 2003; Lee et al., 2003;	page=1 xpos=5 ypos=1 right-column full-justified aligned-line year headchar-lower tailchar-semicolon
I-Body	Sung et al., 2000) model the transformation	page=1 xpos=5 ypos=1 right-column full-justified aligned-line year headchar-capital
I-Body	mapping rules and the target language separately;	page=1 xpos=5 ypos=1 right-column full-justified aligned-line headchar-lower tailchar-semicolon
I-Body	decision tree (Kang et al., 2000), transformation-	page=1 xpos=5 ypos=2 right-column full-justified aligned-line year headchar-lower tailchar-hiphen
I-Body	based learning (Meng et al., 2001), finite state	page=1 xpos=5 ypos=2 right-column full-justified aligned-line year headchar-lower
I-Body	transducers (Knight et al., 1998) and statistical	page=1 xpos=5 ypos=2 right-column full-justified aligned-line year headchar-lower
I-Body	machine transliteration model (Lee et al., 2003)	page=1 xpos=5 ypos=2 right-column full-justified aligned-line year headchar-lower
E-Body	only model the transformation rules.	page=1 xpos=5 ypos=2 right-column right-indent aligned-line shorter-tail headchar-lower tailchar-period above-double-space above-line-space
B-SectionHeader	3 Direct Orthographical Mapping	page=1 xpos=5 ypos=3 right-column right-indent aligned-line longer-tail line-double-space line-space numbered-heading1 above-double-space above-line-space
B-Body	To overcome the limitation of phoneme-based	page=1 xpos=5 ypos=3 right-column left-indent indented-line longer-tail line-double-space line-space headchar-capital
I-Body	approach, we propose a unified framework for	page=1 xpos=5 ypos=3 right-column full-justified hanged-line headchar-lower
I-Body	machine transliteration, direct orthographical	page=1 xpos=5 ypos=3 right-column full-justified aligned-line headchar-lower
I-Body	mapping (DOM). The DOM framework tries to	page=1 xpos=5 ypos=3 right-column full-justified aligned-line headchar-lower
I-Body	model phonetic equivalent association by fully	page=1 xpos=5 ypos=4 right-column full-justified aligned-line headchar-lower
I-Body	exploring the orthographical contextual	page=1 xpos=5 ypos=4 right-column full-justified aligned-line headchar-lower
I-Body	information and the orthographical mapping.	page=1 xpos=5 ypos=4 right-column full-justified aligned-line headchar-lower tailchar-period
I-Body	Under the DOM framework, we propose a joint	page=1 xpos=5 ypos=4 right-column full-justified aligned-line headchar-capital
I-Body	source-channel transliteration model (n-gram TM)	page=1 xpos=5 ypos=4 right-column full-justified aligned-line headchar-lower
I-Body	to capture the source-target word orthographical	page=1 xpos=5 ypos=4 right-column full-justified aligned-line headchar-lower
I-Body	mapping relation and the contextual information.	page=1 xpos=5 ypos=5 right-column full-justified aligned-line headchar-lower tailchar-period
I-Body	Unlike the noisy-channel model, the joint source-	page=1 xpos=5 ypos=5 right-column full-justified aligned-line headchar-capital tailchar-hiphen
I-Body	channel model does not try to capture how the	page=1 xpos=5 ypos=5 right-column full-justified aligned-line headchar-lower
I-Body	source names can be mapped to the target names,	page=1 xpos=5 ypos=5 right-column full-justified aligned-line headchar-lower tailchar-comma
I-Body	but rather how both source and target names can be	page=1 xpos=5 ypos=5 right-column full-justified aligned-line headchar-lower
E-Body	generated simultaneously.	page=1 xpos=5 ypos=5 right-column right-indent aligned-line shorter-tail headchar-lower tailchar-period
B-Body	The proposed framework is applicable to all	page=1 xpos=5 ypos=6 right-column left-indent indented-line longer-tail headchar-capital
I-Body	language pairs. For simplicity, in this section, we	page=1 xpos=5 ypos=6 right-column full-justified hanged-line headchar-lower
I-Body	take English/Chinese pair as example in the	page=1 xpos=5 ypos=6 right-column full-justified aligned-line headchar-lower
I-Body	formulation, where E2C refers to English to	page=1 xpos=5 ypos=6 right-column full-justified aligned-line headchar-lower
I-Body	Chinese transliteration and C2E refers to Chinese	page=1 xpos=5 ypos=6 right-column full-justified aligned-line headchar-capital
E-Body	to English back-transliteration.	page=1 xpos=5 ypos=7 right-column right-indent aligned-line shorter-tail headchar-lower tailchar-period above-double-space above-line-space
B-SubsectionHeader	3.1 Transliteration Pair and Alignment	page=1 xpos=5 ypos=7 right-column right-indent aligned-line longer-tail line-double-space line-space numbered-heading2 above-double-space above-line-space
B-Body	Suppose that we have an English name	page=1 xpos=5 ypos=7 right-column left-indent indented-line longer-tail line-double-space line-space headchar-capital
I-Body	α = x <sub>1</sub> ... x i ... x m and a Chinese transliteration	page=1 xpos=5 ypos=7 right-column centered left-indent font-largest hanged-line
I-Body	β = y <sub>1</sub> ... y i ... y n where x i are English letters and	page=1 xpos=5 ypos=7 right-column left-indent font-largest
I-Body	y <sub>j</sub> are Chinese characters. The English name α	page=1 xpos=5 ypos=8 right-column centered left-indent right-indent font-largest itemization headchar-lower
I-Body	and its Chinese Transliteration β can be	page=1 xpos=5 ypos=8 right-column full-justified font-largest longer-tail headchar-lower above-line-space
I-Body	segmented into a series of substrings:	page=1 xpos=5 ypos=8 right-column full-justified aligned-line line-space headchar-lower tailchar-colon
I-Body	α = e <sub>1</sub> e 2 ... e <sub>K</sub> and β = c 1 c 2 ... c K ( k < min( m , n ) ).	page=1 xpos=5 ypos=8 right-column centered left-indent font-largest tailchar-period above-line-space
I-Body	We call the substring as transliteration unit and	page=1 xpos=5 ypos=9 right-column full-justified line-space headchar-capital above-line-space
I-Body	each English transliteration unit e <sub>i</sub> is aligned with	page=1 xpos=5 ypos=9 right-column full-justified font-largest aligned-line line-space headchar-lower above-line-space
I-Body	a corresponding Chinese transliteration unit c <sub>i</sub> to	page=1 xpos=5 ypos=9 right-column full-justified font-largest aligned-line line-space itemization headchar-lower page-bottom
I-Body	form a transliteration pair. An alignment between	page=2 xpos=0 ypos=0 left-column full-justified page-top headchar-lower
I-Body	α and β is defined as γ with	page=2 xpos=0 ypos=0 left-column left-indent right-indent font-largest shorter-tail above-line-space
I-Body	< e , c > <sub>1</sub> =< e 1 , c 1 >	page=2 xpos=0 ypos=0 left-column left-indent right-indent font-largest indented-line shorter-tail line-space above-line-space
I-Body	< e , c > <sub>2</sub> =< e 2 , c 2 > …	page=2 xpos=0 ypos=0 left-column left-indent right-indent font-largest aligned-line longer-tail line-space above-line-space
I-Body	and < e , c > <sub>K</sub> =< e K , c K > . A transliteration pair	page=2 xpos=0 ypos=0 left-column full-justified font-largest hanged-line longer-tail line-space headchar-lower above-line-space
I-Body	< e , c > <sub>i</sub> represents a two-way mapping between	page=2 xpos=0 ypos=1 left-column left-indent font-largest line-space above-line-space
I-Body	e <sub>i</sub> and c i . A unit could be a Chinese character or	page=2 xpos=0 ypos=1 left-column left-indent font-largest aligned-line line-space itemization headchar-lower above-line-space
I-Body	a monograph, a digraph or a trigraph and so on for	page=2 xpos=0 ypos=1 left-column full-justified line-space itemization headchar-lower above-line-space
I-Body	English. For example, “阿|a 布|b 鲁|ru 佐|zzo” is	page=2 xpos=0 ypos=1 left-column full-justified aligned-line line-space headchar-capital above-line-space
I-Body	one alignment of Chinese-English word pair “阿	page=2 xpos=0 ypos=2 left-column full-justified aligned-line line-space headchar-lower above-line-space
E-Body	布鲁佐” and “abruzzo”.	page=2 xpos=0 ypos=2 left-column right-indent aligned-line shorter-tail line-space tailchar-period above-double-space above-line-space
B-SubsectionHeader	3.2 DOM Transliteration Framework	page=2 xpos=0 ypos=2 left-column right-indent aligned-line longer-tail line-double-space line-space numbered-heading2 above-double-space above-line-space
B-Body	By the definition of α , β and γ , the E2C	page=2 xpos=0 ypos=2 left-column left-indent font-largest indented-line longer-tail line-double-space line-space headchar-capital above-line-space
I-Body	transliteration can be formulated as	page=2 xpos=0 ypos=2 left-column right-indent hanged-line shorter-tail line-space headchar-lower above-line-space
B-Equation	β = arg max P ( α , β )	page=2 xpos=0 ypos=3 left-column left-indent right-indent font-largest indented-line shorter-tail line-space
I-Equation	β	page=2 xpos=1 ypos=3 left-column left-indent right-indent font-smallest indented-line shorter-tail
I-Equation	= arg max ∑ P ( α , β , γ )	page=2 xpos=0 ypos=3 left-column left-indent right-indent font-largest hanged-line longer-tail
I-Equation	β γ	page=2 xpos=1 ypos=3 left-column left-indent right-indent font-smallest indented-line shorter-tail
I-Equation	(1)	page=2 xpos=4 ypos=3 left-column left-indent right-indent indented-line longer-tail
I-Equation	≈ arg max ( arg max P ( α , β , γ ))	page=2 xpos=0 ypos=3 left-column left-indent right-indent font-largest hanged-line shorter-tail
I-Equation	β γ	page=2 xpos=1 ypos=4 left-column left-indent right-indent font-smallest indented-line shorter-tail above-line-space
I-Equation	= arg max P ( α , β , γ )	page=2 xpos=0 ypos=4 left-column left-indent right-indent font-largest hanged-line longer-tail line-space
I-Equation	β , γ	page=2 xpos=1 ypos=4 left-column left-indent right-indent font-smallest indented-line shorter-tail above-line-space
B-Body	Similarly the C2E back-transliteration as	page=2 xpos=0 ypos=4 left-column right-indent hanged-line longer-tail line-space headchar-capital above-line-space
B-Equation	α ≈ arg max P ( α , β , γ ) (2)	page=2 xpos=0 ypos=4 left-column left-indent font-largest indented-line longer-tail line-space
I-Equation	α , γ	page=2 xpos=1 ypos=5 left-column left-indent right-indent font-smallest indented-line shorter-tail above-line-space
B-Body	To reduce the computational complexity, in eqn.	page=2 xpos=0 ypos=5 left-column left-indent hanged-line longer-tail line-space headchar-capital tailchar-period
I-Body	(1), common practice is to replace the summation	page=2 xpos=0 ypos=5 left-column full-justified hanged-line
E-Body	with maximization.	page=2 xpos=0 ypos=5 left-column right-indent aligned-line shorter-tail headchar-lower tailchar-period
B-Body	The eqn. (1) and (2) formulate the DOM	page=2 xpos=0 ypos=5 left-column left-indent indented-line longer-tail headchar-capital
I-Body	transliteration framework. P ( α , β , γ ) is the joint	page=2 xpos=0 ypos=5 left-column full-justified font-largest hanged-line headchar-lower
I-Body	probability of α , β and γ , whose definition	page=2 xpos=0 ypos=6 left-column full-justified font-largest aligned-line headchar-lower above-line-space
I-Body	depends on the transliteration model which will be	page=2 xpos=0 ypos=6 left-column full-justified aligned-line line-space headchar-lower
I-Body	discussed in the next two subsections. Unlike the	page=2 xpos=0 ypos=6 left-column full-justified aligned-line headchar-lower
I-Body	phoneme-based approach, DOM does not need to	page=2 xpos=0 ypos=6 left-column full-justified aligned-line headchar-lower
I-Body	explicitly model any phonetic information of either	page=2 xpos=0 ypos=6 left-column full-justified aligned-line headchar-lower
I-Body	source or target language. Assuming sufficient	page=2 xpos=0 ypos=7 left-column full-justified aligned-line headchar-lower
I-Body	training corpus, DOM transliteration framework is	page=2 xpos=0 ypos=7 left-column full-justified aligned-line headchar-lower
I-Body	to capture the phonetic equivalents through	page=2 xpos=0 ypos=7 left-column full-justified aligned-line headchar-lower
I-Body	orthographic mapping or transliteration	page=2 xpos=0 ypos=7 left-column full-justified aligned-line headchar-lower
I-Body	pair < e , c > <sub>i</sub> . By eliminating the potential	page=2 xpos=0 ypos=7 left-column full-justified font-largest aligned-line headchar-lower above-line-space
I-Body	imprecision introduced through a multiple-step	page=2 xpos=0 ypos=8 left-column full-justified aligned-line line-space headchar-lower
I-Body	phonetic mapping in the phoneme-based approach,	page=2 xpos=0 ypos=8 left-column full-justified aligned-line headchar-lower tailchar-comma
I-Body	DOM is expected to outperform. In contrast to	page=2 xpos=0 ypos=8 left-column full-justified aligned-line headchar-capital
I-Body	phoneme-based approach, DOM is purely data-	page=2 xpos=0 ypos=8 left-column full-justified aligned-line headchar-lower tailchar-hiphen
I-Body	driven, therefore can be extended across different	page=2 xpos=0 ypos=8 left-column full-justified aligned-line headchar-lower
E-Body	language pairs easily.	page=2 xpos=0 ypos=8 left-column right-indent aligned-line shorter-tail headchar-lower tailchar-period above-double-space above-line-space
B-SubsectionHeader	3.3 n-gram TM under DOM	page=2 xpos=0 ypos=9 left-column right-indent aligned-line longer-tail line-double-space line-space numbered-heading2 above-double-space above-line-space
B-Body	Given α and β , the joint probability of	page=2 xpos=0 ypos=9 left-column left-indent font-largest indented-line longer-tail line-double-space line-space headchar-capital
I-Body	P ( α , β , γ ) is the probability of alignment γ ,	page=2 xpos=0 ypos=9 left-column left-indent font-largest hanged-line headchar-capital tailchar-comma above-line-space
I-Body	which can be formulated as follows:	page=2 xpos=0 ypos=9 left-column right-indent shorter-tail line-space headchar-lower tailchar-colon column-bottom
B-Equation	P ( α , β , γ ) = P ( α , β | γ ) * P ( γ )	page=2 xpos=5 ypos=0 right-column left-indent right-indent font-largest column-top headchar-capital above-double-space above-line-space
I-Equation	= ∏ <sub>k</sub> <sup>K</sup> <sub>=</sub> 1 P ( < e , c > k | < e , c > 1 k − 1 ) (3)	page=2 xpos=6 ypos=0 right-column left-indent font-largest indented-line longer-tail line-double-space line-space above-line-space
B-Body	In eqn. (3), the transliteration pair is used as the	page=2 xpos=5 ypos=0 right-column left-indent hanged-line line-space headchar-capital
I-Body	token to derive n-gram statistics, so we call the	page=2 xpos=5 ypos=0 right-column full-justified hanged-line headchar-lower
E-Body	model as n-gram TM transliteration model.	page=2 xpos=5 ypos=1 right-column right-indent aligned-line shorter-tail headchar-lower tailchar-period above-double-space above-line-space
Figure	__Figure 1__	page=2 xpos=5 ypos=1 right-column left-indent right-indent box indented-line longer-tail line-double-space line-space figure-area above-double-space above-line-space
B-Caption	Figure 1. System structure of DOM	page=2 xpos=6 ypos=4 right-column left-indent right-indent indented-line shorter-tail line-double-space line-space string-figure headchar-capital above-double-space above-line-space
B-Body	The above block diagram illustrates typical	page=2 xpos=5 ypos=4 right-column left-indent hanged-line longer-tail line-double-space line-space headchar-capital
I-Body	system structure of DOM. The training of n-gram	page=2 xpos=5 ypos=4 right-column full-justified hanged-line headchar-lower
I-Body	TM model is discussed in section 3.5. Given a	page=2 xpos=5 ypos=4 right-column full-justified aligned-line headchar-capital
I-Body	language pair, the bidirectional transliterations can	page=2 xpos=5 ypos=4 right-column full-justified aligned-line headchar-lower
I-Body	be achieved with the same n-gram TM and using	page=2 xpos=5 ypos=5 right-column full-justified aligned-line headchar-lower
E-Body	the same decoder.	page=2 xpos=5 ypos=5 right-column right-indent aligned-line shorter-tail headchar-lower tailchar-period above-double-space above-line-space
B-SubsectionHeader	3.4 DOM: n-gram TM vs. NCM	page=2 xpos=5 ypos=5 right-column right-indent aligned-line longer-tail line-double-space line-space numbered-heading2 above-double-space above-line-space
B-Body	Noisy-channel model (NCM) has been well	page=2 xpos=5 ypos=5 right-column left-indent indented-line longer-tail line-double-space line-space headchar-capital
I-Body	studied in the phoneme-based approach. Let’s take	page=2 xpos=5 ypos=5 right-column full-justified hanged-line headchar-lower
I-Body	E2C as an example to look into a bigram case to	page=2 xpos=5 ypos=6 right-column full-justified aligned-line headchar-capital
I-Body	see what n-gram TM and NCM present to us under	page=2 xpos=5 ypos=6 right-column full-justified aligned-line headchar-lower
I-Body	DOM. We have	page=2 xpos=5 ypos=6 right-column right-indent aligned-line shorter-tail headchar-capital
B-Equation	P ( α , β , γ ) = P ( α , γ | β ) * P ( β )	page=2 xpos=5 ypos=6 right-column left-indent right-indent font-largest longer-tail headchar-capital above-double-space above-line-space
I-Equation	≈ ∏ <sub>k</sub> <sup>K</sup> <sub>=</sub> 1 P ( e k | c k ) * P ( c k | c k − 1 )	page=2 xpos=6 ypos=6 right-column left-indent right-indent font-largest indented-line longer-tail line-double-space line-space
I-Equation	(4)	page=2 xpos=9 ypos=6 right-column left-indent right-indent indented-line longer-tail above-blank-line above-double-space above-line-space
B-Equation	P ( α , β , γ ) = P ( α , β | γ ) * P ( γ )	page=2 xpos=5 ypos=7 right-column left-indent right-indent font-largest hanged-line shorter-tail line-blank-line line-double-space line-space headchar-capital above-double-space above-line-space
I-Equation	≈ ∏ <sub>k</sub> <sup>K</sup> <sub>=</sub> 1 P ( < e , c > k | < e , c > k − 1 )	page=2 xpos=6 ypos=7 right-column left-indent right-indent font-largest indented-line longer-tail line-double-space line-space
I-Equation	(5)	page=2 xpos=9 ypos=7 right-column left-indent right-indent indented-line longer-tail above-blank-line above-double-space above-line-space
I-Body	where eqn. (4) and (5) are the bigram version of	page=2 xpos=5 ypos=8 right-column full-justified hanged-line line-blank-line line-double-space line-space headchar-lower
I-Body	NCM and n-gram TM under DOM, respectively.	page=2 xpos=5 ypos=8 right-column full-justified aligned-line headchar-capital tailchar-period
I-Body	The formulation of eqn. (4) could be interpreted as	page=2 xpos=5 ypos=8 right-column full-justified aligned-line headchar-capital
I-Body	a HMM that has Chinese units as its hidden states	page=2 xpos=5 ypos=8 right-column full-justified aligned-line itemization headchar-lower
I-Body	and English transliteration units as the observations	page=2 xpos=5 ypos=8 right-column full-justified aligned-line headchar-lower
I-Body	(Rabiner, 1989). Indeed, NCM consists of two	page=2 xpos=5 ypos=8 right-column full-justified aligned-line year
I-Body	models; one is the channel model or transliteration	page=2 xpos=5 ypos=9 right-column full-justified aligned-line headchar-lower above-line-space
I-Body	model, ∏ <sub>k</sub> <sup>K</sup> <sub>=</sub> 1 P ( e k | c k ) , which tries to estimate the	page=2 xpos=5 ypos=9 right-column full-justified font-largest aligned-line line-space headchar-lower
I-Body	mapping probability between the two units;	page=2 xpos=5 ypos=9 right-column full-justified aligned-line headchar-lower tailchar-semicolon page-bottom
I-Body	another is the source model or language model,	page=3 xpos=0 ypos=0 left-column full-justified page-top headchar-lower tailchar-comma above-line-space
I-Body	∏ <sub>k</sub> <sup>K</sup> <sub>=</sub> 1 P ( c k | c k − 1 ) , which tries to estimate the	page=3 xpos=0 ypos=0 left-column centered left-indent font-largest line-space
I-Body	generative probability of the Chinese name, given	page=3 xpos=0 ypos=0 left-column full-justified headchar-lower
I-Body	the sequence of Chinese transliteration units.	page=3 xpos=0 ypos=0 left-column full-justified aligned-line headchar-lower tailchar-period
I-Body	Unlike NCM, n-gram TM model does not try to	page=3 xpos=0 ypos=0 left-column full-justified aligned-line headchar-capital
I-Body	capture how source names can be mapped into	page=3 xpos=0 ypos=1 left-column full-justified aligned-line headchar-lower
I-Body	target names, but rather how source and target	page=3 xpos=0 ypos=1 left-column full-justified aligned-line headchar-lower
E-Body	names can be generated simultaneously.	page=3 xpos=0 ypos=1 left-column right-indent aligned-line shorter-tail headchar-lower tailchar-period
B-Body	We can also study the two models from the	page=3 xpos=0 ypos=1 left-column left-indent indented-line longer-tail headchar-capital
I-Body	contextual information usage viewpoint. One finds	page=3 xpos=0 ypos=1 left-column full-justified hanged-line headchar-lower
E-Body	that eqn. (4) can be approximated by eqn. (5).	page=3 xpos=0 ypos=2 left-column right-indent aligned-line shorter-tail headchar-lower tailchar-period
B-Equation	P ( < e , c > <sub>k</sub> | < e , c > k <sub>−</sub> 1 )	page=3 xpos=0 ypos=2 left-column left-indent right-indent font-largest shorter-tail headchar-capital above-line-space
I-Equation	= P ( e <sub>k</sub> | c k , < e , c > k <sub>−</sub> 1 ) * P ( c k | < e , c > k − 1 ) (6)	page=3 xpos=0 ypos=2 left-column left-indent right-indent font-largest indented-line longer-tail line-space above-line-space
I-Equation	≈ P ( e <sub>k</sub> | c k ) * P ( c k | c k <sub>−</sub> 1 )	page=3 xpos=0 ypos=2 left-column left-indent right-indent font-largest aligned-line shorter-tail line-space above-line-space
B-Body	Eqn. (6) shows us that the context information	page=3 xpos=0 ypos=2 left-column left-indent hanged-line longer-tail line-space headchar-capital
I-Body	< e , c > <sub>k</sub> <sub>−</sub> 1 and e k − 1 are absent in the channel	page=3 xpos=0 ypos=3 left-column left-indent font-largest hanged-line above-line-space
I-Body	model and source model of NCM, respectively. In	page=3 xpos=0 ypos=3 left-column full-justified line-space headchar-lower
I-Body	this way, one could argue that n-gram TM model	page=3 xpos=0 ypos=3 left-column full-justified aligned-line headchar-lower
I-Body	captures more context information than traditional	page=3 xpos=0 ypos=3 left-column full-justified aligned-line headchar-lower
I-Body	NCM model. With adequate and sufficient training	page=3 xpos=0 ypos=3 left-column full-justified aligned-line headchar-capital
I-Body	data, n-gram TM is expected to outperform NCM	page=3 xpos=0 ypos=4 left-column full-justified aligned-line headchar-lower
E-Body	in the decoding.	page=3 xpos=0 ypos=4 left-column right-indent aligned-line shorter-tail headchar-lower tailchar-period above-double-space above-line-space
B-SubsectionHeader	3.5 Transliteration Alignment Training	page=3 xpos=0 ypos=4 left-column right-indent aligned-line longer-tail line-double-space line-space numbered-heading2 above-double-space above-line-space
B-Body	For the n-gram TM model training, the bilingual	page=3 xpos=0 ypos=4 left-column left-indent indented-line longer-tail line-double-space line-space headchar-capital
I-Body	name corpus needs to be aligned firstly at the	page=3 xpos=0 ypos=4 left-column full-justified hanged-line headchar-lower
I-Body	transliteration unit level. The maximum likelihood	page=3 xpos=0 ypos=5 left-column full-justified aligned-line headchar-lower
I-Body	approach, through EM algorithm (Dempster et al.,	page=3 xpos=0 ypos=5 left-column full-justified aligned-line headchar-lower tailchar-comma
E-Body	1977) is employed to infer such an alignment.	page=3 xpos=0 ypos=5 left-column right-indent aligned-line shorter-tail year tailchar-period
B-Body	The aligning process is different from that of	page=3 xpos=0 ypos=5 left-column left-indent indented-line longer-tail headchar-capital
I-Body	transliteration given in eqn. (1) or (2), here we	page=3 xpos=0 ypos=5 left-column full-justified hanged-line headchar-lower
I-Body	have a fixed bilingual entries, α and β . The	page=3 xpos=0 ypos=5 left-column full-justified font-largest aligned-line headchar-lower above-line-space
I-Body	aligning process is just to find the alignment	page=3 xpos=0 ypos=6 left-column full-justified aligned-line line-space headchar-lower above-line-space
I-Body	segmentation γ between the two strings that	page=3 xpos=0 ypos=6 left-column full-justified font-largest aligned-line line-space headchar-lower above-line-space
I-Body	maximizes the joint probability:	page=3 xpos=0 ypos=6 left-column right-indent aligned-line shorter-tail line-space headchar-lower tailchar-colon above-line-space
B-Equation	γ = arg max P ( α , β , γ ) (7)	page=3 xpos=0 ypos=6 left-column left-indent font-largest indented-line longer-tail line-space
I-Equation	γ	page=3 xpos=1 ypos=6 left-column left-indent right-indent font-smallest indented-line shorter-tail above-line-space
B-Body	Kneser-Ney smoothing algorithm (Chen et al.,	page=3 xpos=0 ypos=7 left-column left-indent hanged-line longer-tail line-space headchar-capital tailchar-comma
I-Body	1998) is applied to smooth the probability	page=3 xpos=0 ypos=7 left-column full-justified hanged-line year
I-Body	distribution. NCM model training is carried out in	page=3 xpos=0 ypos=7 left-column full-justified aligned-line headchar-lower
I-Body	the similar way to n-gram TM. The difference	page=3 xpos=0 ypos=7 left-column full-justified aligned-line headchar-lower
E-Body	between the two models lies in eqn (4) and (5).	page=3 xpos=0 ypos=7 left-column right-indent aligned-line shorter-tail headchar-lower tailchar-period above-double-space above-line-space
B-SubsectionHeader	3.6 Decoding Issue	page=3 xpos=0 ypos=8 left-column right-indent aligned-line shorter-tail line-double-space line-space numbered-heading2 above-double-space above-line-space
B-Body	The decoder searches for the most probabilistic	page=3 xpos=0 ypos=8 left-column left-indent indented-line longer-tail line-double-space line-space headchar-capital
I-Body	path of transliteration pairs, given the word in	page=3 xpos=0 ypos=8 left-column full-justified hanged-line headchar-lower
I-Body	source language, by resolving different	page=3 xpos=0 ypos=8 left-column full-justified aligned-line headchar-lower
I-Body	combinations of alignments. Rather than Viterbi	page=3 xpos=0 ypos=8 left-column full-justified aligned-line headchar-lower
I-Body	algorithm, we use stack decoder (Schwartz et al.,	page=3 xpos=0 ypos=9 left-column full-justified aligned-line headchar-lower tailchar-comma
I-Body	1990) to get N-best results for further processing or	page=3 xpos=0 ypos=9 left-column full-justified aligned-line year
E-Body	as output for other applications.	page=3 xpos=0 ypos=9 left-column right-indent aligned-line shorter-tail headchar-lower tailchar-period column-bottom
B-SectionHeader	4 The Experiments	page=3 xpos=5 ypos=0 right-column right-indent column-top numbered-heading1 above-double-space above-line-space
B-SubsectionHeader	4.1 Testing Environments	page=3 xpos=5 ypos=0 right-column right-indent aligned-line longer-tail line-double-space line-space numbered-heading2 above-double-space above-line-space
B-Body	We evaluate our method through several	page=3 xpos=5 ypos=0 right-column left-indent indented-line longer-tail line-double-space line-space headchar-capital
I-Body	experiments for two language pairs:	page=3 xpos=5 ypos=0 right-column full-justified hanged-line headchar-lower tailchar-colon
E-Body	English/Chinese and English/Japanese.	page=3 xpos=5 ypos=0 right-column right-indent aligned-line shorter-tail headchar-capital tailchar-period
B-Body	For English/Chinese language pair, we use a	page=3 xpos=5 ypos=1 right-column left-indent indented-line longer-tail headchar-capital
I-Body	database from the bilingual dictionary “Chinese	page=3 xpos=5 ypos=1 right-column full-justified hanged-line headchar-lower
I-Body	Transliteration of Foreign Personal Names”	page=3 xpos=5 ypos=1 right-column full-justified aligned-line headchar-capital
I-Body	(Xinhua, 1992). The database includes a collection	page=3 xpos=5 ypos=1 right-column full-justified aligned-line year
I-Body	of 37,694 unique English entries and their official	page=3 xpos=5 ypos=1 right-column full-justified aligned-line headchar-lower
I-Body	Chinese transliteration. The listing includes	page=3 xpos=5 ypos=1 right-column full-justified aligned-line headchar-capital
I-Body	personal names of English, French, and many other	page=3 xpos=5 ypos=2 right-column full-justified aligned-line headchar-lower
I-Body	origins. The following results for this language pair	page=3 xpos=5 ypos=2 right-column full-justified aligned-line headchar-lower
I-Body	are estimated by 13-fold cross validation for more	page=3 xpos=5 ypos=2 right-column full-justified aligned-line headchar-lower
I-Body	accurate. We report two types of error rates: word	page=3 xpos=5 ypos=2 right-column full-justified aligned-line headchar-lower
I-Body	error rate and character error rate. In word error	page=3 xpos=5 ypos=2 right-column full-justified aligned-line headchar-lower
I-Body	rate, a word is considered correct only if an exact	page=3 xpos=5 ypos=2 right-column full-justified aligned-line headchar-lower
I-Body	match happens between transliteration and the	page=3 xpos=5 ypos=3 right-column full-justified aligned-line headchar-lower
I-Body	reference. The character error rate is the sum of	page=3 xpos=5 ypos=3 right-column full-justified aligned-line headchar-lower
I-Body	deletion, insertion and substitution errors. Only the	page=3 xpos=5 ypos=3 right-column full-justified aligned-line headchar-lower
I-Body	top choice in N-best results is used for character	page=3 xpos=5 ypos=3 right-column full-justified aligned-line headchar-lower
E-Body	error rate reporting.	page=3 xpos=5 ypos=3 right-column right-indent aligned-line shorter-tail headchar-lower tailchar-period
B-Body	For English/Japanese language pair, we use the	page=3 xpos=5 ypos=3 right-column left-indent indented-line longer-tail headchar-capital
I-Body	same database as that in the literature (Bilac et al.,	page=3 xpos=5 ypos=4 right-column full-justified hanged-line headchar-lower tailchar-comma
I-Body	2004) 2 . The database includes 7,021 Japanese	page=3 xpos=5 ypos=4 right-column full-justified aligned-line year
I-Body	words in katakana together with their English	page=3 xpos=5 ypos=4 right-column full-justified aligned-line headchar-lower
I-Body	translation extracted from the EDICT dictionary 3 .	page=3 xpos=5 ypos=4 right-column full-justified aligned-line headchar-lower tailchar-period
I-Body	714 tokens of these entries are withheld for	page=3 xpos=5 ypos=4 right-column full-justified aligned-line
I-Body	evaluation. Only word error rate is reported for this	page=3 xpos=5 ypos=5 right-column full-justified aligned-line headchar-lower
E-Body	language pair.	page=3 xpos=5 ypos=5 right-column right-indent aligned-line shorter-tail headchar-lower tailchar-period above-double-space above-line-space
B-SubsectionHeader	4.2 Modeling	page=3 xpos=5 ypos=5 right-column right-indent aligned-line longer-tail line-double-space line-space numbered-heading2 above-double-space above-line-space
B-Body	The alignment is done fully automatically along	page=3 xpos=5 ypos=5 right-column left-indent indented-line longer-tail line-double-space line-space headchar-capital
E-Body	with the n-gram TM training process.	page=3 xpos=5 ypos=5 right-column right-indent hanged-line shorter-tail headchar-lower tailchar-period above-double-space above-line-space
Table	__Table 1__	page=3 xpos=5 ypos=6 right-column left-over right-over box hanged-line longer-tail line-double-space line-space table-area above-double-space above-line-space
B-Caption	Table 1. Modeling statistics (E-C)	page=3 xpos=6 ypos=8 right-column left-indent right-indent indented-line shorter-tail line-double-space line-space string-table headchar-capital above-double-space above-line-space
B-Body	Table 1 reports statistics in the model training	page=3 xpos=5 ypos=8 right-column left-indent hanged-line longer-tail line-double-space line-space string-table headchar-capital
I-Body	for English/Chinese pair, and table 2 is for	page=3 xpos=5 ypos=8 right-column full-justified hanged-line headchar-lower
E-Body	English/Japanese pair.	page=3 xpos=5 ypos=9 right-column right-indent aligned-line shorter-tail headchar-capital tailchar-period above-blank-line above-double-space above-line-space
B-Footnote	<sup>2</sup> We thank Mr. Slaven Bilac for letting us use his	page=3 xpos=5 ypos=9 right-column left-indent font-smaller indented-line longer-tail line-blank-line line-double-space line-space headchar-super
I-Footnote	testing setup as a reference.	page=3 xpos=5 ypos=9 right-column right-indent font-smallest hanged-line shorter-tail headchar-lower tailchar-period above-line-space
B-Footnote	<sup>3</sup> ftp://ftp.cc.monash.edu.au/pub/nihongo/.	page=3 xpos=5 ypos=9 right-column left-indent right-indent font-smaller indented-line longer-tail line-space headchar-super tailchar-period page-bottom
Table	__Table 2__	page=4 xpos=-1 ypos=-1 left-column left-over box page-top table-area above-double-space above-line-space
B-Caption	Table 2. Modeling statistics (E-J)	page=4 xpos=0 ypos=2 left-column left-indent right-indent indented-line shorter-tail line-double-space line-space string-table headchar-capital above-double-space above-line-space
B-SubsectionHeader	4.3 E2C Transliteration	page=4 xpos=0 ypos=2 left-column right-indent hanged-line shorter-tail line-double-space line-space numbered-heading2 above-double-space above-line-space
B-Body	In this experiment, we conduct both open and	page=4 xpos=0 ypos=2 left-column left-indent indented-line longer-tail line-double-space line-space headchar-capital
I-Body	closed tests for n-gram TM and NCM models	page=4 xpos=0 ypos=2 left-column full-justified hanged-line headchar-lower
I-Body	under DOM paradigm. Results are reported in	page=4 xpos=0 ypos=2 left-column full-justified aligned-line headchar-lower
E-Body	Table 3 and Table 4.	page=4 xpos=0 ypos=3 left-column right-indent aligned-line shorter-tail string-table headchar-capital tailchar-period above-double-space above-line-space
Table	__Table 3__	page=4 xpos=-1 ypos=3 left-column left-over right-indent box longer-tail line-double-space line-space table-area above-double-space above-line-space
B-Caption	Table 3. E2C error rates for n-gram TM tests.	page=4 xpos=0 ypos=4 left-column left-indent right-indent indented-line shorter-tail line-double-space line-space string-table headchar-capital tailchar-period above-double-space above-line-space
Table	__Table 4__	page=4 xpos=-1 ypos=4 left-column left-over right-indent box hanged-line longer-tail line-double-space line-space table-area above-double-space above-line-space
B-Caption	Table 4. E2C error rates for NCM tests	page=4 xpos=0 ypos=5 left-column left-indent right-indent indented-line shorter-tail line-double-space line-space string-table headchar-capital above-double-space above-line-space
B-Body	Not surprisingly, the result shows that n-gram	page=4 xpos=0 ypos=6 left-column left-indent hanged-line longer-tail line-double-space line-space headchar-capital
I-Body	TM, which benefits from the joint source-channel	page=4 xpos=0 ypos=6 left-column full-justified hanged-line headchar-capital
I-Body	model coupling both source and target contextual	page=4 xpos=0 ypos=6 left-column full-justified aligned-line headchar-lower
I-Body	information into the model, is superior to NCM in	page=4 xpos=0 ypos=6 left-column full-justified aligned-line headchar-lower
E-Body	all the test cases.	page=4 xpos=0 ypos=6 left-column right-indent aligned-line shorter-tail headchar-lower tailchar-period above-double-space above-line-space
B-SubsectionHeader	4.4 C2E Back-Transliteration	page=4 xpos=0 ypos=7 left-column right-indent aligned-line longer-tail line-double-space line-space numbered-heading2 above-double-space above-line-space
B-Body	The C2E back-transliteration is more	page=4 xpos=0 ypos=7 left-column left-indent indented-line longer-tail line-double-space line-space headchar-capital
I-Body	challenging than E2C transliteration. Experiment	page=4 xpos=0 ypos=7 left-column full-justified hanged-line headchar-lower
I-Body	results are reported in Table 5. As expected, C2E	page=4 xpos=0 ypos=7 left-column full-justified aligned-line headchar-lower
E-Body	error rate is much higher than that of E2C.	page=4 xpos=0 ypos=7 left-column right-indent aligned-line shorter-tail headchar-lower tailchar-period above-double-space above-line-space
Table	__Table 5__	page=4 xpos=-1 ypos=8 left-column left-over right-indent box longer-tail line-double-space line-space table-area above-double-space above-line-space
B-Caption	Table 5. C2E error rate for 3-gram TM tests	page=4 xpos=0 ypos=9 left-column left-indent right-indent indented-line shorter-tail line-double-space line-space string-table headchar-capital above-double-space above-line-space
B-Body	Table 6 reports the N-best word error rates for	page=4 xpos=0 ypos=9 left-column left-indent hanged-line longer-tail line-double-space line-space string-table headchar-capital
I-Body	both E2C and C2E which implies the potential of	page=4 xpos=0 ypos=9 left-column full-justified hanged-line headchar-lower column-bottom
I-Body	error reduction by using secondary knowledge	page=4 xpos=5 ypos=0 right-column full-justified column-top headchar-lower
I-Body	source, such as table looking-up. The N-best error	page=4 xpos=5 ypos=0 right-column full-justified aligned-line headchar-lower
E-Body	rates are also reduced greatly at 10-best level.	page=4 xpos=5 ypos=0 right-column right-indent aligned-line shorter-tail headchar-lower tailchar-period above-double-space above-line-space
Table	__Table 6__	page=4 xpos=5 ypos=0 right-column centered left-over box longer-tail line-double-space line-space table-area above-double-space above-line-space
B-Caption	Table 6. N-best word error rates for 3-gram TM	page=4 xpos=5 ypos=1 right-column left-indent right-indent indented-line line-double-space line-space string-table headchar-capital above-double-space above-line-space
B-SubsectionHeader	4.5 Discussions of DOM	page=4 xpos=5 ypos=2 right-column right-indent hanged-line shorter-tail line-double-space line-space numbered-heading2 above-double-space above-line-space
B-Body	Due to lack of standard data sets, the DOM	page=4 xpos=5 ypos=2 right-column left-indent indented-line longer-tail line-double-space line-space headchar-capital
I-Body	framework is unable to make a straightforward	page=4 xpos=5 ypos=2 right-column full-justified hanged-line headchar-lower
I-Body	comparison with other approaches. Nevertheless,	page=4 xpos=5 ypos=2 right-column full-justified aligned-line headchar-lower tailchar-comma
I-Body	we list some reported studies on other databases of	page=4 xpos=5 ypos=2 right-column full-justified aligned-line headchar-lower
I-Body	E2C tasks in Table 7 and those of C2E tasks in	page=4 xpos=5 ypos=2 right-column full-justified aligned-line headchar-capital
I-Body	Table 8 for reference purpose. In Table 7, the	page=4 xpos=5 ypos=3 right-column full-justified aligned-line string-table headchar-capital
I-Body	reference data are extracted from Table 1 and 3 of	page=4 xpos=5 ypos=3 right-column full-justified aligned-line headchar-lower
I-Body	(Virga et al., 2003), where only character and	page=4 xpos=5 ypos=3 right-column full-justified aligned-line year
I-Body	Pinyin error rates are reported. The first 4 setups	page=4 xpos=5 ypos=3 right-column full-justified aligned-line headchar-capital
I-Body	by Virga et al. all adopted the phoneme-based	page=4 xpos=5 ypos=3 right-column full-justified aligned-line headchar-lower
I-Body	approach. In table 8, the reference data are	page=4 xpos=5 ypos=4 right-column full-justified aligned-line headchar-lower
I-Body	extracted from Table 2 and Figure 4 of (Guo et al.,	page=4 xpos=5 ypos=4 right-column full-justified aligned-line headchar-lower tailchar-comma
E-Body	2004), where word error rates are reported.	page=4 xpos=5 ypos=4 right-column right-indent aligned-line shorter-tail year tailchar-period above-double-space above-line-space
Table	__Table 7__	page=4 xpos=5 ypos=4 right-column left-over right-over box hanged-line longer-tail line-double-space line-space table-area above-double-space above-line-space
B-Caption	Table 7. Performance Comparison of E2C	page=4 xpos=5 ypos=6 right-column left-indent right-indent indented-line shorter-tail line-double-space line-space string-table headchar-capital above-double-space above-line-space
B-Body	Since we have obtained results in character	page=4 xpos=5 ypos=7 right-column left-indent hanged-line longer-tail line-double-space line-space headchar-capital
I-Body	already and the character to Pinyin mapping is one-	page=4 xpos=5 ypos=7 right-column full-justified hanged-line headchar-lower tailchar-hiphen
I-Body	to-one in the 374 legitimate Chinese characters for	page=4 xpos=5 ypos=7 right-column full-justified aligned-line headchar-lower
I-Body	transliteration in our implementation, we expect	page=4 xpos=5 ypos=7 right-column full-justified aligned-line headchar-lower
E-Body	less Pinyin error than character error in Table 7.	page=4 xpos=5 ypos=7 right-column right-indent aligned-line shorter-tail headchar-lower tailchar-period above-double-space above-line-space
Table	__Table 8__	page=4 xpos=5 ypos=8 right-column left-indent box indented-line longer-tail line-double-space line-space table-area above-double-space above-line-space
B-Caption	Table 8. Performance Comparison of C2E	page=4 xpos=5 ypos=9 right-column left-indent right-indent indented-line shorter-tail line-double-space line-space string-table headchar-capital above-double-space above-line-space
B-Body	For E2C, Table 7 shows that even with an 8	page=4 xpos=5 ypos=9 right-column left-indent hanged-line longer-tail line-double-space line-space headchar-capital
I-Body	times larger database than ours, Huge MT (Big	page=4 xpos=5 ypos=9 right-column full-justified hanged-line headchar-lower page-bottom
I-Body	MT) test case who reports the best performance	page=5 xpos=0 ypos=0 left-column full-justified page-top headchar-capital
I-Body	still generates 3 times Pinyin error rate than ours.	page=5 xpos=0 ypos=0 left-column full-justified aligned-line headchar-lower tailchar-period
I-Body	For C2E, Table 8 shows that even with only 9	page=5 xpos=0 ypos=0 left-column full-justified aligned-line headchar-capital
I-Body	percent training set, our approach can still make 20	page=5 xpos=0 ypos=0 left-column full-justified aligned-line headchar-lower
I-Body	percent absolute word error rate reduction. Thus,	page=5 xpos=0 ypos=0 left-column full-justified aligned-line headchar-lower tailchar-comma
I-Body	although the experiment are done in different	page=5 xpos=0 ypos=0 left-column full-justified aligned-line headchar-lower
I-Body	environments, to some extend, Table 7 and Table 8	page=5 xpos=0 ypos=1 left-column full-justified aligned-line headchar-lower
I-Body	reveal that the n-gram TM/DOM outperforms other	page=5 xpos=0 ypos=1 left-column full-justified aligned-line headchar-lower
I-Body	techniques for the case of English/Chinese	page=5 xpos=0 ypos=1 left-column full-justified aligned-line headchar-lower
E-Body	transliteration/back-transliteration significantly.	page=5 xpos=0 ypos=1 left-column right-indent aligned-line shorter-tail headchar-lower tailchar-period above-double-space above-line-space
B-SubsectionHeader	4.6 English/Japanese Transliteration	page=5 xpos=0 ypos=1 left-column right-indent aligned-line shorter-tail line-double-space line-space numbered-heading2 above-double-space above-line-space
B-Body	In this experiment, we conduct both open and	page=5 xpos=0 ypos=2 left-column left-indent indented-line longer-tail line-double-space line-space headchar-capital
I-Body	closed tests for n-gram TM on English/Japanese	page=5 xpos=0 ypos=2 left-column full-justified hanged-line headchar-lower
I-Body	transliteration and back-transliteration. We use the	page=5 xpos=0 ypos=2 left-column full-justified aligned-line headchar-lower
I-Body	same training and testing setups as those in (Bilac	page=5 xpos=0 ypos=2 left-column full-justified aligned-line headchar-lower
E-Body	et al., 2004).	page=5 xpos=0 ypos=2 left-column right-indent aligned-line shorter-tail year headchar-lower tailchar-period
B-Body	Table 9 reports the results from three different	page=5 xpos=0 ypos=2 left-column left-indent indented-line longer-tail string-table headchar-capital
I-Body	transliteration mechanisms. Case 1 is the 3-gram	page=5 xpos=0 ypos=3 left-column full-justified hanged-line headchar-lower
I-Body	TM under DOM; Case 2 is Case 1 integrated with	page=5 xpos=0 ypos=3 left-column full-justified aligned-line headchar-capital
I-Body	a dictionary lookup validation process during	page=5 xpos=0 ypos=3 left-column full-justified aligned-line itemization headchar-lower
I-Body	decoding; Case 3 is extracted from (Bilac et al.,	page=5 xpos=0 ypos=3 left-column full-justified aligned-line headchar-lower tailchar-comma
I-Body	2004). Similar to English/Chinese transliteration,	page=5 xpos=0 ypos=3 left-column full-justified aligned-line year tailchar-comma
I-Body	one can find that J2E back-transliteration is more	page=5 xpos=0 ypos=4 left-column full-justified aligned-line headchar-lower
I-Body	challenging than E2J transliteration in both open	page=5 xpos=0 ypos=4 left-column full-justified aligned-line headchar-lower
I-Body	and closed cases. It is also found that word error	page=5 xpos=0 ypos=4 left-column full-justified aligned-line headchar-lower
E-Body	rates are reduced greatly at 10-best level.	page=5 xpos=0 ypos=4 left-column right-indent aligned-line shorter-tail headchar-lower tailchar-period
B-Body	(Bilac et al., 2004) proposed a hybrid-method of	page=5 xpos=0 ypos=4 left-column left-indent indented-line longer-tail year
I-Body	grapheme-based and phoneme-based for J2E back-	page=5 xpos=0 ypos=4 left-column full-justified hanged-line headchar-lower tailchar-hiphen
I-Body	transliteration, where the whole EDICT dictionary,	page=5 xpos=0 ypos=5 left-column full-justified aligned-line headchar-lower tailchar-comma
I-Body	including the test set, is used to train a LM. A LM	page=5 xpos=0 ypos=5 left-column full-justified aligned-line headchar-lower
I-Body	unit is a word itself. In this way, the dictionary is	page=5 xpos=0 ypos=5 left-column full-justified aligned-line headchar-lower
I-Body	used as a lookup table in the decoding process to	page=5 xpos=0 ypos=5 left-column full-justified aligned-line headchar-lower
I-Body	help identify a valid choice among candidates. To	page=5 xpos=0 ypos=5 left-column full-justified aligned-line headchar-lower
I-Body	establish comparison, we also integrate the	page=5 xpos=0 ypos=5 left-column full-justified aligned-line headchar-lower
I-Body	dictionary lookup processing with the decoder,	page=5 xpos=0 ypos=6 left-column full-justified aligned-line headchar-lower tailchar-comma
I-Body	which is referred as Case 2 in Table 9. It is found	page=5 xpos=0 ypos=6 left-column full-justified aligned-line headchar-lower
I-Body	that Case 2 presents a error reduction of	page=5 xpos=0 ypos=6 left-column full-justified aligned-line headchar-lower
I-Body	43.8%=(14.6-8.2)/14.6% for word over to those	page=5 xpos=0 ypos=6 left-column full-justified aligned-line
I-Body	reported in (Bilac et al., 2004). Furthermore, the n-	page=5 xpos=0 ypos=6 left-column full-justified aligned-line year headchar-lower tailchar-hiphen
I-Body	gram TM/DOM approach is rather straightforward	page=5 xpos=0 ypos=7 left-column full-justified aligned-line headchar-lower column-bottom
I-Body	in implementation where direct orthographical	page=5 xpos=5 ypos=0 right-column full-justified column-top headchar-lower
I-Body	mapping could potentially handle Japanese	page=5 xpos=5 ypos=0 right-column full-justified aligned-line headchar-lower
I-Body	transliteration of names of different language	page=5 xpos=5 ypos=0 right-column full-justified aligned-line headchar-lower
I-Body	origins, while the issues with non-English terms	page=5 xpos=5 ypos=0 right-column full-justified aligned-line headchar-lower
E-Body	are reported in (Bilac et al., 2004).	page=5 xpos=5 ypos=0 right-column right-indent aligned-line shorter-tail year headchar-lower tailchar-period above-blank-line above-double-space above-line-space
B-Body	The DOM framework shows us a great	page=5 xpos=5 ypos=1 right-column left-indent indented-line longer-tail line-blank-line line-double-space line-space headchar-capital
I-Body	improvement in performance with n-gram TM	page=5 xpos=5 ypos=1 right-column full-justified hanged-line headchar-lower
I-Body	being the most successful implementation.	page=5 xpos=5 ypos=1 right-column full-justified aligned-line headchar-lower tailchar-period
I-Body	Nevertheless, NCM presents another successful	page=5 xpos=5 ypos=1 right-column full-justified aligned-line headchar-capital
I-Body	implementation of DOM framework. The n-gram	page=5 xpos=5 ypos=1 right-column full-justified aligned-line headchar-lower
I-Body	TM and NCM under direct orthographic mapping	page=5 xpos=5 ypos=1 right-column full-justified aligned-line headchar-capital
I-Body	(DOM) paradigm simplify the process and reduce	page=5 xpos=5 ypos=2 right-column full-justified aligned-line
I-Body	the chances of conversion errors. The experiments	page=5 xpos=5 ypos=2 right-column full-justified aligned-line headchar-lower
I-Body	also show that even with much less training data,	page=5 xpos=5 ypos=2 right-column full-justified aligned-line headchar-lower tailchar-comma
I-Body	DOM are still much more superior performance	page=5 xpos=5 ypos=2 right-column full-justified aligned-line headchar-capital
E-Body	than the state of art solutions.	page=5 xpos=5 ypos=2 right-column right-indent aligned-line shorter-tail headchar-lower tailchar-period above-double-space above-line-space
B-SectionHeader	5 Conclusions	page=5 xpos=5 ypos=3 right-column right-indent aligned-line shorter-tail line-double-space line-space numbered-heading1 above-double-space above-line-space
B-Body	In this paper, we propose a new framework,	page=5 xpos=5 ypos=3 right-column left-indent indented-line longer-tail line-double-space line-space headchar-capital tailchar-comma
I-Body	direct orthographical mapping (DOM) for machine	page=5 xpos=5 ypos=3 right-column full-justified hanged-line headchar-lower
I-Body	transliteration and back-transliteration. Under the	page=5 xpos=5 ypos=3 right-column full-justified aligned-line headchar-lower
I-Body	DOM framework, we further propose a joint	page=5 xpos=5 ypos=3 right-column full-justified aligned-line headchar-capital
I-Body	source-channel transliteration model, also called n-	page=5 xpos=5 ypos=4 right-column full-justified aligned-line headchar-lower tailchar-hiphen
I-Body	gram TM. We also implement the NCM model	page=5 xpos=5 ypos=4 right-column full-justified aligned-line headchar-lower
I-Body	under DOM for reference. We use EM algorithm	page=5 xpos=5 ypos=4 right-column full-justified aligned-line headchar-lower
I-Body	as an unsupervised training approach to train the n-	page=5 xpos=5 ypos=4 right-column full-justified aligned-line headchar-lower tailchar-hiphen
I-Body	gram TM and NCM. The proposed methods are	page=5 xpos=5 ypos=4 right-column full-justified aligned-line headchar-lower
I-Body	tested on an English-Chinese name corpus and	page=5 xpos=5 ypos=4 right-column full-justified aligned-line headchar-lower
I-Body	English-Japanese katakana word pair extracted	page=5 xpos=5 ypos=5 right-column full-justified aligned-line headchar-capital
I-Body	from EDICT dictionary. The data-driven and one-	page=5 xpos=5 ypos=5 right-column full-justified aligned-line headchar-lower tailchar-hiphen
I-Body	step mapping strategies greatly reduce the	page=5 xpos=5 ypos=5 right-column full-justified aligned-line headchar-lower
I-Body	development efforts of machine transliteration	page=5 xpos=5 ypos=5 right-column full-justified aligned-line headchar-lower
I-Body	systems and improve accuracy significantly over	page=5 xpos=5 ypos=5 right-column full-justified aligned-line headchar-lower
I-Body	earlier reported results. We also find the back-	page=5 xpos=5 ypos=6 right-column full-justified aligned-line headchar-lower tailchar-hiphen
I-Body	transliteration is more challenging than the	page=5 xpos=5 ypos=6 right-column full-justified aligned-line headchar-lower
E-Body	transliteration.	page=5 xpos=5 ypos=6 right-column right-indent aligned-line shorter-tail headchar-lower tailchar-period
B-Body	The DOM framework demonstrates several	page=5 xpos=5 ypos=6 right-column left-indent indented-line longer-tail headchar-capital
I-Body	unique edges over phoneme-based approach:	page=5 xpos=5 ypos=6 right-column right-indent hanged-line shorter-tail headchar-lower tailchar-colon column-bottom above-double-space above-line-space
Table	__Table 9__	page=5 xpos=0 ypos=7 single-column left-indent right-indent box column-top line-double-space line-space table-area above-double-space above-line-space
B-Caption	Table 9. Experiment results of English-Japanese Transliteration	page=5 xpos=2 ypos=9 single-column left-indent right-indent indented-line shorter-tail line-double-space line-space string-table headchar-capital page-bottom
B-Listitem	1) By skipping the intermediate phonemic	page=6 xpos=0 ypos=0 left-column left-indent page-top
I-Listitem	interpretation, the transliteration error rate is	page=6 xpos=0 ypos=0 left-column left-indent indented-line headchar-lower
I-Listitem	reduced significantly;	page=6 xpos=0 ypos=0 left-column left-indent right-indent aligned-line shorter-tail headchar-lower tailchar-semicolon
B-Listitem	2) Transliteration models under DOM are data-	page=6 xpos=0 ypos=0 left-column left-indent hanged-line longer-tail tailchar-hiphen
I-Listitem	driven. Assuming sufficient training corpus,	page=6 xpos=0 ypos=0 left-column left-indent indented-line headchar-lower tailchar-comma
I-Listitem	the modeling approach applies to different	page=6 xpos=0 ypos=0 left-column left-indent aligned-line headchar-lower
I-Listitem	language pairs;	page=6 xpos=0 ypos=1 left-column left-indent right-indent aligned-line shorter-tail headchar-lower tailchar-semicolon
B-Listitem	3) DOM presents a paradigm shift for machine	page=6 xpos=0 ypos=1 left-column left-indent hanged-line longer-tail
I-Listitem	transliteration, that provides a platform for	page=6 xpos=0 ypos=1 left-column left-indent indented-line headchar-lower
I-Listitem	implementation of many other transliteration	page=6 xpos=0 ypos=1 left-column left-indent aligned-line headchar-lower
I-Listitem	models;	page=6 xpos=0 ypos=1 left-column left-indent right-indent aligned-line shorter-tail headchar-lower tailchar-semicolon
B-Body	The n-gram TM is a successful implementation	page=6 xpos=0 ypos=1 left-column left-indent hanged-line longer-tail headchar-capital
I-Body	of DOM framework due to the following aspects:	page=6 xpos=0 ypos=2 left-column right-indent hanged-line shorter-tail headchar-lower tailchar-colon
B-Listitem	1) N-gram TM captures contextual information	page=6 xpos=0 ypos=2 left-column left-indent indented-line longer-tail
I-Listitem	in both source and target languages jointly;	page=6 xpos=0 ypos=2 left-column left-indent indented-line headchar-lower tailchar-semicolon
I-Listitem	unlike the phoneme-based approach, the	page=6 xpos=0 ypos=2 left-column left-indent aligned-line headchar-lower
I-Listitem	modeling of transformation rules and target	page=6 xpos=0 ypos=2 left-column left-indent aligned-line headchar-lower
I-Listitem	language is tightly coupled in n-gram TM	page=6 xpos=0 ypos=3 left-column left-indent aligned-line headchar-lower
I-Listitem	model.	page=6 xpos=0 ypos=3 left-column left-indent right-indent aligned-line shorter-tail headchar-lower tailchar-period
B-Listitem	2) As n-gram TM uses transliteration pair as	page=6 xpos=0 ypos=3 left-column left-indent hanged-line longer-tail
I-Listitem	modeling unit, the same model applies to bi-	page=6 xpos=0 ypos=3 left-column left-indent indented-line headchar-lower tailchar-hiphen
I-Listitem	directional transliteration;	page=6 xpos=0 ypos=3 left-column left-indent right-indent aligned-line shorter-tail headchar-lower tailchar-semicolon
B-Listitem	3) The bilingual aligning process is integrated	page=6 xpos=0 ypos=3 left-column left-indent hanged-line longer-tail
I-Listitem	into the decoding process in n-gram TM,	page=6 xpos=0 ypos=4 left-column left-indent indented-line headchar-lower tailchar-comma
I-Listitem	which allows us to achieve a joint	page=6 xpos=0 ypos=4 left-column left-indent aligned-line headchar-lower
I-Listitem	optimization of alignment and transliteration	page=6 xpos=0 ypos=4 left-column left-indent aligned-line headchar-lower
I-Listitem	automatically. Hence manual pre-alignment	page=6 xpos=0 ypos=4 left-column left-indent aligned-line headchar-lower
I-Listitem	is unnecessary.	page=6 xpos=0 ypos=4 left-column left-indent right-indent aligned-line shorter-tail headchar-lower tailchar-period
B-Body	Named entities are sometimes translated in	page=6 xpos=0 ypos=4 left-column left-indent hanged-line longer-tail headchar-capital
I-Body	combination of transliteration and meanings. As	page=6 xpos=0 ypos=5 left-column full-justified hanged-line headchar-lower
I-Body	the proposed framework allows direct	page=6 xpos=0 ypos=5 left-column full-justified aligned-line headchar-lower
I-Body	orthographical mapping, we are extending our	page=6 xpos=0 ypos=5 left-column full-justified aligned-line headchar-lower
I-Body	approach to handle such name translation. We also	page=6 xpos=0 ypos=5 left-column full-justified aligned-line headchar-lower
I-Body	extending our method to handle the disorder and	page=6 xpos=0 ypos=5 left-column full-justified aligned-line headchar-lower
E-Body	fertility issues in named entity translation.	page=6 xpos=0 ypos=6 left-column right-indent aligned-line shorter-tail headchar-lower tailchar-period above-double-space above-line-space
ReferenceHeader	References	page=6 xpos=0 ypos=6 left-column right-indent aligned-line shorter-tail line-double-space line-space string-reference headchar-capital above-double-space above-line-space
B-Reference	Chun-Jen Lee and Jason S. Chang, 2003. Acquisition of	page=6 xpos=0 ypos=6 left-column full-justified font-smallest aligned-line longer-tail line-double-space line-space year headchar-capital
I-Reference	English-Chinese Transliteration Word Pairs from	page=6 xpos=0 ypos=6 left-column left-indent font-smallest indented-line headchar-capital
I-Reference	Parallel-Aligned Texts using a Statistical Machine	page=6 xpos=0 ypos=6 left-column left-indent font-smallest aligned-line headchar-capital
I-Reference	Translation Model, Proceedings of HLT-NAACL	page=6 xpos=0 ypos=7 left-column left-indent font-smallest aligned-line headchar-capital
I-Reference	Workshop: Building and Using parallel Texts Data	page=6 xpos=0 ypos=7 left-column left-indent font-smallest aligned-line headchar-capital
I-Reference	Driven Machine Translation and Beyond, 2003,	page=6 xpos=0 ypos=7 left-column left-indent font-smallest aligned-line year headchar-capital tailchar-comma
I-Reference	Edmonton, pp. 96-103	page=6 xpos=0 ypos=7 left-column left-indent right-indent font-smallest aligned-line shorter-tail headchar-capital above-double-space above-line-space
B-Reference	Dempster, A.P., N.M. Laird and D.B.Rubin, 1977.	page=6 xpos=0 ypos=7 left-column full-justified font-smallest hanged-line longer-tail line-double-space line-space year headchar-capital tailchar-period
I-Reference	Maximum likelihood from incomplete data via the	page=6 xpos=0 ypos=7 left-column left-indent font-smallest indented-line headchar-capital
I-Reference	EM algorithm, J. Roy. Stat. Soc., Ser. B. Vol. 39	page=6 xpos=0 ypos=8 left-column left-indent right-indent font-smallest aligned-line shorter-tail headchar-capital above-double-space above-line-space
B-Reference	Eric Brill, Garry Kacmarcik and Chris Brockrtt, 2001.	page=6 xpos=0 ypos=8 left-column full-justified font-smallest hanged-line longer-tail line-double-space line-space year headchar-capital tailchar-period
I-Reference	Automatically Harvesting Katakana-English Term	page=6 xpos=0 ypos=8 left-column left-indent font-smallest indented-line headchar-capital
I-Reference	Pairs from Search Engine Query Logs. Proceeding of	page=6 xpos=0 ypos=8 left-column left-indent font-smallest aligned-line headchar-capital
I-Reference	NLPRS’01	page=6 xpos=0 ypos=8 left-column left-indent right-indent font-smallest aligned-line shorter-tail headchar-capital above-double-space above-line-space
B-Reference	Helen M. Meng, Wai-Kit Lo, Berlin Chen and Karen	page=6 xpos=0 ypos=9 left-column full-justified font-smallest hanged-line longer-tail line-double-space line-space headchar-capital
I-Reference	Tang. 2001. Generate Phonetic Cognates to Handle	page=6 xpos=0 ypos=9 left-column left-indent font-smallest indented-line year headchar-capital
I-Reference	Name Entities in English-Chinese cross-language	page=6 xpos=0 ypos=9 left-column left-indent font-smallest aligned-line headchar-capital
I-Reference	spoken document retrieval, Proceedings of ASRU	page=6 xpos=0 ypos=9 left-column left-indent font-smallest aligned-line headchar-lower
I-Reference	2001	page=6 xpos=0 ypos=9 left-column left-indent right-indent font-smallest aligned-line shorter-tail year numeric-only column-bottom
B-Reference	Jong-Hoon Oh and Key-Sun Choi, 2002. An English-	page=6 xpos=5 ypos=0 right-column full-justified font-smallest column-top year headchar-capital tailchar-hiphen
I-Reference	Korean Transliteration Model Using Pronunciation	page=6 xpos=5 ypos=0 right-column left-indent font-smallest indented-line headchar-capital
I-Reference	and Contextual Rules, Proceedings of COLING 2000	page=6 xpos=5 ypos=0 right-column left-indent right-indent font-smallest aligned-line year headchar-lower above-double-space above-line-space
B-Reference	Kang B.J. and Key-Sun Choi, 2000. Automatic	page=6 xpos=5 ypos=0 right-column full-justified font-smallest hanged-line line-double-space line-space year headchar-capital
I-Reference	Transliteration and Back-transliteration by Decision	page=6 xpos=5 ypos=0 right-column left-indent font-smallest indented-line headchar-capital
I-Reference	Tree Learning, Proceedings of the 2 <sup>nd</sup> International	page=6 xpos=5 ypos=0 right-column left-indent aligned-line headchar-capital
I-Reference	Conference on Language Resources and Evaluation,	page=6 xpos=5 ypos=1 right-column left-indent font-smallest aligned-line headchar-capital tailchar-comma
I-Reference	Athens, Greece	page=6 xpos=5 ypos=1 right-column left-indent right-indent font-smallest aligned-line shorter-tail headchar-capital above-double-space above-line-space
B-Reference	K. Knight and J. Graehl. 1998. Machine Transliteration,	page=6 xpos=5 ypos=1 right-column full-justified font-smallest hanged-line longer-tail line-double-space line-space year headchar-capital tailchar-comma
I-Reference	Computational Linguistics, Vol 24, No. 4	page=6 xpos=5 ypos=1 right-column left-indent right-indent font-smallest indented-line shorter-tail headchar-capital above-double-space above-line-space
B-Reference	Paola Virga, Sanjeev Khudanpur, 2003. Transliteration	page=6 xpos=5 ypos=1 right-column full-justified font-smallest hanged-line longer-tail line-double-space line-space year headchar-capital
I-Reference	of Proper Names in Cross-lingual Information	page=6 xpos=5 ypos=2 right-column left-indent font-smallest indented-line headchar-lower
I-Reference	Retrieval. Proceedings of ACL 2003 workshop	page=6 xpos=5 ypos=2 right-column left-indent font-smallest aligned-line year headchar-capital
I-Reference	MLNER, 2003	page=6 xpos=5 ypos=2 right-column left-indent right-indent font-smallest aligned-line shorter-tail year headchar-capital above-double-space above-line-space
B-Reference	Rabiner, Lawrence R. 1989, A tutorial on hidden	page=6 xpos=5 ypos=2 right-column full-justified font-smallest hanged-line longer-tail line-double-space line-space year headchar-capital
I-Reference	Markov models and selected applications in speech	page=6 xpos=5 ypos=2 right-column left-indent font-smallest indented-line headchar-capital
I-Reference	recognition, Proceedings of the IEEE 77(2)	page=6 xpos=5 ypos=2 right-column left-indent right-indent font-smallest aligned-line shorter-tail headchar-lower above-double-space above-line-space
B-Reference	Schwartz, R. and Chow Y. L., 1990. The N-best	page=6 xpos=5 ypos=3 right-column full-justified font-smallest hanged-line longer-tail line-double-space line-space year headchar-capital
I-Reference	algorithm: An efficient and Exact procedure for	page=6 xpos=5 ypos=3 right-column left-indent font-smallest indented-line headchar-lower
I-Reference	finding the N most likely sentence hypothesis,	page=6 xpos=5 ypos=3 right-column left-indent font-smallest aligned-line headchar-lower tailchar-comma
I-Reference	Proceedings of ICASSP 1990, Albuquerque, pp. 81-	page=6 xpos=5 ypos=3 right-column left-indent font-smallest aligned-line year headchar-capital tailchar-hiphen
I-Reference	84	page=6 xpos=5 ypos=3 right-column left-indent right-indent font-smallest aligned-line shorter-tail numeric-only above-double-space above-line-space
B-Reference	Slaven Bilac and Hozumi Tanaka, 2004. Improving	page=6 xpos=5 ypos=4 right-column full-justified font-smallest hanged-line longer-tail line-double-space line-space year headchar-capital
I-Reference	Back-Transliteration by Combining Information	page=6 xpos=5 ypos=4 right-column left-indent font-smallest indented-line headchar-capital
I-Reference	Sources. Proceedings of IJCNLP-04, Haian, pp. 542-	page=6 xpos=5 ypos=4 right-column left-indent font-smallest aligned-line headchar-capital tailchar-hiphen
I-Reference	547	page=6 xpos=5 ypos=4 right-column left-indent right-indent font-smallest aligned-line shorter-tail numeric-only above-double-space above-line-space
B-Reference	Stephen Wan and Cornelia Maria Verspoor, 1998.	page=6 xpos=5 ypos=4 right-column full-justified font-smallest hanged-line longer-tail line-double-space line-space year headchar-capital tailchar-period
I-Reference	Automatic English-Chinese name transliteration for	page=6 xpos=5 ypos=4 right-column left-indent font-smallest indented-line headchar-capital
I-Reference	development of multilingual resources. Proceedings	page=6 xpos=5 ypos=5 right-column left-indent font-smallest aligned-line headchar-lower
I-Reference	of COLING-ACL’98	page=6 xpos=5 ypos=5 right-column left-indent right-indent font-smallest aligned-line shorter-tail headchar-lower above-double-space above-line-space
B-Reference	Stanley F. Chen and Joshua Goodman, 1998. An	page=6 xpos=5 ypos=5 right-column full-justified font-smallest hanged-line longer-tail line-double-space line-space year headchar-capital
I-Reference	Empirical Study of Smoothing Techniques for	page=6 xpos=5 ypos=5 right-column left-indent font-smallest indented-line headchar-capital
I-Reference	Language Modeling, TR-10-98, Computer Science	page=6 xpos=5 ypos=5 right-column left-indent font-smallest aligned-line headchar-capital
I-Reference	Group, Harvard Universituy. 1998	page=6 xpos=5 ypos=5 right-column left-indent right-indent font-smallest aligned-line shorter-tail year headchar-capital above-double-space above-line-space
B-Reference	Sung Young Jung, Sung Lim Hong and Eunok Paek,	page=6 xpos=5 ypos=6 right-column full-justified font-smallest hanged-line longer-tail line-double-space line-space headchar-capital tailchar-comma
I-Reference	2000. An English to Korean Transliteration Model of	page=6 xpos=5 ypos=6 right-column left-indent font-smallest indented-line year
I-Reference	Extended Markov Window, Proceedings of COLING	page=6 xpos=5 ypos=6 right-column left-indent font-smallest aligned-line headchar-capital
I-Reference	2000	page=6 xpos=5 ypos=6 right-column left-indent right-indent font-smallest aligned-line shorter-tail year numeric-only above-double-space above-line-space
B-Reference	The Onomastica Consortium, 1995. The Onomastica	page=6 xpos=5 ypos=6 right-column full-justified font-smallest hanged-line longer-tail line-double-space line-space year headchar-capital
I-Reference	interlanguage pronunciation lexicon, Proceedings of	page=6 xpos=5 ypos=7 right-column left-indent font-smallest indented-line headchar-lower
I-Reference	EuroSpeech, Madrid, Spain, pp829-832	page=6 xpos=5 ypos=7 right-column left-indent right-indent font-smallest aligned-line shorter-tail headchar-capital above-double-space above-line-space
B-Reference	Wei Gao, Kam-Fai Wong and Wai Lam, 2004.	page=6 xpos=5 ypos=7 right-column full-justified font-smallest hanged-line longer-tail line-double-space line-space year headchar-capital tailchar-period
I-Reference	Phoneme-based Transliteration of Foreign Names	page=6 xpos=5 ypos=7 right-column left-indent font-smallest indented-line headchar-capital
I-Reference	for OOV Problems. Proceedings of IJCLNP-04,	page=6 xpos=5 ypos=7 right-column left-indent font-smallest aligned-line headchar-lower tailchar-comma
I-Reference	Hainan, pp 374-381	page=6 xpos=5 ypos=7 right-column left-indent right-indent font-smallest aligned-line shorter-tail headchar-capital above-double-space above-line-space
B-Reference	Xinhua News Agency, 1992. Chinese transliteration of	page=6 xpos=5 ypos=8 right-column full-justified font-smallest hanged-line longer-tail line-double-space line-space year headchar-capital
I-Reference	foreign personal names, The Commercial Press	page=6 xpos=5 ypos=8 right-column left-indent right-indent font-smallest indented-line shorter-tail headchar-lower above-double-space above-line-space
B-Reference	Yaser Al-Onaizan and Kevin Knight, 2002. Translating	page=6 xpos=5 ypos=8 right-column full-justified font-smallest hanged-line longer-tail line-double-space line-space year headchar-capital
I-Reference	named entities using monolingual and bilingual	page=6 xpos=5 ypos=8 right-column left-indent font-smallest indented-line headchar-lower
I-Reference	resources. Proceedings of the 40 <sup>th</sup> ACL,	page=6 xpos=5 ypos=8 right-column left-indent aligned-line headchar-lower tailchar-comma
I-Reference	Philadelphia, 2002, pp. 400-408	page=6 xpos=5 ypos=9 right-column left-indent right-indent font-smallest aligned-line shorter-tail year headchar-capital above-double-space above-line-space
B-Reference	Yuqing Guo and Haifeng Wang, 2004. Chinese-to-	page=6 xpos=5 ypos=9 right-column full-justified font-smallest hanged-line longer-tail line-double-space line-space year headchar-capital tailchar-hiphen
I-Reference	English Backward Machine Transliteration.	page=6 xpos=5 ypos=9 right-column left-indent font-smallest indented-line headchar-capital tailchar-period
I-Reference	Companion Volume to the Proceedings of IJCNLP-	page=6 xpos=5 ypos=9 right-column left-indent font-smallest aligned-line headchar-capital tailchar-hiphen
I-Reference	04, Hainan, pp 17-20	page=6 xpos=5 ypos=9 right-column left-indent right-indent font-smallest aligned-line shorter-tail
