Title	Automatically Evaluating Answers to Definition Questions	page=0 xpos=1 ypos=0 single-column centered left-indent right-indent font-largest page-top headchar-capital above-blank-line above-double-space above-line-space
Author	Jimmy Lin <sup>1,3</sup> and Dina Demner-Fushman 2,3	page=0 xpos=2 ypos=0 single-column left-indent right-indent font-largest indented-line shorter-tail line-blank-line line-double-space line-space headchar-capital
B-Affiliation	<sup>1</sup> College of Information Studies	page=0 xpos=3 ypos=0 single-column centered left-indent right-indent font-largest indented-line shorter-tail headchar-super
I-Affiliation	<sup>2</sup> Department of Computer Science	page=0 xpos=3 ypos=0 single-column centered left-indent right-indent font-largest hanged-line longer-tail headchar-super
I-Affiliation	<sup>3</sup> Institute for Advanced Computer Studies	page=0 xpos=2 ypos=1 single-column centered left-indent right-indent font-largest hanged-line longer-tail headchar-super
I-Affiliation	University of Maryland	page=0 xpos=3 ypos=1 single-column centered left-indent right-indent font-larger indented-line shorter-tail headchar-capital
Address	College Park, MD 20742, USA	page=0 xpos=3 ypos=1 single-column centered left-indent right-indent font-larger hanged-line longer-tail year headchar-capital
Email	jimmylin@umd.edu, demner@cs.umd.edu	page=0 xpos=2 ypos=1 single-column centered left-indent right-indent font-smaller hanged-line longer-tail symbol-atmark headchar-lower column-bottom above-blank-line above-double-space above-line-space
AbstractHeader	Abstract	page=0 xpos=1 ypos=2 left-column centered left-indent right-indent font-largest column-top line-blank-line line-double-space line-space string-abstract headchar-capital above-blank-line above-double-space above-line-space
B-Abstract	Following recent developments in the au-	page=0 xpos=0 ypos=2 left-column centered left-indent right-indent hanged-line longer-tail line-blank-line line-double-space line-space headchar-capital tailchar-hiphen
I-Abstract	tomatic evaluation of machine translation	page=0 xpos=0 ypos=3 left-column centered left-indent right-indent aligned-line headchar-lower
I-Abstract	and document summarization, we present	page=0 xpos=0 ypos=3 left-column centered left-indent right-indent aligned-line headchar-lower
I-Abstract	a similar approach, implemented in a mea-	page=0 xpos=0 ypos=3 left-column centered left-indent right-indent aligned-line itemization headchar-lower tailchar-hiphen
I-Abstract	sure called P OURPRE , for automatically	page=0 xpos=0 ypos=3 left-column centered left-indent right-indent aligned-line headchar-lower
I-Abstract	evaluating answers to definition questions.	page=0 xpos=0 ypos=3 left-column centered left-indent right-indent aligned-line headchar-lower tailchar-period
I-Abstract	Until now, the only way to assess the cor-	page=0 xpos=0 ypos=4 left-column centered left-indent right-indent aligned-line headchar-capital tailchar-hiphen
I-Abstract	rectness of answers to such questions in-	page=0 xpos=0 ypos=4 left-column centered left-indent right-indent aligned-line headchar-lower tailchar-hiphen
I-Abstract	volves manual determination of whether	page=0 xpos=0 ypos=4 left-column centered left-indent right-indent aligned-line headchar-lower
I-Abstract	an information nugget appears in a sys-	page=0 xpos=0 ypos=4 left-column centered left-indent right-indent aligned-line headchar-lower tailchar-hiphen
I-Abstract	tem’s response. The lack of automatic	page=0 xpos=0 ypos=4 left-column centered left-indent right-indent aligned-line headchar-lower
I-Abstract	methods for scoring system output is an	page=0 xpos=0 ypos=5 left-column centered left-indent right-indent aligned-line headchar-lower
I-Abstract	impediment to progress in the field, which	page=0 xpos=0 ypos=5 left-column centered left-indent right-indent aligned-line headchar-lower
I-Abstract	we address with this work. Experiments	page=0 xpos=0 ypos=5 left-column centered left-indent right-indent aligned-line headchar-lower
I-Abstract	with the TREC 2003 and TREC 2004 QA	page=0 xpos=0 ypos=5 left-column centered left-indent right-indent aligned-line year headchar-lower
I-Abstract	tracks indicate that rankings produced by	page=0 xpos=0 ypos=5 left-column centered left-indent right-indent aligned-line headchar-lower
I-Abstract	our metric correlate highly with official	page=0 xpos=0 ypos=6 left-column centered left-indent right-indent aligned-line headchar-lower
I-Abstract	rankings, and that P OURPRE outperforms	page=0 xpos=0 ypos=6 left-column centered left-indent right-indent aligned-line headchar-lower
I-Abstract	direct application of existing metrics.	page=0 xpos=0 ypos=6 left-column left-indent right-indent aligned-line shorter-tail headchar-lower tailchar-period above-blank-line above-double-space above-line-space
B-SectionHeader	1 Introduction	page=0 xpos=0 ypos=7 left-column right-indent font-largest hanged-line shorter-tail line-blank-line line-double-space line-space numbered-heading1 above-double-space above-line-space
B-Body	Recent interest in question answering has shifted	page=0 xpos=0 ypos=7 left-column full-justified aligned-line longer-tail line-double-space line-space headchar-capital
I-Body	away from factoid questions such as “What city is	page=0 xpos=0 ypos=7 left-column full-justified aligned-line headchar-lower
I-Body	the home to the Rock and Roll Hall of Fame?”,	page=0 xpos=0 ypos=7 left-column full-justified aligned-line headchar-lower tailchar-comma
I-Body	which can typically be answered by a short noun	page=0 xpos=0 ypos=7 left-column full-justified aligned-line headchar-lower
I-Body	phrase, to more complex and difficult questions.	page=0 xpos=0 ypos=8 left-column full-justified aligned-line headchar-lower tailchar-period
I-Body	One interesting class of information needs con-	page=0 xpos=0 ypos=8 left-column full-justified aligned-line headchar-capital tailchar-hiphen
I-Body	cerns so-called definition questions such as “Who is	page=0 xpos=0 ypos=8 left-column full-justified aligned-line headchar-lower
I-Body	Vlad the Impaler?”, whose answers would include	page=0 xpos=0 ypos=8 left-column full-justified aligned-line headchar-capital
I-Body	“nuggets” of information about the 16th century	page=0 xpos=0 ypos=8 left-column full-justified aligned-line
I-Body	warrior prince’s life, accomplishments, and legacy.	page=0 xpos=0 ypos=9 left-column full-justified aligned-line headchar-lower tailchar-period above-blank-line above-double-space above-line-space
Page	931	page=0 xpos=4 ypos=9 left-column left-indent right-over indented-line longer-tail line-blank-line line-double-space line-space numeric-only column-bottom
I-Body	Actually a misnomer, definition questions can be	page=0 xpos=5 ypos=2 right-column full-justified column-top headchar-capital
I-Body	better paraphrased as “Tell me interesting things	page=0 xpos=5 ypos=2 right-column full-justified aligned-line headchar-lower
I-Body	about X.”, where X can be a person, an organiza-	page=0 xpos=5 ypos=2 right-column full-justified aligned-line headchar-lower tailchar-hiphen
I-Body	tion, a common noun, etc. Taken another way, defi-	page=0 xpos=5 ypos=3 right-column full-justified aligned-line headchar-lower tailchar-hiphen
I-Body	nition questions might be viewed as simultaneously	page=0 xpos=5 ypos=3 right-column full-justified aligned-line headchar-lower
I-Body	asking a whole series of factoid questions about the	page=0 xpos=5 ypos=3 right-column full-justified aligned-line headchar-lower
I-Body	same entity (e.g., “When was he born?”, “What was	page=0 xpos=5 ypos=3 right-column full-justified aligned-line headchar-lower
I-Body	his occupation?”, “Where did he live?”, etc.), except	page=0 xpos=5 ypos=3 right-column full-justified aligned-line headchar-lower
I-Body	that these questions are not known in advance; see	page=0 xpos=5 ypos=4 right-column full-justified aligned-line headchar-lower
I-Body	Prager et al. (2004) for an implementation based on	page=0 xpos=5 ypos=4 right-column full-justified aligned-line year headchar-capital
E-Body	this view of definition questions.	page=0 xpos=5 ypos=4 right-column right-indent aligned-line shorter-tail headchar-lower tailchar-period above-line-space
B-Body	Much progress in natural language processing and	page=0 xpos=5 ypos=4 right-column left-indent indented-line longer-tail line-space headchar-capital
I-Body	information retrieval has been driven by the creation	page=0 xpos=5 ypos=4 right-column full-justified hanged-line headchar-lower
I-Body	of reusable test collections. A test collection con-	page=0 xpos=5 ypos=5 right-column full-justified aligned-line headchar-lower tailchar-hiphen
I-Body	sists of a corpus, a series of well-defined tasks, and	page=0 xpos=5 ypos=5 right-column full-justified aligned-line headchar-lower
I-Body	a set of judgments indicating the “correct answers”.	page=0 xpos=5 ypos=5 right-column full-justified aligned-line itemization headchar-lower tailchar-period
I-Body	To complete the picture, there must exist meaning-	page=0 xpos=5 ypos=5 right-column full-justified aligned-line headchar-capital tailchar-hiphen
I-Body	ful metrics to evaluate progress, and ideally, a ma-	page=0 xpos=5 ypos=5 right-column full-justified aligned-line headchar-lower tailchar-hiphen
I-Body	chine should be able to compute these values auto-	page=0 xpos=5 ypos=6 right-column full-justified aligned-line headchar-lower tailchar-hiphen
I-Body	matically. Although “answers” to definition ques-	page=0 xpos=5 ypos=6 right-column full-justified aligned-line headchar-lower tailchar-hiphen
I-Body	tions are known, there is no way to automatically	page=0 xpos=5 ypos=6 right-column full-justified aligned-line headchar-lower
I-Body	and objectively determine if they are present in a	page=0 xpos=5 ypos=6 right-column full-justified aligned-line headchar-lower
I-Body	given system’s response (we will discuss why in	page=0 xpos=5 ypos=6 right-column full-justified aligned-line headchar-lower
I-Body	Section 2). The experimental cycle is thus tortuously	page=0 xpos=5 ypos=7 right-column full-justified aligned-line headchar-capital
I-Body	long; to accurately assess the performance of new	page=0 xpos=5 ypos=7 right-column full-justified aligned-line headchar-lower
I-Body	techniques, one must essentially wait for expensive,	page=0 xpos=5 ypos=7 right-column full-justified aligned-line headchar-lower tailchar-comma
I-Body	large-scale evaluations that employ human assessors	page=0 xpos=5 ypos=7 right-column full-justified aligned-line headchar-lower
I-Body	to judge the runs (e.g., the TREC QA track). This	page=0 xpos=5 ypos=7 right-column full-justified aligned-line headchar-lower
I-Body	situation mirrors the state of machine translation and	page=0 xpos=5 ypos=8 right-column full-justified aligned-line headchar-lower
I-Body	document summarization research a few years ago.	page=0 xpos=5 ypos=8 right-column full-justified aligned-line headchar-lower tailchar-period
I-Body	Since then, however, automatic scoring metrics such	page=0 xpos=5 ypos=8 right-column full-justified aligned-line headchar-capital
I-Body	as B LEU and R OUGE have been introduced as stop-	page=0 xpos=5 ypos=8 right-column full-justified aligned-line headchar-lower tailchar-hiphen
E-Body	gap measures to facilitate experimentation.	page=0 xpos=5 ypos=8 right-column right-indent aligned-line shorter-tail headchar-lower tailchar-period above-line-space
B-Body	Following these recent developments in evalua-	page=0 xpos=5 ypos=9 right-column left-indent indented-line longer-tail line-space headchar-capital tailchar-hiphen column-bottom above-blank-line above-double-space above-line-space
B-Footer	Proceedings of Human Language Technology Conference and Conference on Empirical Methods in Natural Language	page=0 xpos=0 ypos=9 single-column left-indent right-indent font-smallest column-top line-blank-line line-double-space line-space headchar-capital
I-Footer	Processing (HLT/EMNLP), pages 931–938, Vancouver, October 2005.  2005 c Association for Computational Linguistics	page=0 xpos=0 ypos=9 single-column centered left-indent right-indent font-smallest hanged-line longer-tail year headchar-capital page-bottom
Table	__Table 1__	page=1 xpos=0 ypos=-6 single-column centered left-indent right-indent box page-top table-area above-double-space above-line-space
B-Caption	Table 1: The “answer key” to the question “What is the Cassini space probe?”	page=1 xpos=1 ypos=0 single-column centered left-indent right-indent indented-line shorter-tail line-double-space line-space string-table headchar-capital column-bottom above-blank-line above-double-space above-line-space
I-Body	tion research, we propose P OURPRE , a technique for	page=1 xpos=0 ypos=0 left-column full-justified column-top line-blank-line line-double-space line-space headchar-lower
I-Body	automatically evaluating answers to definition ques-	page=1 xpos=0 ypos=1 left-column full-justified aligned-line headchar-lower tailchar-hiphen
I-Body	tions. Like the abovementioned metrics, P OURPRE	page=1 xpos=0 ypos=1 left-column full-justified aligned-line headchar-lower
I-Body	is based on n-gram co-occurrences, but has been	page=1 xpos=0 ypos=1 left-column full-justified aligned-line headchar-lower
I-Body	adapted for the unique characteristics of the question	page=1 xpos=0 ypos=2 left-column full-justified aligned-line headchar-lower
I-Body	answering task. This paper will show that P OUR -	page=1 xpos=0 ypos=2 left-column full-justified aligned-line headchar-lower tailchar-hiphen
I-Body	PRE can accurately assess the quality of answers	page=1 xpos=0 ypos=2 left-column full-justified aligned-line headchar-capital
I-Body	to definition questions without human intervention,	page=1 xpos=0 ypos=2 left-column full-justified aligned-line headchar-lower tailchar-comma
I-Body	allowing experiments to be performed with rapid	page=1 xpos=0 ypos=3 left-column full-justified aligned-line headchar-lower
I-Body	turnaround. We hope that this will enable faster ex-	page=1 xpos=0 ypos=3 left-column full-justified aligned-line headchar-lower tailchar-hiphen
I-Body	ploration of the solution space and lead to acceler-	page=1 xpos=0 ypos=3 left-column full-justified aligned-line headchar-lower tailchar-hiphen
E-Body	ated advances in the state of the art.	page=1 xpos=0 ypos=4 left-column right-indent aligned-line shorter-tail headchar-lower tailchar-period above-double-space above-line-space
B-Body	This paper is organized as follows: In Section 2,	page=1 xpos=0 ypos=4 left-column left-indent indented-line longer-tail line-double-space line-space headchar-capital tailchar-comma
I-Body	we briefly describe how definition questions are cur-	page=1 xpos=0 ypos=4 left-column full-justified hanged-line headchar-lower tailchar-hiphen
I-Body	rently evaluated, drawing attention to many of the	page=1 xpos=0 ypos=5 left-column full-justified aligned-line headchar-lower
I-Body	intricacies involved. We discuss previous work in	page=1 xpos=0 ypos=5 left-column full-justified aligned-line headchar-lower
I-Body	Section 3, relating P OURPRE to evaluation metrics	page=1 xpos=0 ypos=5 left-column full-justified aligned-line headchar-capital
I-Body	for other language applications. Section 4 discusses	page=1 xpos=0 ypos=6 left-column full-justified aligned-line headchar-lower
I-Body	metrics for evaluating the quality of an automatic	page=1 xpos=0 ypos=6 left-column full-justified aligned-line headchar-lower
I-Body	scoring algorithm. The P OURPRE measure itself is	page=1 xpos=0 ypos=6 left-column full-justified aligned-line headchar-lower
I-Body	outlined in Section 5; P OURPRE scores are corre-	page=1 xpos=0 ypos=7 left-column full-justified aligned-line headchar-lower tailchar-hiphen
I-Body	lated with official human-generated scores in Sec-	page=1 xpos=0 ypos=7 left-column full-justified aligned-line headchar-lower tailchar-hiphen
I-Body	tion 6, and also compared to existing metrics. In	page=1 xpos=0 ypos=7 left-column full-justified aligned-line headchar-lower
I-Body	Section 7, we explore the effect that judgment vari-	page=1 xpos=0 ypos=8 left-column full-justified aligned-line headchar-capital tailchar-hiphen
I-Body	ability has on the stability of definition question	page=1 xpos=0 ypos=8 left-column full-justified aligned-line headchar-lower
I-Body	evaluation, and its implications for automatic scor-	page=1 xpos=0 ypos=8 left-column full-justified aligned-line headchar-lower tailchar-hiphen
E-Body	ing algorithms.	page=1 xpos=0 ypos=9 left-column right-indent aligned-line shorter-tail headchar-lower tailchar-period above-blank-line above-double-space above-line-space
Page	932	page=1 xpos=4 ypos=9 left-column left-indent right-over indented-line longer-tail line-blank-line line-double-space line-space numeric-only column-bottom
B-SectionHeader	2 Evaluating Definition Questions	page=1 xpos=5 ypos=0 right-column right-indent font-largest column-top numbered-heading1 above-double-space above-line-space
B-Body	To date, NIST has conducted two formal evaluations	page=1 xpos=5 ypos=1 right-column full-justified aligned-line longer-tail line-double-space line-space headchar-capital
I-Body	of definition questions, at TREC 2003 and TREC	page=1 xpos=5 ypos=1 right-column full-justified aligned-line year headchar-lower
I-Body	2004. <sup>1</sup> In this section, we describe the setup of the	page=1 xpos=5 ypos=1 right-column full-justified font-largest aligned-line year
E-Body	task and the evaluation methodology.	page=1 xpos=5 ypos=2 right-column right-indent aligned-line shorter-tail headchar-lower tailchar-period above-line-space
B-Body	Answers to definition questions are comprised of	page=1 xpos=5 ypos=2 right-column left-indent indented-line longer-tail line-space headchar-capital
I-Body	an unordered set of [document-id, answer string]	page=1 xpos=5 ypos=2 right-column full-justified hanged-line headchar-lower
I-Body	pairs, where the strings are presumed to provide	page=1 xpos=5 ypos=3 right-column full-justified aligned-line headchar-lower
I-Body	some relevant information about the entity being	page=1 xpos=5 ypos=3 right-column full-justified aligned-line headchar-lower
I-Body	“defined”, usually called the target. Although no	page=1 xpos=5 ypos=3 right-column full-justified aligned-line
I-Body	explicit limit is placed on the length of the answer	page=1 xpos=5 ypos=4 right-column full-justified aligned-line headchar-lower
I-Body	string, the final scoring metric penalizes verbosity	page=1 xpos=5 ypos=4 right-column full-justified aligned-line headchar-lower
E-Body	(discussed below).	page=1 xpos=5 ypos=4 right-column right-indent aligned-line shorter-tail tailchar-period above-line-space
B-Body	To evaluate system responses, NIST pools answer	page=1 xpos=5 ypos=5 right-column left-indent indented-line longer-tail line-space headchar-capital
I-Body	strings from all systems, removes their association	page=1 xpos=5 ypos=5 right-column full-justified hanged-line headchar-lower
I-Body	with the runs that produced them, and presents them	page=1 xpos=5 ypos=5 right-column full-justified aligned-line headchar-lower
I-Body	to a human assessor. Using these responses and re-	page=1 xpos=5 ypos=6 right-column full-justified aligned-line headchar-lower tailchar-hiphen
I-Body	search performed during the original development of	page=1 xpos=5 ypos=6 right-column full-justified aligned-line headchar-lower
I-Body	the question, the assessor creates an “answer key”—	page=1 xpos=5 ypos=6 right-column full-justified aligned-line headchar-lower
I-Body	a list of “information nuggets” about the target. An	page=1 xpos=5 ypos=7 right-column full-justified aligned-line itemization headchar-lower
I-Body	information nugget is defined as a fact for which the	page=1 xpos=5 ypos=7 right-column full-justified aligned-line headchar-lower
I-Body	assessor could make a binary decision as to whether	page=1 xpos=5 ypos=7 right-column full-justified aligned-line headchar-lower
I-Body	a response contained that nugget (Voorhees, 2003).	page=1 xpos=5 ypos=7 right-column full-justified aligned-line itemization year headchar-lower tailchar-period
I-Body	The assessor also manually classifies each nugget as	page=1 xpos=5 ypos=8 right-column full-justified aligned-line headchar-capital above-double-space above-line-space
B-Footnote	<sup>1</sup> TREC 2004 questions were arranged around “topics”; def-	page=1 xpos=5 ypos=8 right-column left-indent indented-line line-double-space line-space year headchar-super tailchar-hiphen
I-Footnote	inition questions were implicit in the “other” questions.	page=1 xpos=5 ypos=9 right-column right-indent font-smallest hanged-line shorter-tail headchar-lower tailchar-period page-bottom
Figure	__Figure 1__	page=2 xpos=0 ypos=-3 single-column centered left-indent right-indent box page-top figure-area above-double-space above-line-space
B-Caption	Figure 1: Examples of judging actual system responses.	page=2 xpos=2 ypos=0 single-column centered left-indent right-indent indented-line shorter-tail line-double-space line-space string-figure headchar-capital tailchar-period column-bottom above-blank-line above-double-space above-line-space
I-Body	either vital or okay. Vital nuggets represent con-	page=2 xpos=0 ypos=0 left-column full-justified column-top line-blank-line line-double-space line-space headchar-lower tailchar-hiphen
I-Body	cepts that must be present in a “good” definition;	page=2 xpos=0 ypos=0 left-column full-justified aligned-line headchar-lower tailchar-semicolon
I-Body	on the other hand, okay nuggets contribute worth-	page=2 xpos=0 ypos=1 left-column full-justified aligned-line headchar-lower tailchar-hiphen
I-Body	while information about the target but are not essen-	page=2 xpos=0 ypos=1 left-column full-justified aligned-line headchar-lower tailchar-hiphen
I-Body	tial; cf. (Hildebrandt et al., 2004). As an example,	page=2 xpos=0 ypos=1 left-column full-justified aligned-line year headchar-lower tailchar-comma
I-Body	nuggets for the question “What is the Cassini space	page=2 xpos=0 ypos=1 left-column full-justified aligned-line headchar-lower
E-Body	probe?” are shown in Table 1.	page=2 xpos=0 ypos=2 left-column right-indent aligned-line shorter-tail headchar-lower tailchar-period above-line-space
B-Body	Once this answer key of vital/okay nuggets is cre-	page=2 xpos=0 ypos=2 left-column left-indent indented-line longer-tail line-space headchar-capital tailchar-hiphen
I-Body	ated, the assessor then manually scores each run. For	page=2 xpos=0 ypos=2 left-column full-justified hanged-line headchar-lower
I-Body	each system response, he or she decides whether or	page=2 xpos=0 ypos=2 left-column full-justified aligned-line headchar-lower
I-Body	not each nugget is present. Assessors do not sim-	page=2 xpos=0 ypos=3 left-column full-justified aligned-line headchar-lower tailchar-hiphen
I-Body	ply perform string matches in this decision process;	page=2 xpos=0 ypos=3 left-column full-justified aligned-line headchar-lower tailchar-semicolon
I-Body	rather, this matching occurs at the conceptual level,	page=2 xpos=0 ypos=3 left-column full-justified aligned-line headchar-lower tailchar-comma
I-Body	abstracting away from issues such as vocabulary	page=2 xpos=0 ypos=3 left-column full-justified aligned-line headchar-lower
I-Body	differences, syntactic divergences, paraphrases, etc.	page=2 xpos=0 ypos=4 left-column full-justified aligned-line headchar-lower tailchar-period
I-Body	Two examples of this matching process are shown	page=2 xpos=0 ypos=4 left-column full-justified aligned-line headchar-capital
I-Body	in Figure 1: nuggets 1 and 2 were found in the top	page=2 xpos=0 ypos=4 left-column full-justified aligned-line headchar-lower
I-Body	passage, while nuggets 4, 5, and 6 were found in the	page=2 xpos=0 ypos=4 left-column full-justified aligned-line headchar-lower
I-Body	bottom passage. It is exactly this process of concep-	page=2 xpos=0 ypos=5 left-column full-justified aligned-line headchar-lower tailchar-hiphen
I-Body	tually matching nuggets from the answer key with	page=2 xpos=0 ypos=5 left-column full-justified aligned-line headchar-lower
I-Body	system responses that we attempt to capture with an	page=2 xpos=0 ypos=5 left-column full-justified aligned-line headchar-lower
E-Body	automatic scoring algorithm.	page=2 xpos=0 ypos=5 left-column right-indent aligned-line shorter-tail headchar-lower tailchar-period above-line-space
B-Body	The final F-score for an answer is calculated in	page=2 xpos=0 ypos=6 left-column left-indent indented-line longer-tail line-space headchar-capital
I-Body	the manner described in Figure 2, and the final score	page=2 xpos=0 ypos=6 left-column full-justified hanged-line headchar-lower
I-Body	of a run is simply the average across the scores of all	page=2 xpos=0 ypos=6 left-column full-justified aligned-line headchar-lower
I-Body	questions. The metric is a harmonic mean between	page=2 xpos=0 ypos=6 left-column full-justified aligned-line headchar-lower
I-Body	nugget precision and nugget recall, where recall is	page=2 xpos=0 ypos=7 left-column full-justified aligned-line headchar-lower
I-Body	heavily favored (controlled by the β parameter, set	page=2 xpos=0 ypos=7 left-column full-justified aligned-line headchar-lower
I-Body	to five in 2003 and three in 2004). Nugget recall is	page=2 xpos=0 ypos=7 left-column full-justified aligned-line year headchar-lower
I-Body	calculated solely on vital nuggets, while nugget pre-	page=2 xpos=0 ypos=7 left-column full-justified aligned-line headchar-lower tailchar-hiphen
I-Body	cision is approximated by a length allowance given	page=2 xpos=0 ypos=8 left-column full-justified aligned-line headchar-lower
I-Body	based on the number of both vital and okay nuggets	page=2 xpos=0 ypos=8 left-column full-justified aligned-line headchar-lower
I-Body	returned. Early on in a pilot study, researchers dis-	page=2 xpos=0 ypos=8 left-column full-justified aligned-line headchar-lower tailchar-hiphen
I-Body	covered that it was impossible for assessors to con-	page=2 xpos=0 ypos=8 left-column full-justified aligned-line headchar-lower tailchar-hiphen
I-Body	sistently enumerate the total set of nuggets contained	page=2 xpos=0 ypos=9 left-column full-justified aligned-line headchar-lower above-blank-line above-double-space above-line-space
Page	933	page=2 xpos=4 ypos=9 left-column left-indent right-over indented-line longer-tail line-blank-line line-double-space line-space numeric-only column-bottom
Figure	__Figure 2__	page=2 xpos=5 ypos=0 right-column centered box column-top figure-area above-double-space above-line-space
B-Caption	Figure 2: Official definition of F-measure.	page=2 xpos=5 ypos=4 right-column centered left-indent right-indent indented-line shorter-tail line-double-space line-space string-figure headchar-capital tailchar-period above-blank-line above-double-space above-line-space
I-Body	in a system response, given that they were usually	page=2 xpos=5 ypos=5 right-column full-justified hanged-line longer-tail line-blank-line line-double-space line-space headchar-lower
I-Body	extracted text fragments from documents (Voorhees,	page=2 xpos=5 ypos=5 right-column full-justified aligned-line headchar-lower tailchar-comma
I-Body	2003). Thus, a penalty for verbosity serves as a sur-	page=2 xpos=5 ypos=5 right-column full-justified aligned-line year tailchar-hiphen
E-Body	rogate for precision.	page=2 xpos=5 ypos=6 right-column right-indent aligned-line shorter-tail headchar-lower tailchar-period above-double-space above-line-space
B-SectionHeader	3 Previous Work	page=2 xpos=5 ypos=6 right-column right-indent font-largest aligned-line longer-tail line-double-space line-space numbered-heading1 above-double-space above-line-space
B-Body	The idea of employing n-gram co-occurrence statis-	page=2 xpos=5 ypos=6 right-column full-justified aligned-line longer-tail line-double-space line-space headchar-capital tailchar-hiphen
I-Body	tics to score the output of a computer system against	page=2 xpos=5 ypos=7 right-column full-justified aligned-line headchar-lower
I-Body	one or more desired reference outputs was first suc-	page=2 xpos=5 ypos=7 right-column full-justified aligned-line headchar-lower tailchar-hiphen
I-Body	cessfully implemented in the B LEU metric for ma-	page=2 xpos=5 ypos=7 right-column full-justified aligned-line headchar-lower tailchar-hiphen
I-Body	chine translation (Papineni et al., 2002). Since then,	page=2 xpos=5 ypos=7 right-column full-justified aligned-line year headchar-lower tailchar-comma
I-Body	the basic method for scoring translation quality has	page=2 xpos=5 ypos=8 right-column full-justified aligned-line headchar-lower
I-Body	been improved upon by others, e.g., (Babych and	page=2 xpos=5 ypos=8 right-column full-justified aligned-line headchar-lower
I-Body	Hartley, 2004; Lin and Och, 2004). The basic idea	page=2 xpos=5 ypos=8 right-column full-justified aligned-line year headchar-capital
I-Body	has been extended to evaluating document summa-	page=2 xpos=5 ypos=8 right-column full-justified aligned-line headchar-lower tailchar-hiphen
E-Body	rization with R OUGE (Lin and Hovy, 2003).	page=2 xpos=5 ypos=9 right-column right-indent aligned-line shorter-tail year headchar-lower tailchar-period page-bottom
B-Body	Recently, Soricut and Brill (2004) employed n-	page=3 xpos=0 ypos=0 left-column left-indent page-top year headchar-capital tailchar-hiphen
I-Body	gram co-occurrences to evaluate question answer-	page=3 xpos=0 ypos=0 left-column full-justified hanged-line headchar-lower tailchar-hiphen
I-Body	ing in a FAQ domain; unfortunately, the task differs	page=3 xpos=0 ypos=0 left-column full-justified aligned-line headchar-lower
I-Body	from definition question answering, making their re-	page=3 xpos=0 ypos=0 left-column full-justified aligned-line headchar-lower tailchar-hiphen
I-Body	sults not directly applicable. Xu et al. (2004) applied	page=3 xpos=0 ypos=0 left-column full-justified aligned-line year headchar-lower
I-Body	R OUGE to automatically evaluate answers to defi-	page=3 xpos=0 ypos=1 left-column full-justified aligned-line headchar-capital tailchar-hiphen
I-Body	nition questions, viewing the task as a variation of	page=3 xpos=0 ypos=1 left-column full-justified aligned-line headchar-lower
I-Body	document summarization. Because TREC answer	page=3 xpos=0 ypos=1 left-column full-justified aligned-line headchar-lower
I-Body	nuggets were terse phrases, the authors found it nec-	page=3 xpos=0 ypos=1 left-column full-justified aligned-line headchar-lower tailchar-hiphen
I-Body	essary to rephrase them—two humans were asked	page=3 xpos=0 ypos=1 left-column full-justified aligned-line headchar-lower
I-Body	to manually create “reference answers” based on the	page=3 xpos=0 ypos=2 left-column full-justified aligned-line headchar-lower
I-Body	assessors’ nuggets and IR results, which was a labor-	page=3 xpos=0 ypos=2 left-column full-justified aligned-line headchar-lower tailchar-hiphen
I-Body	intensive process. Furthermore, Xu et al. did not	page=3 xpos=0 ypos=2 left-column full-justified aligned-line headchar-lower
I-Body	perform a large-scale assessment of the reliability of	page=3 xpos=0 ypos=2 left-column full-justified aligned-line headchar-lower
E-Body	R OUGE for evaluating definition answers.	page=3 xpos=0 ypos=2 left-column right-indent aligned-line shorter-tail headchar-capital tailchar-period above-double-space above-line-space
B-SectionHeader	4 Criteria for Success	page=3 xpos=0 ypos=3 left-column right-indent font-largest aligned-line shorter-tail line-double-space line-space numbered-heading1 above-double-space above-line-space
B-Body	Before proceeding to our description of P OURPRE , it	page=3 xpos=0 ypos=3 left-column full-justified aligned-line longer-tail line-double-space line-space headchar-capital
I-Body	is important to first define the basis for assessing the	page=3 xpos=0 ypos=3 left-column full-justified aligned-line headchar-lower
I-Body	quality of an automatic evaluation algorithm. Cor-	page=3 xpos=0 ypos=3 left-column full-justified aligned-line headchar-lower tailchar-hiphen
I-Body	relation between official scores and automatically-	page=3 xpos=0 ypos=4 left-column full-justified aligned-line headchar-lower tailchar-hiphen
I-Body	generated scores, as measured by the coefficient of	page=3 xpos=0 ypos=4 left-column full-justified aligned-line headchar-lower
I-Body	determination R <sup>2</sup> , seems like an obvious metric for	page=3 xpos=0 ypos=4 left-column full-justified font-largest aligned-line headchar-lower
I-Body	quantifying the performance of a scoring algorithm.	page=3 xpos=0 ypos=4 left-column full-justified aligned-line headchar-lower tailchar-period
I-Body	Indeed, this measure has been employed in the eval-	page=3 xpos=0 ypos=4 left-column full-justified aligned-line headchar-capital tailchar-hiphen
E-Body	uation of B LEU , R OUGE , and other related metrics.	page=3 xpos=0 ypos=5 left-column right-indent aligned-line headchar-lower tailchar-period above-line-space
B-Body	However, we believe that there are better mea-	page=3 xpos=0 ypos=5 left-column left-indent indented-line line-space headchar-capital tailchar-hiphen
I-Body	sures of performance. In comparative evaluations,	page=3 xpos=0 ypos=5 left-column full-justified hanged-line headchar-lower tailchar-comma
I-Body	we ultimately want to determine if one technique	page=3 xpos=0 ypos=5 left-column full-justified aligned-line headchar-lower
I-Body	is “better” than another. Thus, the system rank-	page=3 xpos=0 ypos=5 left-column full-justified aligned-line headchar-lower tailchar-hiphen
I-Body	ings produced by a particular scoring method are	page=3 xpos=0 ypos=6 left-column full-justified aligned-line headchar-lower
I-Body	often more important than the actual scores them-	page=3 xpos=0 ypos=6 left-column full-justified aligned-line headchar-lower tailchar-hiphen
I-Body	selves. Following the information retrieval litera-	page=3 xpos=0 ypos=6 left-column full-justified aligned-line headchar-lower tailchar-hiphen
I-Body	ture, we employ Kendall’s τ to capture this insight.	page=3 xpos=0 ypos=6 left-column full-justified aligned-line headchar-lower tailchar-period
I-Body	Kendall’s τ computes the “distance” between two	page=3 xpos=0 ypos=6 left-column full-justified aligned-line headchar-capital
I-Body	rankings as the minimum number of pairwise adja-	page=3 xpos=0 ypos=7 left-column full-justified aligned-line headchar-lower tailchar-hiphen
I-Body	cent swaps necessary to convert one ranking into the	page=3 xpos=0 ypos=7 left-column full-justified aligned-line headchar-lower
I-Body	other. This value is normalized by the number of	page=3 xpos=0 ypos=7 left-column full-justified aligned-line headchar-lower
I-Body	items being ranked such that two identical rankings	page=3 xpos=0 ypos=7 left-column full-justified aligned-line headchar-lower
I-Body	produce a correlation of 1.0; the correlation between	page=3 xpos=0 ypos=7 left-column full-justified aligned-line headchar-lower
I-Body	a ranking and its perfect inverse is −1.0; and the ex-	page=3 xpos=0 ypos=8 left-column full-justified font-larger aligned-line itemization headchar-lower tailchar-hiphen
I-Body	pected correlation of two rankings chosen at random	page=3 xpos=0 ypos=8 left-column full-justified aligned-line headchar-lower
I-Body	is 0.0. Typically, a value of greater than 0.8 is con-	page=3 xpos=0 ypos=8 left-column full-justified aligned-line headchar-lower tailchar-hiphen
I-Body	sidered “good”, although 0.9 represents a threshold	page=3 xpos=0 ypos=8 left-column full-justified aligned-line headchar-lower
I-Body	researchers generally aim for. In this study, we pri-	page=3 xpos=0 ypos=8 left-column full-justified aligned-line headchar-lower tailchar-hiphen
I-Body	marily focus on Kendall’s τ , but also report R <sup>2</sup> val-	page=3 xpos=0 ypos=9 left-column full-justified font-largest aligned-line headchar-lower tailchar-hiphen
E-Body	ues where appropriate.	page=3 xpos=0 ypos=9 left-column right-indent aligned-line shorter-tail headchar-lower tailchar-period above-blank-line above-double-space above-line-space
Page	934	page=3 xpos=4 ypos=9 left-column left-indent right-over indented-line longer-tail line-blank-line line-double-space line-space numeric-only column-bottom
B-SectionHeader	5 P OURPRE	page=3 xpos=5 ypos=0 right-column right-indent font-largest column-top numbered-heading1 above-double-space above-line-space
B-Body	Previously, it has been assumed that matching	page=3 xpos=5 ypos=0 right-column full-justified aligned-line longer-tail line-double-space line-space headchar-capital
I-Body	nuggets from the assessors’ answer key with sys-	page=3 xpos=5 ypos=0 right-column full-justified aligned-line headchar-lower tailchar-hiphen
I-Body	tems’ responses must be performed manually be-	page=3 xpos=5 ypos=0 right-column full-justified aligned-line headchar-lower tailchar-hiphen
I-Body	cause it involves semantics (Voorhees, 2003). We	page=3 xpos=5 ypos=0 right-column full-justified aligned-line year headchar-lower
I-Body	would like to challenge this assumption and hypoth-	page=3 xpos=5 ypos=1 right-column full-justified aligned-line headchar-lower tailchar-hiphen
I-Body	esize that term co-occurrence statistics can serve as	page=3 xpos=5 ypos=1 right-column full-justified aligned-line headchar-lower
I-Body	a surrogate for this semantic matching process. Ex-	page=3 xpos=5 ypos=1 right-column full-justified aligned-line itemization headchar-lower tailchar-hiphen
I-Body	perience with the R OUGE metric has demonstrated	page=3 xpos=5 ypos=1 right-column full-justified aligned-line headchar-lower
I-Body	the effectiveness of matching unigrams, an idea we	page=3 xpos=5 ypos=1 right-column full-justified aligned-line headchar-lower
I-Body	employ in our P OURPRE metric. We hypothesize	page=3 xpos=5 ypos=2 right-column full-justified aligned-line headchar-lower
I-Body	that matching bigrams, trigrams, or any other longer	page=3 xpos=5 ypos=2 right-column full-justified aligned-line headchar-lower
I-Body	n-grams will not be beneficial, because they primar-	page=3 xpos=5 ypos=2 right-column full-justified aligned-line headchar-lower tailchar-hiphen
I-Body	ily account for the fluency of a response, more rele-	page=3 xpos=5 ypos=2 right-column full-justified aligned-line headchar-lower tailchar-hiphen
I-Body	vant in a machine translation task. Since answers to	page=3 xpos=5 ypos=2 right-column full-justified aligned-line headchar-lower
I-Body	definition questions are usually document extracts,	page=3 xpos=5 ypos=3 right-column full-justified aligned-line headchar-lower tailchar-comma
E-Body	fluency is less important a concern.	page=3 xpos=5 ypos=3 right-column right-indent aligned-line shorter-tail headchar-lower tailchar-period
B-Body	The idea behind P OURPRE is relatively straight-	page=3 xpos=5 ypos=3 right-column left-indent indented-line longer-tail headchar-capital tailchar-hiphen
I-Body	forward: match nuggets by summing the unigram	page=3 xpos=5 ypos=3 right-column full-justified hanged-line headchar-lower
I-Body	co-occurrences between terms from each nugget and	page=3 xpos=5 ypos=3 right-column full-justified aligned-line headchar-lower
I-Body	terms from the system response. We decided to start	page=3 xpos=5 ypos=4 right-column full-justified aligned-line headchar-lower
I-Body	with the simplest possible approach: count the word	page=3 xpos=5 ypos=4 right-column full-justified aligned-line headchar-lower
I-Body	overlap and divide by the total number of terms in	page=3 xpos=5 ypos=4 right-column full-justified aligned-line headchar-lower
I-Body	the answer nugget. The only additional wrinkle is to	page=3 xpos=5 ypos=4 right-column full-justified aligned-line headchar-lower
I-Body	ensure that all words appear within the same answer	page=3 xpos=5 ypos=4 right-column full-justified aligned-line headchar-lower
I-Body	string. Since nuggets represent coherent concepts,	page=3 xpos=5 ypos=5 right-column full-justified aligned-line headchar-lower tailchar-comma
I-Body	they are unlikely to be spread across different an-	page=3 xpos=5 ypos=5 right-column full-justified aligned-line headchar-lower tailchar-hiphen
I-Body	swer strings (which are usually different extracts of	page=3 xpos=5 ypos=5 right-column full-justified aligned-line headchar-lower
I-Body	source documents). As a simple example, let’s say	page=3 xpos=5 ypos=5 right-column full-justified aligned-line headchar-lower
I-Body	we’re trying to determine if the nugget “A B C D” is	page=3 xpos=5 ypos=5 right-column full-justified aligned-line headchar-lower
I-Body	contained in the following system response:	page=3 xpos=5 ypos=6 right-column right-indent aligned-line shorter-tail headchar-lower tailchar-colon above-double-space above-line-space
B-Listitem	1. A	page=3 xpos=5 ypos=6 right-column left-indent right-indent indented-line shorter-tail line-double-space line-space itemization
B-Listitem	2. BCD	page=3 xpos=5 ypos=6 right-column left-indent right-indent aligned-line longer-tail itemization
B-Listitem	3. D	page=3 xpos=5 ypos=6 right-column left-indent right-indent aligned-line shorter-tail itemization
B-Listitem	4. AD	page=3 xpos=5 ypos=7 right-column left-indent right-indent aligned-line longer-tail itemization above-double-space above-line-space
B-Body	The match score assigned to this nugget would be	page=3 xpos=5 ypos=7 right-column left-indent hanged-line longer-tail line-double-space line-space headchar-capital
I-Body	3/4, from answer string 2; no other answer string	page=3 xpos=5 ypos=7 right-column full-justified hanged-line
I-Body	would get credit for this nugget. This provision re-	page=3 xpos=5 ypos=7 right-column full-justified aligned-line headchar-lower tailchar-hiphen
E-Body	duces the impact of coincidental term matches.	page=3 xpos=5 ypos=7 right-column right-indent aligned-line shorter-tail headchar-lower tailchar-period
B-Body	Once we determine the match score for every	page=3 xpos=5 ypos=8 right-column left-indent indented-line longer-tail headchar-capital
I-Body	nugget, the final F-score is calculated in the usual	page=3 xpos=5 ypos=8 right-column full-justified hanged-line headchar-lower
I-Body	way, except that the automatically-derived match	page=3 xpos=5 ypos=8 right-column full-justified aligned-line headchar-lower
I-Body	scores are substituted where appropriate. For exam-	page=3 xpos=5 ypos=8 right-column full-justified aligned-line headchar-lower tailchar-hiphen
I-Body	ple, nugget recall now becomes the sum of the match	page=3 xpos=5 ypos=8 right-column full-justified aligned-line headchar-lower
I-Body	scores for all vital nuggets divided by the total num-	page=3 xpos=5 ypos=9 right-column full-justified aligned-line headchar-lower tailchar-hiphen
I-Body	ber of vital nuggets. In the official F-score calcula-	page=3 xpos=5 ypos=9 right-column full-justified aligned-line headchar-lower tailchar-hiphen page-bottom
Table	__Table 2__	page=4 xpos=0 ypos=-2 single-column centered left-indent right-indent box page-top table-area above-double-space above-line-space
B-Caption	Table 2: Correlation (Kendall’s τ ) between rankings generated by P OURPRE /R OUGE and official scores.	page=4 xpos=0 ypos=0 single-column centered left-indent right-indent hanged-line longer-tail line-double-space line-space string-table headchar-capital tailchar-period above-double-space above-line-space
Table	__Table 3__	page=4 xpos=0 ypos=0 single-column centered left-indent right-indent box indented-line shorter-tail line-double-space line-space table-area above-double-space above-line-space
B-Caption	Table 3: Correlation (R <sup>2</sup> ) between values generated by P OURPRE /R OUGE and official scores.	page=4 xpos=0 ypos=1 single-column centered left-indent right-indent font-largest aligned-line line-double-space line-space string-table headchar-capital tailchar-period column-bottom above-blank-line above-double-space above-line-space
I-Body	tion, the length allowance—for the purposes of com-	page=4 xpos=0 ypos=2 left-column full-justified column-top line-blank-line line-double-space line-space headchar-lower tailchar-hiphen
I-Body	puting nugget precision—was 100 non-whitespace	page=4 xpos=0 ypos=2 left-column full-justified aligned-line headchar-lower
I-Body	characters for every okay and vital nugget returned.	page=4 xpos=0 ypos=2 left-column full-justified aligned-line headchar-lower tailchar-period
I-Body	Since nugget match scores are now fractional, this	page=4 xpos=0 ypos=3 left-column full-justified aligned-line headchar-capital
I-Body	required some adjustment. We settled on an al-	page=4 xpos=0 ypos=3 left-column full-justified aligned-line headchar-lower tailchar-hiphen
I-Body	lowance of 100 non-whitespace characters for every	page=4 xpos=0 ypos=3 left-column full-justified aligned-line headchar-lower
E-Body	nugget match that had non-zero score.	page=4 xpos=0 ypos=3 left-column right-indent aligned-line shorter-tail headchar-lower tailchar-period above-line-space
B-Body	A major drawback of this basic unigram over-	page=4 xpos=0 ypos=4 left-column left-indent indented-line longer-tail line-space headchar-capital tailchar-hiphen
I-Body	lap approach is that all terms are considered equally	page=4 xpos=0 ypos=4 left-column full-justified hanged-line headchar-lower
I-Body	important—surely, matching “year” in a system’s re-	page=4 xpos=0 ypos=4 left-column full-justified aligned-line headchar-lower tailchar-hiphen
I-Body	sponse should count for less than matching “Huy-	page=4 xpos=0 ypos=4 left-column full-justified aligned-line headchar-lower tailchar-hiphen
I-Body	gens”, in the example about the Cassini space	page=4 xpos=0 ypos=4 left-column full-justified aligned-line headchar-lower
I-Body	probe. We decided to capture this intuition using in-	page=4 xpos=0 ypos=5 left-column full-justified aligned-line headchar-lower tailchar-hiphen
I-Body	verse document frequency, a commonly-used mea-	page=4 xpos=0 ypos=5 left-column full-justified aligned-line headchar-lower tailchar-hiphen
I-Body	sure in information retrieval; idf (t <sub>i</sub> ) is defined as	page=4 xpos=0 ypos=5 left-column full-justified font-largest aligned-line headchar-lower
I-Body	log(N/c <sub>i</sub> ), where N is the number of documents in	page=4 xpos=0 ypos=5 left-column full-justified font-largest aligned-line headchar-lower
I-Body	the collection, and c <sub>i</sub> is the number of documents	page=4 xpos=0 ypos=6 left-column full-justified font-largest aligned-line headchar-lower
I-Body	that contain the term t <sub>i</sub> . With scoring based on idf,	page=4 xpos=0 ypos=6 left-column full-justified font-largest aligned-line headchar-lower tailchar-comma
I-Body	term counts are simply replaced with idf sums in	page=4 xpos=0 ypos=6 left-column full-justified aligned-line headchar-lower
I-Body	computing the match score, i.e., the match score of	page=4 xpos=0 ypos=6 left-column full-justified aligned-line headchar-lower
I-Body	a particular nugget is the sum of the idfs of match-	page=4 xpos=0 ypos=6 left-column full-justified aligned-line itemization headchar-lower tailchar-hiphen
I-Body	ing terms in the system response divided by the sum	page=4 xpos=0 ypos=7 left-column full-justified aligned-line headchar-lower
I-Body	of all term idfs from the answer nugget. Finally,	page=4 xpos=0 ypos=7 left-column full-justified aligned-line headchar-lower tailchar-comma
I-Body	we examined the effects of stemming, i.e., matching	page=4 xpos=0 ypos=7 left-column full-justified aligned-line headchar-lower
E-Body	stemmed terms derived from the Porter stemmer.	page=4 xpos=0 ypos=7 left-column right-indent aligned-line shorter-tail headchar-lower tailchar-period above-line-space
B-Body	In the next section, results of experiments with	page=4 xpos=0 ypos=8 left-column left-indent indented-line longer-tail line-space headchar-capital
I-Body	submissions to TREC 2003 and TREC 2004 are re-	page=4 xpos=0 ypos=8 left-column full-justified hanged-line year headchar-lower tailchar-hiphen
I-Body	ported. We attempted two different methods for ag-	page=4 xpos=0 ypos=8 left-column full-justified aligned-line headchar-lower tailchar-hiphen
I-Body	gregating results: microaveraging and macroaverag-	page=4 xpos=0 ypos=8 left-column full-justified aligned-line headchar-lower tailchar-hiphen
I-Body	ing. For microaveraging, scores were calculated by	page=4 xpos=0 ypos=9 left-column full-justified aligned-line headchar-lower
I-Body	computing the nugget match scores over all nuggets	page=4 xpos=0 ypos=9 left-column full-justified aligned-line headchar-lower above-blank-line above-double-space above-line-space
Page	935	page=4 xpos=4 ypos=9 left-column left-indent right-over indented-line longer-tail line-blank-line line-double-space line-space numeric-only column-bottom
I-Body	for all questions. For macroaveraging, scores for	page=4 xpos=5 ypos=2 right-column full-justified column-top headchar-lower
I-Body	each question were first computed, and then aver-	page=4 xpos=5 ypos=2 right-column full-justified aligned-line headchar-lower tailchar-hiphen
I-Body	aged across all questions in the testset. With mi-	page=4 xpos=5 ypos=2 right-column full-justified aligned-line headchar-lower tailchar-hiphen
I-Body	croaveraging, each nugget is given equal weight,	page=4 xpos=5 ypos=3 right-column full-justified aligned-line headchar-lower tailchar-comma
I-Body	while with macroaveraging, each question is given	page=4 xpos=5 ypos=3 right-column full-justified aligned-line headchar-lower
E-Body	equal weight.	page=4 xpos=5 ypos=3 right-column right-indent aligned-line shorter-tail headchar-lower tailchar-period
B-Body	As a baseline, we revisited experiments by Xu	page=4 xpos=5 ypos=3 right-column left-indent indented-line longer-tail headchar-capital
I-Body	et al. (2004) in using R OUGE to evaluate definition	page=4 xpos=5 ypos=4 right-column full-justified hanged-line year headchar-lower
I-Body	questions. What if we simply concatenated all the	page=4 xpos=5 ypos=4 right-column full-justified aligned-line headchar-lower
I-Body	answer nuggets together and used the result as the	page=4 xpos=5 ypos=4 right-column full-justified aligned-line headchar-lower
I-Body	“reference summary” (instead of using humans to	page=4 xpos=5 ypos=4 right-column full-justified aligned-line
E-Body	create custom reference answers)?	page=4 xpos=5 ypos=4 right-column right-indent aligned-line shorter-tail headchar-lower above-double-space above-line-space
B-SectionHeader	6 Evaluation of P OURPRE	page=4 xpos=5 ypos=5 right-column right-indent font-largest aligned-line shorter-tail line-double-space line-space numbered-heading1 above-double-space above-line-space
B-Body	We evaluated all definition question runs submitted	page=4 xpos=5 ypos=5 right-column full-justified aligned-line longer-tail line-double-space line-space headchar-capital
I-Body	to the TREC 2003 <sup>2</sup> and TREC 2004 question an-	page=4 xpos=5 ypos=5 right-column full-justified font-largest aligned-line year headchar-lower tailchar-hiphen
I-Body	swering tracks with different variants of our P OUR -	page=4 xpos=5 ypos=6 right-column full-justified aligned-line headchar-lower tailchar-hiphen
I-Body	PRE metric, and then compared the results with the	page=4 xpos=5 ypos=6 right-column full-justified aligned-line headchar-capital
I-Body	official F-scores generated by human assessors. The	page=4 xpos=5 ypos=6 right-column full-justified aligned-line headchar-lower
I-Body	Kendall’s τ correlations between rankings produced	page=4 xpos=5 ypos=6 right-column full-justified aligned-line headchar-capital
I-Body	by P OURPRE and the official rankings are shown in	page=4 xpos=5 ypos=7 right-column full-justified aligned-line headchar-lower
I-Body	Table 2. The coefficients of determination (R <sup>2</sup> ) be-	page=4 xpos=5 ypos=7 right-column full-justified font-largest aligned-line string-table headchar-capital tailchar-hiphen
I-Body	tween the two sets of scores are shown in Table 3.	page=4 xpos=5 ypos=7 right-column full-justified aligned-line headchar-lower tailchar-period
I-Body	We report four separate variants along two different	page=4 xpos=5 ypos=7 right-column full-justified aligned-line headchar-capital
I-Body	parameters: scoring by term counts only vs. scoring	page=4 xpos=5 ypos=7 right-column full-justified aligned-line headchar-lower
I-Body	by term idf, and microaveraging vs. macroaveraging.	page=4 xpos=5 ypos=8 right-column full-justified aligned-line headchar-lower tailchar-period
I-Body	Interestingly, scoring based on macroaveraged term	page=4 xpos=5 ypos=8 right-column full-justified aligned-line headchar-capital above-double-space above-line-space
B-Footnote	<sup>2</sup> In TREC 2003, the value of β was arbitrarily set to five,	page=4 xpos=5 ypos=8 right-column left-indent indented-line line-double-space line-space year headchar-super tailchar-comma
I-Footnote	which was later determined to favor recall too heavily. As a	page=4 xpos=5 ypos=8 right-column full-justified font-smallest hanged-line headchar-lower
I-Footnote	result, it was readjusted to three in TREC 2004. In our experi-	page=4 xpos=5 ypos=9 right-column full-justified font-smallest aligned-line year headchar-lower tailchar-hiphen
I-Footnote	ments with TREC 2003, we report figures for both values.	page=4 xpos=5 ypos=9 right-column right-indent font-smallest aligned-line shorter-tail year headchar-lower tailchar-period page-bottom
Figure	__Figure 3__	page=5 xpos=0 ypos=-2 left-column centered left-indent right-indent box page-top figure-area above-double-space above-line-space
B-Caption	Figure 3: Scatter graph of official scores plotted	page=5 xpos=0 ypos=1 left-column full-justified line-double-space line-space string-figure headchar-capital
I-Caption	against the P OURPRE scores (macro, count) for	page=5 xpos=0 ypos=1 left-column full-justified aligned-line headchar-lower
E-Caption	TREC 2003 (β = 5).	page=5 xpos=0 ypos=2 left-column right-indent aligned-line shorter-tail year headchar-capital tailchar-period above-blank-line above-double-space above-line-space
E-Body	counts outperformed any of the idf variants.	page=5 xpos=0 ypos=2 left-column right-indent aligned-line longer-tail line-blank-line line-double-space line-space headchar-lower tailchar-period above-line-space
B-Body	A scatter graph plotting official F-scores against	page=5 xpos=0 ypos=2 left-column left-indent indented-line longer-tail line-space headchar-capital
I-Body	P OURPRE scores (macro, count) for TREC 2003	page=5 xpos=0 ypos=3 left-column full-justified hanged-line year headchar-capital
I-Body	(β = 5) is shown in Figure 3. Corresponding graphs	page=5 xpos=0 ypos=3 left-column full-justified aligned-line
I-Body	for other variants appear similar, and are not shown	page=5 xpos=0 ypos=3 left-column full-justified aligned-line headchar-lower
I-Body	here. The effect of stemming on the Kendall’s τ cor-	page=5 xpos=0 ypos=3 left-column full-justified aligned-line headchar-lower tailchar-hiphen
I-Body	relation between P OURPRE (macro, count) and of-	page=5 xpos=0 ypos=3 left-column full-justified aligned-line headchar-lower tailchar-hiphen
I-Body	ficial scores in shown in Table 4. Results from the	page=5 xpos=0 ypos=4 left-column full-justified aligned-line headchar-lower
I-Body	same stemming experiment on the other P OURPRE	page=5 xpos=0 ypos=4 left-column full-justified aligned-line headchar-lower
E-Body	variants are similarly inconclusive.	page=5 xpos=0 ypos=4 left-column right-indent aligned-line shorter-tail headchar-lower tailchar-period
B-Body	For TREC 2003 (β = 5), we performed an anal-	page=5 xpos=0 ypos=4 left-column left-indent indented-line longer-tail year headchar-capital tailchar-hiphen
I-Body	ysis of rank swaps between official and P OURPRE	page=5 xpos=0 ypos=5 left-column full-justified hanged-line headchar-lower
I-Body	scores. A rank swap is said to have occurred if the	page=5 xpos=0 ypos=5 left-column full-justified aligned-line headchar-lower
I-Body	relative ranking of two runs is different under dif-	page=5 xpos=0 ypos=5 left-column full-justified aligned-line headchar-lower tailchar-hiphen
I-Body	ferent conditions—they are significant because rank	page=5 xpos=0 ypos=5 left-column full-justified aligned-line headchar-lower
I-Body	swaps might prevent researchers from confidently	page=5 xpos=0 ypos=5 left-column full-justified aligned-line headchar-lower
I-Body	drawing conclusions about the relative effectiveness	page=5 xpos=0 ypos=6 left-column full-justified aligned-line headchar-lower
I-Body	of different techniques. We observed 81 rank swaps	page=5 xpos=0 ypos=6 left-column full-justified aligned-line headchar-lower
I-Body	(out of a total of 1431 pairwise comparisons for 54	page=5 xpos=0 ypos=6 left-column full-justified aligned-line
I-Body	runs). A histogram of these rank swaps, binned by	page=5 xpos=0 ypos=6 left-column full-justified aligned-line headchar-lower
I-Body	the difference in official score, is shown in Figure 4.	page=5 xpos=0 ypos=7 left-column full-justified aligned-line headchar-lower tailchar-period
I-Body	As can be seen, 48 rank swaps (59.3%) occurred	page=5 xpos=0 ypos=7 left-column full-justified aligned-line headchar-capital
I-Body	when the difference in official score is less than	page=5 xpos=0 ypos=7 left-column full-justified aligned-line headchar-lower
I-Body	0.02; there were no rank swaps observed for runs	page=5 xpos=0 ypos=7 left-column full-justified aligned-line
I-Body	in which the official scores differed by more than	page=5 xpos=0 ypos=7 left-column full-justified aligned-line headchar-lower
I-Body	0.061. Since measurement error is an inescapable	page=5 xpos=0 ypos=8 left-column full-justified aligned-line
I-Body	fact of evaluation, we need not be concerned with	page=5 xpos=0 ypos=8 left-column full-justified aligned-line headchar-lower
I-Body	rank swaps that can be attributed to this factor. For	page=5 xpos=0 ypos=8 left-column full-justified aligned-line headchar-lower
I-Body	TREC 2003, Voorhees (2003) calculated this value	page=5 xpos=0 ypos=8 left-column full-justified aligned-line year headchar-capital
I-Body	to be approximately 0.1; that is, in order to conclude	page=5 xpos=0 ypos=9 left-column full-justified aligned-line headchar-lower
I-Body	with 95% confidence that one run is better than an-	page=5 xpos=0 ypos=9 left-column full-justified aligned-line headchar-lower tailchar-hiphen above-blank-line above-double-space above-line-space
Page	936	page=5 xpos=4 ypos=9 left-column left-indent right-over indented-line longer-tail line-blank-line line-double-space line-space numeric-only column-bottom
Table	__Table 4__	page=5 xpos=5 ypos=-2 right-column centered left-indent right-indent box column-top table-area above-double-space above-line-space
B-Caption	Table 4: The effect of stemming on Kendall’s τ ; all	page=5 xpos=5 ypos=0 right-column full-justified hanged-line longer-tail line-double-space line-space string-table headchar-capital
E-Caption	runs with (macro, count) variant of P OURPRE .	page=5 xpos=5 ypos=0 right-column right-indent aligned-line shorter-tail headchar-lower tailchar-period above-double-space above-line-space
Figure	__Figure 4__	page=5 xpos=5 ypos=0 right-column centered left-indent right-indent box indented-line longer-tail line-double-space line-space figure-area above-double-space above-line-space
B-Caption	Figure 4: Histogram of rank swaps for TREC 2003	page=5 xpos=5 ypos=3 right-column full-justified hanged-line longer-tail line-double-space line-space string-figure year headchar-capital
E-Caption	(β = 5), binned by difference in official score.	page=5 xpos=5 ypos=3 right-column right-indent aligned-line shorter-tail tailchar-period above-blank-line above-double-space above-line-space
I-Body	other, an absolute F-score difference greater than 0.1	page=5 xpos=5 ypos=3 right-column full-justified aligned-line longer-tail line-blank-line line-double-space line-space headchar-lower
I-Body	must be observed. As can be seen, all the rank swaps	page=5 xpos=5 ypos=4 right-column full-justified aligned-line headchar-lower
I-Body	observed can be attributed to error inherent in the	page=5 xpos=5 ypos=4 right-column full-justified aligned-line headchar-lower
E-Body	evaluation process.	page=5 xpos=5 ypos=4 right-column right-indent aligned-line shorter-tail headchar-lower tailchar-period
B-Body	From these results, we can see that evaluation	page=5 xpos=5 ypos=4 right-column left-indent indented-line longer-tail headchar-capital
I-Body	of definition questions is relatively coarse-grained.	page=5 xpos=5 ypos=5 right-column full-justified hanged-line headchar-lower tailchar-period
I-Body	However, TREC 2003 was the first formal evalua-	page=5 xpos=5 ypos=5 right-column full-justified aligned-line year headchar-capital tailchar-hiphen
I-Body	tion of definition questions; as methodologies are re-	page=5 xpos=5 ypos=5 right-column full-justified aligned-line headchar-lower tailchar-hiphen
I-Body	fined, the margin of error should go down. Although	page=5 xpos=5 ypos=5 right-column full-justified aligned-line headchar-lower
I-Body	a similar error analysis for TREC 2004 has not been	page=5 xpos=5 ypos=5 right-column full-justified aligned-line itemization year headchar-lower
E-Body	performed, we expect a similar result.	page=5 xpos=5 ypos=6 right-column right-indent aligned-line shorter-tail headchar-lower tailchar-period
B-Body	Given the simplicity of our P OURPRE metric,	page=5 xpos=5 ypos=6 right-column left-indent indented-line longer-tail headchar-capital tailchar-comma
I-Body	the correlation between our automatically-derived	page=5 xpos=5 ypos=6 right-column full-justified hanged-line headchar-lower
I-Body	scores and the official scores is remarkable. Starting	page=5 xpos=5 ypos=6 right-column full-justified aligned-line headchar-lower
I-Body	from a set of questions and a list of relevant nuggets,	page=5 xpos=5 ypos=7 right-column full-justified aligned-line headchar-lower tailchar-comma
I-Body	P OURPRE can accurately assess the performance of	page=5 xpos=5 ypos=7 right-column full-justified aligned-line headchar-capital
I-Body	a definition question answering system without any	page=5 xpos=5 ypos=7 right-column full-justified aligned-line itemization headchar-lower
E-Body	human intervention.	page=5 xpos=5 ypos=7 right-column right-indent aligned-line shorter-tail headchar-lower tailchar-period above-double-space above-line-space
B-SubsectionHeader	6.1 Comparison Against R OUGE	page=5 xpos=5 ypos=8 right-column right-indent aligned-line longer-tail line-double-space line-space numbered-heading2 above-double-space above-line-space
B-Body	We choose R OUGE over B LEU as a baseline for	page=5 xpos=5 ypos=8 right-column full-justified aligned-line longer-tail line-double-space line-space headchar-capital
I-Body	comparison because, conceptually, the task of an-	page=5 xpos=5 ypos=8 right-column full-justified aligned-line headchar-lower tailchar-hiphen
I-Body	swering definition questions is closer to summariza-	page=5 xpos=5 ypos=8 right-column full-justified aligned-line headchar-lower tailchar-hiphen
I-Body	tion than it is to machine translation, in that both are	page=5 xpos=5 ypos=9 right-column full-justified aligned-line headchar-lower
I-Body	recall-oriented. Since the majority of question an-	page=5 xpos=5 ypos=9 right-column full-justified aligned-line headchar-lower tailchar-hiphen page-bottom
I-Body	swering systems employ extractive techniques, flu-	page=6 xpos=0 ypos=0 left-column full-justified page-top headchar-lower tailchar-hiphen
E-Body	ency (i.e., precision) is not usually an issue.	page=6 xpos=0 ypos=0 left-column right-indent aligned-line shorter-tail headchar-lower tailchar-period
B-Body	How does P OURPRE stack up against using	page=6 xpos=0 ypos=0 left-column left-indent indented-line longer-tail headchar-capital
I-Body	R OUGE <sup>3</sup> to directly evaluate definition questions?	page=6 xpos=0 ypos=0 left-column full-justified font-largest hanged-line headchar-capital
I-Body	The Kendall’s τ correlations between rankings pro-	page=6 xpos=0 ypos=0 left-column full-justified aligned-line headchar-capital tailchar-hiphen
I-Body	duced by R OUGE (with and without stopword re-	page=6 xpos=0 ypos=1 left-column full-justified aligned-line headchar-lower tailchar-hiphen
I-Body	moval) and the official rankings are shown in Ta-	page=6 xpos=0 ypos=1 left-column full-justified aligned-line headchar-lower tailchar-hiphen
I-Body	ble 2; R <sup>2</sup> values are shown in Table 3. In all cases,	page=6 xpos=0 ypos=1 left-column full-justified font-largest aligned-line headchar-lower tailchar-comma
E-Body	R OUGE does not perform as well.	page=6 xpos=0 ypos=1 left-column right-indent aligned-line shorter-tail headchar-capital tailchar-period
B-Body	We believe that P OURPRE better correlates with	page=6 xpos=0 ypos=1 left-column left-indent indented-line longer-tail headchar-capital
I-Body	official scores because it takes into account special	page=6 xpos=0 ypos=2 left-column full-justified hanged-line headchar-lower
I-Body	characteristics of the task: the distinction between	page=6 xpos=0 ypos=2 left-column full-justified aligned-line headchar-lower
I-Body	vital and okay nuggets, the length penalty, etc. Other	page=6 xpos=0 ypos=2 left-column full-justified aligned-line headchar-lower
I-Body	than a higher correlation, P OURPRE offers an advan-	page=6 xpos=0 ypos=2 left-column full-justified aligned-line headchar-lower tailchar-hiphen
I-Body	tage over R OUGE in that it provides a better diag-	page=6 xpos=0 ypos=2 left-column full-justified aligned-line headchar-lower tailchar-hiphen
I-Body	nostic than a coarse-grained score, i.e., it can reveal	page=6 xpos=0 ypos=3 left-column full-justified aligned-line headchar-lower
I-Body	why an answer received a particular score. This al-	page=6 xpos=0 ypos=3 left-column full-justified aligned-line headchar-lower tailchar-hiphen
I-Body	lows researchers to conduct failure analyses to iden-	page=6 xpos=0 ypos=3 left-column full-justified aligned-line headchar-lower tailchar-hiphen
E-Body	tify opportunities for improvement.	page=6 xpos=0 ypos=3 left-column right-indent aligned-line shorter-tail headchar-lower tailchar-period above-double-space above-line-space
B-SectionHeader	7 The Effect of Variability in Judgments	page=6 xpos=0 ypos=3 left-column right-indent font-largest aligned-line longer-tail line-double-space line-space numbered-heading1 above-double-space above-line-space
B-Body	As with many other information retrieval tasks,	page=6 xpos=0 ypos=4 left-column full-justified aligned-line longer-tail line-double-space line-space headchar-capital tailchar-comma
I-Body	legitimate differences in opinion about relevance	page=6 xpos=0 ypos=4 left-column full-justified aligned-line headchar-lower
I-Body	are an inescapable fact of evaluating definition	page=6 xpos=0 ypos=4 left-column full-justified aligned-line headchar-lower
I-Body	questions—systems are designed to satisfy real-	page=6 xpos=0 ypos=4 left-column full-justified aligned-line headchar-lower tailchar-hiphen
I-Body	world information needs, and users inevitably dis-	page=6 xpos=0 ypos=5 left-column full-justified aligned-line headchar-lower tailchar-hiphen
I-Body	agree on which nuggets are important or relevant.	page=6 xpos=0 ypos=5 left-column full-justified aligned-line headchar-lower tailchar-period
I-Body	These disagreements manifest as scoring variations	page=6 xpos=0 ypos=5 left-column full-justified aligned-line headchar-capital
I-Body	in an evaluation setting. The important issue, how-	page=6 xpos=0 ypos=5 left-column full-justified aligned-line headchar-lower tailchar-hiphen
I-Body	ever, is the degree to which variations in judgments	page=6 xpos=0 ypos=5 left-column full-justified aligned-line headchar-lower
I-Body	affect conclusions that can be drawn in a compar-	page=6 xpos=0 ypos=6 left-column full-justified aligned-line headchar-lower tailchar-hiphen
I-Body	ative evaluation, i.e., can we still confidently con-	page=6 xpos=0 ypos=6 left-column full-justified aligned-line headchar-lower tailchar-hiphen
I-Body	clude that one system is “better” than another? For	page=6 xpos=0 ypos=6 left-column full-justified aligned-line headchar-lower
I-Body	the ad hoc document retrieval task, research has	page=6 xpos=0 ypos=6 left-column full-justified aligned-line headchar-lower
I-Body	shown that system rankings are stable with respect to	page=6 xpos=0 ypos=6 left-column full-justified aligned-line headchar-lower
I-Body	disagreements about document relevance (Voorhees,	page=6 xpos=0 ypos=7 left-column full-justified aligned-line headchar-lower tailchar-comma
I-Body	2000). In this section, we explore the effect of judg-	page=6 xpos=0 ypos=7 left-column full-justified aligned-line year tailchar-hiphen
I-Body	ment variability on the stability and reliability of	page=6 xpos=0 ypos=7 left-column full-justified aligned-line headchar-lower
E-Body	TREC definition question answering evaluations.	page=6 xpos=0 ypos=7 left-column right-indent aligned-line shorter-tail headchar-capital tailchar-period
B-Body	The vital/okay distinction on nuggets is one major	page=6 xpos=0 ypos=7 left-column left-indent indented-line longer-tail headchar-capital
I-Body	source of differences in opinion, as has been pointed	page=6 xpos=0 ypos=8 left-column full-justified hanged-line headchar-lower
I-Body	out previously (Hildebrandt et al., 2004). In the	page=6 xpos=0 ypos=8 left-column full-justified aligned-line year headchar-lower
I-Body	Cassini space probe example, we disagree with the	page=6 xpos=0 ypos=8 left-column full-justified aligned-line headchar-capital
I-Body	assessors’ assignment in many cases. More impor-	page=6 xpos=0 ypos=8 left-column full-justified aligned-line headchar-lower tailchar-hiphen
I-Body	tantly, however, there does not appear to be any op-	page=6 xpos=0 ypos=8 left-column full-justified aligned-line headchar-lower tailchar-hiphen above-double-space above-line-space
B-Footnote	<sup>3</sup> We used ROUGE-1.4.2 with n set to 1, i.e. unigram match-	page=6 xpos=0 ypos=9 left-column left-indent indented-line line-double-space line-space headchar-super tailchar-hiphen
I-Footnote	ing, and maximum matching score rating.	page=6 xpos=0 ypos=9 left-column right-indent font-smallest hanged-line shorter-tail headchar-lower tailchar-period above-blank-line above-double-space above-line-space
Page	937	page=6 xpos=4 ypos=9 left-column left-indent right-over indented-line longer-tail line-blank-line line-double-space line-space numeric-only column-bottom
Figure	__Figure 5__	page=6 xpos=5 ypos=-1 right-column centered left-indent right-indent box column-top figure-area above-double-space above-line-space
B-Caption	Figure 5: Distribution of rank placement using ran-	page=6 xpos=5 ypos=2 right-column full-justified hanged-line longer-tail line-double-space line-space string-figure headchar-capital tailchar-hiphen
E-Caption	dom judgments (for top two runs from TREC 2004).	page=6 xpos=5 ypos=2 right-column full-justified aligned-line year headchar-lower tailchar-period above-blank-line above-double-space above-line-space
I-Body	erationalizable rules for classifying nuggets as either	page=6 xpos=5 ypos=3 right-column full-justified aligned-line line-blank-line line-double-space line-space headchar-lower
I-Body	vital or okay. Without any guiding principles, how	page=6 xpos=5 ypos=3 right-column full-justified aligned-line headchar-lower
I-Body	can we expect our systems to automatically recog-	page=6 xpos=5 ypos=3 right-column full-justified aligned-line headchar-lower tailchar-hiphen
E-Body	nize this distinction?	page=6 xpos=5 ypos=3 right-column right-indent aligned-line shorter-tail headchar-lower
B-Body	How do differences in opinion about vital/okay	page=6 xpos=5 ypos=3 right-column left-indent indented-line longer-tail headchar-capital
I-Body	nuggets impact the stability of system rankings? To	page=6 xpos=5 ypos=4 right-column full-justified hanged-line headchar-lower
I-Body	answer this question, we measured the Kendall’s τ	page=6 xpos=5 ypos=4 right-column centered right-indent aligned-line headchar-lower
I-Body	correlation between the official rankings and rank-	page=6 xpos=5 ypos=4 right-column full-justified aligned-line headchar-lower tailchar-hiphen
I-Body	ings produced by different variations of the answer	page=6 xpos=5 ypos=4 right-column full-justified aligned-line headchar-lower
I-Body	key. Three separate variants were considered:	page=6 xpos=5 ypos=4 right-column right-indent aligned-line shorter-tail headchar-lower tailchar-colon above-double-space above-line-space
B-Listitem	• all nuggets considered vital	page=6 xpos=5 ypos=5 right-column left-indent right-indent font-larger indented-line shorter-tail line-double-space line-space itemization above-double-space above-line-space
B-Listitem	• vital/okay flipped (all vital nuggets become	page=6 xpos=5 ypos=5 right-column left-indent font-larger aligned-line longer-tail line-double-space line-space itemization
I-Listitem	okay, and all okay nuggets become vital)	page=6 xpos=5 ypos=5 right-column left-indent right-indent indented-line shorter-tail headchar-lower above-double-space above-line-space
B-Listitem	• randomly assigned vital/okay labels	page=6 xpos=5 ypos=6 right-column left-indent right-indent font-larger hanged-line shorter-tail line-double-space line-space itemization above-double-space above-line-space
B-Body	Results are shown in Table 5. Note that this exper-	page=6 xpos=5 ypos=6 right-column left-indent aligned-line longer-tail line-double-space line-space headchar-capital tailchar-hiphen
I-Body	iment was conducted with the manually-evaluated	page=6 xpos=5 ypos=6 right-column full-justified hanged-line headchar-lower
I-Body	system responses, not our P OURPRE metric. For the	page=6 xpos=5 ypos=6 right-column full-justified aligned-line headchar-lower
I-Body	last condition, we conducted one thousand random	page=6 xpos=5 ypos=6 right-column full-justified aligned-line headchar-lower
I-Body	trials, taking into consideration the original distri-	page=6 xpos=5 ypos=7 right-column full-justified aligned-line headchar-lower tailchar-hiphen
I-Body	bution of the vital and okay nuggets for each ques-	page=6 xpos=5 ypos=7 right-column full-justified aligned-line headchar-lower tailchar-hiphen
I-Body	tion using a simplified version of the Metropolis-	page=6 xpos=5 ypos=7 right-column full-justified aligned-line headchar-lower tailchar-hiphen
I-Body	Hastings algorithm (Chib and Greenberg, 1995); the	page=6 xpos=5 ypos=7 right-column full-justified aligned-line year headchar-capital
E-Body	standard deviations are reported.	page=6 xpos=5 ypos=7 right-column right-indent aligned-line shorter-tail headchar-lower tailchar-period
B-Body	These results suggest that system rankings are	page=6 xpos=5 ypos=8 right-column left-indent indented-line longer-tail headchar-capital
I-Body	sensitive to assessors’ opinion about what consti-	page=6 xpos=5 ypos=8 right-column full-justified hanged-line headchar-lower tailchar-hiphen
I-Body	tutes a vital or okay nugget. In general, the Kendall’s	page=6 xpos=5 ypos=8 right-column full-justified aligned-line headchar-lower
I-Body	τ values observed here are lower than values com-	page=6 xpos=5 ypos=8 right-column full-justified aligned-line tailchar-hiphen
I-Body	puted from corresponding experiments in ad hoc	page=6 xpos=5 ypos=8 right-column full-justified aligned-line headchar-lower
I-Body	document retrieval (Voorhees, 2000). To illustrate,	page=6 xpos=5 ypos=9 right-column full-justified aligned-line year headchar-lower tailchar-comma
I-Body	the distribution of ranks for the top two runs from	page=6 xpos=5 ypos=9 right-column full-justified aligned-line headchar-lower page-bottom
Table	__Table 5__	page=7 xpos=1 ypos=-2 single-column centered left-indent right-indent box page-top table-area above-double-space above-line-space
B-Caption	Table 5: Correlation (Kendall’s τ ) between scores under different variations of judgments and the official	page=7 xpos=0 ypos=0 single-column full-justified hanged-line longer-tail line-double-space line-space string-table headchar-capital
E-Caption	scores. The 95% confidence interval is presented for the random judgments case.	page=7 xpos=0 ypos=0 single-column right-indent aligned-line shorter-tail headchar-lower tailchar-period column-bottom above-blank-line above-double-space above-line-space
I-Body	TREC 2004 (RUN-12 and RUN-8) over the one	page=7 xpos=0 ypos=0 left-column full-justified column-top line-blank-line line-double-space line-space year headchar-capital
I-Body	thousand random trials is shown in Figure 5. In 511	page=7 xpos=0 ypos=0 left-column full-justified aligned-line headchar-lower
I-Body	trials, RUN-12 was ranked as the highest-scoring	page=7 xpos=0 ypos=1 left-column full-justified aligned-line headchar-lower
I-Body	run; however, in 463 trials, RUN-8 was ranked as	page=7 xpos=0 ypos=1 left-column full-justified aligned-line headchar-lower
I-Body	the highest-scoring run. Factoring in differences of	page=7 xpos=0 ypos=1 left-column full-justified aligned-line headchar-lower
I-Body	opinion about the vital/okay distinction, one could	page=7 xpos=0 ypos=1 left-column full-justified aligned-line headchar-lower
I-Body	not conclude with certainty which was the “best” run	page=7 xpos=0 ypos=2 left-column full-justified aligned-line headchar-lower
E-Body	in the evaluation.	page=7 xpos=0 ypos=2 left-column right-indent aligned-line shorter-tail headchar-lower tailchar-period
B-Body	It appears that differences between P OURPRE and	page=7 xpos=0 ypos=2 left-column left-indent indented-line longer-tail headchar-capital
I-Body	the official scores are about the same as (or in some	page=7 xpos=0 ypos=2 left-column full-justified hanged-line headchar-lower
I-Body	cases, smaller than) differences between the official	page=7 xpos=0 ypos=3 left-column full-justified aligned-line headchar-lower
I-Body	scores and scores based on variant answer keys (with	page=7 xpos=0 ypos=3 left-column full-justified aligned-line headchar-lower
I-Body	the exception of “everything vital”). This means that	page=7 xpos=0 ypos=3 left-column full-justified aligned-line headchar-lower
I-Body	further refinement of the metric to increase correla-	page=7 xpos=0 ypos=3 left-column full-justified aligned-line headchar-lower tailchar-hiphen
I-Body	tion with human-generated scores may not be par-	page=7 xpos=0 ypos=3 left-column full-justified aligned-line headchar-lower tailchar-hiphen
I-Body	ticularly meaningful; it might essentially amount to	page=7 xpos=0 ypos=4 left-column full-justified aligned-line headchar-lower
I-Body	overtraining on the whims of a particular human as-	page=7 xpos=0 ypos=4 left-column full-justified aligned-line headchar-lower tailchar-hiphen
I-Body	sessor. We believe that sources of judgment variabil-	page=7 xpos=0 ypos=4 left-column full-justified aligned-line headchar-lower tailchar-hiphen
I-Body	ity and techniques for managing it represent impor-	page=7 xpos=0 ypos=4 left-column full-justified aligned-line headchar-lower tailchar-hiphen
E-Body	tant areas for future study.	page=7 xpos=0 ypos=5 left-column right-indent aligned-line shorter-tail headchar-lower tailchar-period above-double-space above-line-space
B-SectionHeader	8 Conclusion	page=7 xpos=0 ypos=5 left-column right-indent font-largest aligned-line shorter-tail line-double-space line-space numbered-heading1 above-double-space above-line-space
B-Body	We hope that P OURPRE can accomplish for defini-	page=7 xpos=0 ypos=5 left-column full-justified aligned-line longer-tail line-double-space line-space headchar-capital tailchar-hiphen
I-Body	tion question answering what B LEU has done for	page=7 xpos=0 ypos=6 left-column full-justified aligned-line headchar-lower
I-Body	machine translation, and R OUGE for document sum-	page=7 xpos=0 ypos=6 left-column full-justified aligned-line headchar-lower tailchar-hiphen
I-Body	marization: allow laboratory experiments to be con-	page=7 xpos=0 ypos=6 left-column full-justified aligned-line headchar-lower tailchar-hiphen
I-Body	ducted with rapid turnaround. A much shorter ex-	page=7 xpos=0 ypos=6 left-column full-justified aligned-line headchar-lower tailchar-hiphen
I-Body	perimental cycle will allow researchers to explore	page=7 xpos=0 ypos=6 left-column full-justified aligned-line headchar-lower
I-Body	different techniques and receive immediate feedback	page=7 xpos=0 ypos=7 left-column full-justified aligned-line headchar-lower
I-Body	on their effectiveness. Hopefully, this will translate	page=7 xpos=0 ypos=7 left-column full-justified aligned-line headchar-lower
E-Body	into rapid progress in the state of the art. <sup>4</sup>	page=7 xpos=0 ypos=7 left-column right-indent font-largest aligned-line shorter-tail headchar-lower above-double-space above-line-space
B-SectionHeader	9 Acknowledgements	page=7 xpos=0 ypos=7 left-column right-indent font-largest aligned-line shorter-tail line-double-space line-space string-acknowledgement numbered-heading1 above-double-space above-line-space
B-Body	This work was supported in part by ARDA’s	page=7 xpos=0 ypos=8 left-column full-justified aligned-line longer-tail line-double-space line-space headchar-capital
I-Body	Advanced Question Answering for Intelligence	page=7 xpos=0 ypos=8 left-column full-justified aligned-line headchar-capital
I-Body	(AQUAINT) Program. We would like to thank	page=7 xpos=0 ypos=8 left-column full-justified aligned-line above-double-space above-line-space
B-Footnote	<sup>4</sup> A toolkit implementing the P OURPRE metric can be down-	page=7 xpos=0 ypos=9 left-column left-indent indented-line line-double-space line-space headchar-super tailchar-hiphen
I-Footnote	loaded at http://www.umiacs.umd.edu/∼jimmylin/downloads/	page=7 xpos=0 ypos=9 left-column right-indent font-smallest hanged-line shorter-tail headchar-lower above-blank-line above-double-space above-line-space
Page	938	page=7 xpos=4 ypos=9 left-column left-indent right-over indented-line longer-tail line-blank-line line-double-space line-space numeric-only column-bottom
I-Body	Donna Harman and Bonnie Dorr for comments on	page=7 xpos=5 ypos=0 right-column full-justified column-top headchar-capital
I-Body	earlier drafts of this paper. In addition, we would	page=7 xpos=5 ypos=0 right-column full-justified aligned-line headchar-lower
E-Body	like to thank Kiri for her kind support.	page=7 xpos=5 ypos=1 right-column right-indent aligned-line shorter-tail headchar-lower tailchar-period above-blank-line above-double-space above-line-space
ReferenceHeader	References	page=7 xpos=5 ypos=1 right-column right-indent font-largest aligned-line shorter-tail line-blank-line line-double-space line-space string-reference headchar-capital above-double-space above-line-space
B-Reference	Bogdan Babych and Anthony Hartley. 2004. Extend-	page=7 xpos=5 ypos=2 right-column full-justified font-smallest aligned-line longer-tail line-double-space line-space year headchar-capital tailchar-hiphen
I-Reference	ing the BLEU MT evaluation method with frequency	page=7 xpos=5 ypos=2 right-column left-indent font-smallest indented-line headchar-lower
I-Reference	weightings. In Proc. of ACL 2004.	page=7 xpos=5 ypos=2 right-column left-indent right-indent font-smallest aligned-line shorter-tail year headchar-lower tailchar-period above-double-space above-line-space
B-Reference	Siddhartha Chib and Edward Greenberg. 1995. Under-	page=7 xpos=5 ypos=2 right-column full-justified font-smallest hanged-line longer-tail line-double-space line-space year headchar-capital tailchar-hiphen
I-Reference	standing the Metropolis-Hastings algorithm. Ameri-	page=7 xpos=5 ypos=2 right-column left-indent font-smallest indented-line headchar-lower tailchar-hiphen
I-Reference	can Statistician, 49(4):329–345.	page=7 xpos=5 ypos=3 right-column left-indent right-indent font-smallest aligned-line shorter-tail headchar-lower tailchar-period above-double-space above-line-space
B-Reference	Wesley Hildebrandt, Boris Katz, and Jimmy Lin. 2004.	page=7 xpos=5 ypos=3 right-column full-justified font-smallest hanged-line longer-tail line-double-space line-space year headchar-capital tailchar-period
I-Reference	Answering definition questions with multiple knowl-	page=7 xpos=5 ypos=3 right-column left-indent font-smallest indented-line headchar-capital tailchar-hiphen
I-Reference	edge sources. In Proc. of HLT/NAACL 2004.	page=7 xpos=5 ypos=3 right-column left-indent right-indent font-smallest aligned-line shorter-tail year headchar-lower tailchar-period above-double-space above-line-space
B-Reference	Chin-Yew Lin and Eduard Hovy. 2003. Automatic evalu-	page=7 xpos=5 ypos=4 right-column full-justified font-smallest hanged-line longer-tail line-double-space line-space year headchar-capital tailchar-hiphen
I-Reference	ation of summaries using n-gram co-occurrence statis-	page=7 xpos=5 ypos=4 right-column left-indent font-smallest indented-line headchar-lower tailchar-hiphen
I-Reference	tics. In Proc. of HLT/NAACL 2003.	page=7 xpos=5 ypos=4 right-column left-indent right-indent font-smallest aligned-line shorter-tail year headchar-lower tailchar-period above-double-space above-line-space
B-Reference	Chin-Yew Lin and Franz Josef Och. 2004. O RANGE : A	page=7 xpos=5 ypos=4 right-column full-justified font-smallest hanged-line longer-tail line-double-space line-space year headchar-capital
I-Reference	method for evaluating automatic evaluation metrics for	page=7 xpos=5 ypos=4 right-column left-indent font-smallest indented-line headchar-lower
I-Reference	machine translation. In Proc. of COLING 2004.	page=7 xpos=5 ypos=5 right-column left-indent right-indent font-smallest aligned-line shorter-tail year headchar-lower tailchar-period above-double-space above-line-space
B-Reference	Kishore Papineni, Salim Roukos, Todd Ward, and Wei-	page=7 xpos=5 ypos=5 right-column full-justified font-smallest hanged-line longer-tail line-double-space line-space headchar-capital tailchar-hiphen
I-Reference	Jing Zhu. 2002. BLEU: a method for automatic eval-	page=7 xpos=5 ypos=5 right-column left-indent font-smallest indented-line year headchar-capital tailchar-hiphen
I-Reference	uation of machine translation. In Proc. of ACL 2002.	page=7 xpos=5 ypos=5 right-column left-indent right-indent font-smallest aligned-line shorter-tail year headchar-lower tailchar-period above-double-space above-line-space
B-Reference	John Prager, Jennifer Chu-Carroll, and Krzysztof Czuba.	page=7 xpos=5 ypos=6 right-column full-justified font-smallest hanged-line longer-tail line-double-space line-space headchar-capital tailchar-period
I-Reference	2004. Question answering using constraint satisfac-	page=7 xpos=5 ypos=6 right-column left-indent font-smallest indented-line year tailchar-hiphen
I-Reference	tion: QA–by–Dossier–with–Constraints. In Proc. of	page=7 xpos=5 ypos=6 right-column left-indent font-smallest aligned-line headchar-lower
I-Reference	ACL 2004.	page=7 xpos=5 ypos=6 right-column left-indent right-indent font-smallest aligned-line shorter-tail year headchar-capital tailchar-period above-double-space above-line-space
B-Reference	Radu Soricut and Eric Brill. 2004. A unified framework	page=7 xpos=5 ypos=6 right-column full-justified font-smallest hanged-line longer-tail line-double-space line-space year headchar-capital
I-Reference	for automatic evaluation using n-gram co-occurrence	page=7 xpos=5 ypos=7 right-column left-indent font-smallest indented-line headchar-lower
I-Reference	statistics. In Proc. of ACL 2004.	page=7 xpos=5 ypos=7 right-column left-indent right-indent font-smallest aligned-line shorter-tail year headchar-lower tailchar-period above-double-space above-line-space
B-Reference	Ellen M. Voorhees. 2000. Variations in relevance judg-	page=7 xpos=5 ypos=7 right-column full-justified font-smallest hanged-line longer-tail line-double-space line-space year headchar-capital tailchar-hiphen
I-Reference	ments and the measurement of retrieval effectiveness.	page=7 xpos=5 ypos=7 right-column left-indent font-smallest indented-line headchar-lower tailchar-period
I-Reference	Information Processing and Management, 36(5):697–	page=7 xpos=5 ypos=7 right-column left-indent font-smallest aligned-line headchar-capital
I-Reference	716.	page=7 xpos=5 ypos=8 right-column left-indent right-indent font-smallest aligned-line shorter-tail tailchar-period above-double-space above-line-space
B-Reference	Ellen M. Voorhees. 2003. Overview of the TREC 2003	page=7 xpos=5 ypos=8 right-column full-justified font-smallest hanged-line longer-tail line-double-space line-space year headchar-capital
I-Reference	question answering track. In Proc. of TREC 2003.	page=7 xpos=5 ypos=8 right-column left-indent right-indent font-smallest indented-line shorter-tail year headchar-lower tailchar-period above-double-space above-line-space
B-Reference	Jinxi Xu, Ralph Weischedel, and Ana Licuanan. 2004.	page=7 xpos=5 ypos=8 right-column full-justified font-smallest hanged-line longer-tail line-double-space line-space year headchar-capital tailchar-period
I-Reference	Evaluation of an extraction-based approach to answer-	page=7 xpos=5 ypos=9 right-column left-indent font-smallest indented-line headchar-capital tailchar-hiphen
I-Reference	ing definition questions. In Proc. of SIGIR 2004.	page=7 xpos=5 ypos=9 right-column left-indent right-indent font-smallest aligned-line shorter-tail year headchar-lower tailchar-period
