Title	Squibs and Discussions	page=0 xpos=0 ypos=0 single-column right-indent font-largest page-top headchar-capital above-double-space above-line-space
Title	A Note on Typing Feature Structures	page=0 xpos=0 ypos=0 single-column right-indent font-largest aligned-line longer-tail line-double-space line-space headchar-capital above-blank-line above-double-space above-line-space
Author	Shuly Wintner <sup>∗</sup> Anoop Sarkar <sup>†</sup>	page=0 xpos=0 ypos=1 single-column right-indent font-largest aligned-line longer-tail line-blank-line line-double-space line-space symbol-dagger headchar-capital
B-Affiliation	University of Haifa University of Pennsylvania	page=0 xpos=0 ypos=1 single-column right-indent aligned-line longer-tail headchar-capital above-blank-line above-double-space above-line-space
B-Abstract	Feature structures are used to convey linguistic information in a variety of linguistic formalisms.	page=0 xpos=0 ypos=1 single-column full-justified aligned-line longer-tail line-blank-line line-double-space line-space headchar-capital tailchar-period above-line-space
I-Abstract	Various definitions of feature structures exist; one dimension of variation is typing: unlike untyped	page=0 xpos=0 ypos=2 single-column full-justified aligned-line line-space headchar-capital above-line-space
I-Abstract	feature structures, typed ones associate a type with every structure and impose appropriateness	page=0 xpos=0 ypos=2 single-column full-justified aligned-line line-space headchar-lower above-line-space
I-Abstract	constraints on the occurrences of features and on the values that they take. This work demon-	page=0 xpos=0 ypos=2 single-column full-justified aligned-line line-space headchar-lower tailchar-hiphen above-line-space
I-Abstract	strates the benefits that typing can carry even for linguistic formalisms that use untyped feature	page=0 xpos=0 ypos=2 single-column full-justified aligned-line line-space headchar-lower above-line-space
I-Abstract	structures. We present a method for validating the consistency of (untyped) feature structure	page=0 xpos=0 ypos=2 single-column full-justified aligned-line line-space headchar-lower above-line-space
I-Abstract	specifications by imposing a type discipline. This method facilitates a great number of compile-	page=0 xpos=0 ypos=3 single-column full-justified aligned-line line-space headchar-lower tailchar-hiphen above-line-space
I-Abstract	time checks: many possible errors can be detected before the grammar is used for parsing. We have	page=0 xpos=0 ypos=3 single-column full-justified aligned-line line-space headchar-lower above-line-space
I-Abstract	constructed a type signature for an existing broad-coverage grammar of English and implemented	page=0 xpos=0 ypos=3 single-column full-justified aligned-line line-space headchar-lower above-line-space
I-Abstract	a type inference algorithm that operates on the feature structure specifications in the grammar	page=0 xpos=0 ypos=3 single-column full-justified aligned-line line-space itemization headchar-lower above-line-space
I-Abstract	and reports incompatibilities with the signature. We have detected a large number of errors in the	page=0 xpos=0 ypos=3 single-column full-justified aligned-line line-space headchar-lower above-line-space
I-Abstract	grammar, some of which are described in the article.	page=0 xpos=0 ypos=4 single-column right-indent aligned-line shorter-tail line-space headchar-lower tailchar-period above-blank-line above-double-space above-line-space
B-SectionHeader	1. Introduction	page=0 xpos=0 ypos=4 single-column right-indent aligned-line shorter-tail line-blank-line line-double-space line-space itemization above-blank-line above-double-space above-line-space
B-Body	Feature structures are used by a variety of linguistic formalisms as a means for rep-	page=0 xpos=0 ypos=4 single-column full-justified aligned-line longer-tail line-blank-line line-double-space line-space headchar-capital tailchar-hiphen
I-Body	resenting different levels of linguistic information. They are usually associated with	page=0 xpos=0 ypos=4 single-column full-justified aligned-line headchar-lower
I-Body	more elementary structures (such as phrase structure rules or trees) to provide an addi-	page=0 xpos=0 ypos=5 single-column full-justified aligned-line headchar-lower tailchar-hiphen
I-Body	tional dimension for stating linguistic generalizations. A variant of feature structures,	page=0 xpos=0 ypos=5 single-column full-justified aligned-line headchar-lower tailchar-comma
I-Body	typed feature structures, provide yet another dimension for such generalizations. It	page=0 xpos=0 ypos=5 single-column full-justified aligned-line headchar-lower
I-Body	is sometimes assumed that typed feature structures have linguistic advantages over	page=0 xpos=0 ypos=5 single-column full-justified aligned-line headchar-lower
I-Body	untyped ones and that they are, in general, more efficient to process. In this article	page=0 xpos=0 ypos=5 single-column full-justified aligned-line headchar-lower
I-Body	we show how typing can be useful also for systems that manipulate untyped feature	page=0 xpos=0 ypos=6 single-column full-justified aligned-line headchar-lower
E-Body	structures.	page=0 xpos=0 ypos=6 single-column right-indent aligned-line shorter-tail headchar-lower tailchar-period
B-Body	We present a method for validating the consistency of feature structure specifica-	page=0 xpos=0 ypos=6 single-column left-indent indented-line longer-tail headchar-capital tailchar-hiphen
I-Body	tions by imposing a type discipline. This method facilitates a great number of compile-	page=0 xpos=0 ypos=6 single-column full-justified hanged-line headchar-lower tailchar-hiphen
I-Body	time checks: many possible errors can be detected before the grammar is used for pars-	page=0 xpos=0 ypos=6 single-column full-justified aligned-line headchar-lower tailchar-hiphen
I-Body	ing. Typed systems are used in one linguistic theory, Head-Driven Phrase Structure	page=0 xpos=0 ypos=6 single-column full-justified aligned-line headchar-lower
I-Body	Grammar (HPSG) (Pollard and Sag 1994), and we present here a different application	page=0 xpos=0 ypos=7 single-column full-justified aligned-line year headchar-capital
I-Body	of them for theories that employ untyped feature structures. We constructed a type	page=0 xpos=0 ypos=7 single-column full-justified aligned-line headchar-lower
I-Body	signature for the XTAG English grammar (XTAG Research Group 2001), an existing	page=0 xpos=0 ypos=7 single-column full-justified aligned-line year headchar-lower
I-Body	broad-coverage grammar of English. Then, we implemented a type inference algorithm	page=0 xpos=0 ypos=7 single-column full-justified aligned-line headchar-lower
I-Body	that operates on the feature structure specifications in the grammar. The algorithm re-	page=0 xpos=0 ypos=7 single-column full-justified aligned-line headchar-lower tailchar-hiphen
I-Body	ports occurrences of incompatibility with the type signature. We have detected a large	page=0 xpos=0 ypos=7 single-column full-justified aligned-line headchar-lower
E-Body	number of errors in the grammar; four types of errors are described in the article.	page=0 xpos=0 ypos=8 single-column right-indent aligned-line shorter-tail headchar-lower tailchar-period
B-Body	The technique we propose was incorporated into the XTAG grammar development	page=0 xpos=0 ypos=8 single-column left-indent indented-line longer-tail headchar-capital
I-Body	system, which is based on the tree-adjoining grammar (TAG) formalism (Joshi, Levy,	page=0 xpos=0 ypos=8 single-column full-justified hanged-line headchar-lower tailchar-comma above-blank-line above-double-space above-line-space
B-Footnote	∗ Department of Computer Science, University of Haifa, Mount Carmel, 31905 Haifa, Israel. E-mail:	page=0 xpos=0 ypos=8 single-column left-indent right-indent indented-line shorter-tail line-blank-line line-double-space line-space year tailchar-colon
I-Footnote	shuly@cs.haifa.ac.il	page=0 xpos=0 ypos=9 single-column left-indent right-indent font-smallest indented-line shorter-tail symbol-atmark headchar-lower
B-Footnote	† IRCS, University of Pennsylvania, 3401 Walnut Street, Philadelphia, PA-19104. E-mail: anoop@linc.	page=0 xpos=0 ypos=9 single-column left-indent right-indent hanged-line longer-tail symbol-atmark symbol-dagger year tailchar-period
I-Footnote	cis.upenn.edu	page=0 xpos=0 ypos=9 single-column left-indent right-indent font-smallest indented-line shorter-tail headchar-lower above-blank-line above-double-space above-line-space
B-Footer	 c 2002 Association for Computational Linguistics	page=0 xpos=0 ypos=9 single-column right-indent hanged-line longer-tail line-blank-line line-double-space line-space year page-bottom
B-Header	Computational Linguistics Volume 28, Number 3	page=1 xpos=0 ypos=0 single-column full-justified font-smallest page-top headchar-capital above-blank-line above-double-space above-line-space
I-Body	and Takahashi 1975), lexicalized (Schabes, Abeillé, and Joshi 1988) and augmented	page=1 xpos=0 ypos=0 single-column full-justified aligned-line line-blank-line line-double-space line-space year headchar-lower
I-Body	by unification-based feature structures (Vijay-Shanker and Joshi 1991). Tree-adjoining	page=1 xpos=0 ypos=0 single-column full-justified aligned-line year headchar-lower
I-Body	languages fall into the class of mildly context-sensitive languages and as such are more	page=1 xpos=0 ypos=0 single-column full-justified aligned-line headchar-lower
I-Body	powerful than context-free languages. The TAG formalism in general, and lexicalized	page=1 xpos=0 ypos=0 single-column full-justified aligned-line headchar-lower
I-Body	TAGs in particular, are well-suited for linguistic applications. As first shown by Joshi	page=1 xpos=0 ypos=1 single-column full-justified aligned-line headchar-capital
I-Body	(1985) and Kroch and Joshi (1987), the properties of TAGs permit one to encapsulate	page=1 xpos=0 ypos=1 single-column full-justified aligned-line year
E-Body	diverse syntactic phenomena in a very natural way.	page=1 xpos=0 ypos=1 single-column right-indent aligned-line shorter-tail headchar-lower tailchar-period
B-Body	The XTAG grammar development system makes limited use of feature structures	page=1 xpos=0 ypos=1 single-column left-indent indented-line longer-tail headchar-capital
I-Body	that can be attached to nodes in the trees that make up a grammar. Typically, feature	page=1 xpos=0 ypos=1 single-column full-justified hanged-line headchar-lower
I-Body	structures in XTAG are flat: nesting of structures is very limited. Furthermore, all fea-	page=1 xpos=0 ypos=2 single-column full-justified aligned-line headchar-lower tailchar-hiphen
I-Body	ture structures in XTAG are finitely bounded: the maximum size of a feature structure	page=1 xpos=0 ypos=2 single-column full-justified aligned-line headchar-lower
I-Body	can be statically determined. During parsing, feature structures undergo unification as	page=1 xpos=0 ypos=2 single-column full-justified aligned-line headchar-lower
I-Body	the trees they are associated with are combined. But unification in XTAG is actually	page=1 xpos=0 ypos=2 single-column full-justified aligned-line headchar-lower
I-Body	highly limited: since all feature structures are bounded, unification can be viewed as	page=1 xpos=0 ypos=2 single-column full-justified aligned-line headchar-lower
I-Body	an atomic operation. Although the method we propose was tested on an XTAG gram-	page=1 xpos=0 ypos=2 single-column full-justified aligned-line headchar-lower tailchar-hiphen
I-Body	mar, it is applicable in principle to any linguistic formalism that uses untyped feature	page=1 xpos=0 ypos=3 single-column full-justified aligned-line headchar-lower
E-Body	structures, in particular, to lexical-functional grammar (Kaplan and Bresnan 1982).	page=1 xpos=0 ypos=3 single-column right-indent aligned-line shorter-tail year headchar-lower tailchar-period above-blank-line above-double-space above-line-space
B-SectionHeader	2. The Problem	page=1 xpos=0 ypos=3 single-column right-indent aligned-line shorter-tail line-blank-line line-double-space line-space itemization above-blank-line above-double-space above-line-space
B-Body	XTAG is organized such that feature structures are specified in three different com-	page=1 xpos=0 ypos=4 single-column full-justified aligned-line longer-tail line-blank-line line-double-space line-space headchar-capital tailchar-hiphen
I-Body	ponents of the grammar: a Tree database defines feature structures attached to tree	page=1 xpos=0 ypos=4 single-column full-justified aligned-line headchar-lower
I-Body	families; a Syn database defines feature structures attached to lexically anchored trees;	page=1 xpos=0 ypos=4 single-column full-justified aligned-line headchar-lower tailchar-semicolon
I-Body	and a Morph database defines feature structures attached to (possibly inflected) lexical	page=1 xpos=0 ypos=4 single-column full-justified aligned-line headchar-lower
E-Body	entries.	page=1 xpos=0 ypos=4 single-column right-indent aligned-line shorter-tail headchar-lower tailchar-period
B-Body	As an example, consider the verb seems. This verb can anchor several trees, among	page=1 xpos=0 ypos=4 single-column left-indent indented-line longer-tail headchar-capital
I-Body	which are trees of auxiliary verbs, such as the tree βVvx , depicted in Figure 1. This	page=1 xpos=0 ypos=5 single-column full-justified hanged-line headchar-lower
I-Body	tree, which is common to all auxiliary verbs, is associated with the feature structure	page=1 xpos=0 ypos=5 single-column full-justified aligned-line headchar-lower
I-Body	descriptions listed in Figure 1 (independently of the word that happens to anchor it). <sup>1</sup>	page=1 xpos=0 ypos=5 single-column full-justified font-larger aligned-line headchar-lower
I-Body	When the tree βVvx is anchored by seems, the lexicon specifies additional constraints	page=1 xpos=0 ypos=5 single-column full-justified aligned-line headchar-capital
I-Body	on the feature structures in this tree:	page=1 xpos=0 ypos=5 single-column right-indent aligned-line shorter-tail headchar-lower tailchar-colon above-line-space
B-Listitem	seem betaVvx VP.b:<mode> = inf/nom,	page=1 xpos=0 ypos=5 single-column right-indent font-smallest aligned-line longer-tail line-space headchar-lower tailchar-comma above-line-space
B-Listitem	V.b:<mainv> = +	page=1 xpos=1 ypos=6 single-column left-indent right-indent font-smallest indented-line shorter-tail line-space headchar-capital above-line-space
B-Body	Finally, since “seems” is an inflected form, the morphological database specifies more	page=1 xpos=0 ypos=6 single-column full-justified hanged-line longer-tail line-space headchar-capital
E-Body	constraints on the node that this word instantiates, as shown in Figure 2.	page=1 xpos=0 ypos=6 single-column right-indent aligned-line shorter-tail headchar-lower tailchar-period
B-Body	The actual feature structures that are associated with the lexicalized tree anchored	page=1 xpos=0 ypos=6 single-column left-indent indented-line longer-tail headchar-capital
I-Body	by “seems” are the combination of the three sets of path equations. This organization	page=1 xpos=0 ypos=6 single-column full-justified hanged-line headchar-lower
I-Body	leaves room for several kinds of errors, inconsistencies, and typos in feature structure	page=1 xpos=0 ypos=7 single-column full-justified aligned-line headchar-lower
I-Body	manipulation. Nothing in the system can eliminate the following possible errors:	page=1 xpos=0 ypos=7 single-column right-indent aligned-line shorter-tail headchar-lower tailchar-colon above-blank-line above-double-space above-line-space
B-Listitem	Undefined features: Every grammar makes use of a finite set of features in the	page=1 xpos=0 ypos=7 single-column right-indent aligned-line line-blank-line line-double-space line-space headchar-capital
I-Listitem	feature structure specification. As the features do not have to be declared,	page=1 xpos=0 ypos=7 single-column left-indent right-indent indented-line headchar-lower tailchar-comma
I-Listitem	however, certain bogus features can be introduced unintentionally, either	page=1 xpos=0 ypos=7 single-column left-indent right-indent aligned-line headchar-lower
I-Listitem	through typos or because of poor maintenance. In a grammar that has	page=1 xpos=0 ypos=8 single-column left-indent right-indent aligned-line headchar-lower
I-Listitem	an assign-case feature, the following statement is probably erroneous:	page=1 xpos=0 ypos=8 single-column left-indent right-indent aligned-line headchar-lower tailchar-colon above-line-space
I-Listitem	V.b:<asign-case> = acc.	page=1 xpos=0 ypos=8 single-column left-indent right-indent font-smallest aligned-line shorter-tail line-space headchar-capital tailchar-period above-blank-line above-double-space above-line-space
B-Footnote	1 We use “handles” such as V.b or NP.t to refer to the feature structures being specified. Each node in a	page=1 xpos=0 ypos=8 single-column left-indent right-indent font-smallest hanged-line longer-tail line-blank-line line-double-space line-space numbered-heading1
I-Footnote	tree is associated with two feature structures, “top” (.t) and “bottom” (.b) (Vijay-Shanker and Joshi	page=1 xpos=0 ypos=9 single-column left-indent right-indent font-smallest indented-line shorter-tail headchar-lower
I-Footnote	1991; XTAG Research Group 2001). Angular brackets delimit feature paths, and slashes denote	page=1 xpos=0 ypos=9 single-column left-indent right-indent font-smallest aligned-line shorter-tail year
I-Footnote	disjunctive (atomic) values.	page=1 xpos=0 ypos=9 single-column left-indent right-indent font-smallest aligned-line shorter-tail headchar-lower tailchar-period above-blank-line above-double-space above-line-space
Page	390	page=1 xpos=0 ypos=9 single-column right-indent hanged-line shorter-tail line-blank-line line-double-space line-space numeric-only page-bottom
B-Header	Wintner and Sarkar A Note on Typing Feature Structures	page=2 xpos=0 ypos=0 single-column right-over font-smallest page-top headchar-capital column-bottom above-double-space above-line-space
Figure	__Figure 1__	page=2 xpos=-1 ypos=0 Figure-column left-over right-indent box column-top line-double-space line-space figure-area column-bottom above-double-space above-line-space
B-Caption	Figure 1	page=2 xpos=0 ypos=3 single-column right-indent font-smallest column-top line-double-space line-space string-figure headchar-capital
E-Caption	An example tree and its associated feature structure descriptions.	page=2 xpos=0 ypos=3 single-column right-indent font-smallest aligned-line longer-tail headchar-capital tailchar-period above-blank-line above-double-space above-line-space
B-Figure	seems seem V <agr pers> = 3,	page=2 xpos=0 ypos=4 single-column right-indent font-smallest aligned-line shorter-tail line-blank-line line-double-space line-space headchar-lower tailchar-comma column-bottom above-line-space
E-Figure	__Figure 2__	page=2 xpos=2 ypos=4 Figure-column left-indent right-indent box column-top line-space figure-area column-bottom above-double-space above-line-space
B-Caption	Figure 2	page=2 xpos=0 ypos=5 single-column right-indent font-smallest column-top line-double-space line-space string-figure headchar-capital
E-Caption	The morphological database entry for seems.	page=2 xpos=0 ypos=5 single-column right-indent font-smallest aligned-line longer-tail headchar-capital tailchar-period above-blank-line above-double-space above-line-space
B-Listitem	Undefined values: The same problem can be manifested in values, rather than	page=2 xpos=0 ypos=6 single-column full-justified aligned-line longer-tail line-blank-line line-double-space line-space headchar-capital
I-Listitem	features. In a grammar where nom is a valid value for the assign-case fea-	page=2 xpos=0 ypos=6 single-column left-indent indented-line headchar-lower tailchar-hiphen
I-Listitem	ture, the following statement is probably erroneous: V.b:<assign-case> =	page=2 xpos=0 ypos=6 single-column left-indent aligned-line headchar-lower above-line-space
I-Listitem	non.	page=2 xpos=0 ypos=6 single-column left-indent right-indent font-smallest aligned-line shorter-tail line-space headchar-lower tailchar-period above-double-space above-line-space
B-Listitem	Incompatible feature equations: The grammar designer has a notion of what	page=2 xpos=0 ypos=7 single-column full-justified hanged-line longer-tail line-double-space line-space headchar-capital
I-Listitem	paths can be equated, but this notion is not formally defined. Thus, it is	page=2 xpos=0 ypos=7 single-column left-indent indented-line headchar-lower
I-Listitem	possible to find erroneous path equations such as VP.b:<assign-case> =	page=2 xpos=0 ypos=7 single-column left-indent aligned-line headchar-lower above-line-space
I-Listitem	V.t:<tense>.	page=2 xpos=0 ypos=7 single-column left-indent right-indent font-smallest aligned-line shorter-tail line-space headchar-capital tailchar-period above-blank-line above-double-space above-line-space
B-Body	Such cases go undetected by XTAG and result in parsing errors. For example, the	page=2 xpos=0 ypos=7 single-column right-over hanged-line longer-tail line-blank-line line-double-space line-space headchar-capital
I-Body	statement V.b:<asign-case> = acc was presumably supposed to constrain the gram-	page=2 xpos=0 ypos=8 single-column right-over aligned-line headchar-lower tailchar-hiphen
I-Body	matical derivations to those in which the assign-case feature had the value acc. With	page=2 xpos=0 ypos=8 single-column right-over aligned-line headchar-lower
I-Body	the typo, this statement never causes unification to fail (assuming that the feature	page=2 xpos=0 ypos=8 single-column right-over aligned-line headchar-lower
E-Body	asign-case occurs nowhere else in the grammar); the result is overgeneration.	page=2 xpos=0 ypos=8 single-column right-indent aligned-line shorter-tail headchar-lower tailchar-period
B-Body	On the other hand, if the statement V.b:<assign-case> = non is part of the lexical	page=2 xpos=0 ypos=8 single-column left-indent right-over indented-line longer-tail headchar-capital
I-Body	entry of some verb, and some derivations require that certain verbs have nom as their	page=2 xpos=0 ypos=8 single-column right-over hanged-line headchar-lower
I-Body	value of assign-case, then that verb would never be a grammatical candidate for	page=2 xpos=0 ypos=9 single-column right-over aligned-line headchar-lower
E-Body	those derivations. The result here is undergeneration.	page=2 xpos=0 ypos=9 single-column right-indent aligned-line shorter-tail headchar-lower tailchar-period above-blank-line above-double-space above-line-space
Page	391	page=2 xpos=9 ypos=9 single-column left-indent right-over indented-line longer-tail line-blank-line line-double-space line-space numeric-only page-bottom
B-Header	Computational Linguistics Volume 28, Number 3	page=3 xpos=0 ypos=0 single-column full-justified font-smallest page-top headchar-capital above-blank-line above-double-space above-line-space
B-Body	Note that nothing in the above description hinges on the particular linguistic	page=3 xpos=0 ypos=0 single-column left-indent indented-line line-blank-line line-double-space line-space headchar-capital
I-Body	formalism or its implementation. The same problems are likely to occur in every	page=3 xpos=0 ypos=0 single-column full-justified hanged-line headchar-lower
E-Body	system that manipulates untyped feature structures. <sup>2</sup>	page=3 xpos=0 ypos=0 single-column right-indent font-larger aligned-line shorter-tail headchar-lower above-blank-line above-double-space above-line-space
B-SectionHeader	3. Introducing Typing	page=3 xpos=0 ypos=1 single-column right-indent aligned-line shorter-tail line-blank-line line-double-space line-space itemization above-blank-line above-double-space above-line-space
B-Body	The problems discussed above are reminiscent of similar problems in programming	page=3 xpos=0 ypos=1 single-column full-justified aligned-line longer-tail line-blank-line line-double-space line-space headchar-capital
I-Body	languages; in that domain, the solution lies in typing: a stricter type discipline provides	page=3 xpos=0 ypos=1 single-column full-justified aligned-line headchar-lower
I-Body	means for more compile-time checks to be performed, thus tracking potential errors	page=3 xpos=0 ypos=1 single-column full-justified aligned-line headchar-lower
I-Body	as soon as possible. Fortunately, such a solution is perfectly applicable to the case of	page=3 xpos=0 ypos=2 single-column full-justified aligned-line headchar-lower
I-Body	feature structures, as typed feature structures (TFSs) are well understood (Carpenter	page=3 xpos=0 ypos=2 single-column full-justified aligned-line headchar-lower
E-Body	1992). We briefly survey this concept below.	page=3 xpos=0 ypos=2 single-column right-indent aligned-line shorter-tail year tailchar-period
B-Body	TFSs are defined over a signature consisting of a set of of types (Types) and a set	page=3 xpos=0 ypos=2 single-column left-indent indented-line longer-tail headchar-capital
I-Body	of features (Feats). Types are partially ordered by subsumption (denoted “”). The	page=3 xpos=0 ypos=2 single-column full-justified hanged-line headchar-lower
I-Body	least upper bound with respect to subsumption of t <sub>1</sub> and t 2 is denoted t 1  t 2 . Each type	page=3 xpos=0 ypos=2 single-column full-justified font-largest aligned-line headchar-lower
I-Body	is associated with a set of appropriate features through a function Approp: Types ×	page=3 xpos=0 ypos=3 single-column full-justified font-largest aligned-line headchar-lower
I-Body	Feats → Types. The appropriate values of a feature F in a type t have to be of	page=3 xpos=0 ypos=3 single-column full-justified font-largest aligned-line headchar-capital
I-Body	specified (appropriate) types. Features are inherited by subtypes: whenever F is ap-	page=3 xpos=0 ypos=3 single-column full-justified aligned-line headchar-lower tailchar-hiphen
I-Body	propriate for a type t, it is also appropriate for all the types t’ such that t  t <sup></sup> . Each	page=3 xpos=0 ypos=3 single-column full-justified font-largest aligned-line headchar-lower
I-Body	feature F has to be introduced by some most general type Intro(F) (and be appropriate	page=3 xpos=0 ypos=3 single-column full-justified aligned-line headchar-lower
E-Body	for all its subtypes).	page=3 xpos=0 ypos=4 single-column right-indent aligned-line shorter-tail headchar-lower tailchar-period
B-Body	Figure 3 graphically depicts a type signature in which greater (more specific)	page=3 xpos=0 ypos=4 single-column left-indent indented-line longer-tail string-figure headchar-capital
I-Body	types are presented higher and the appropriateness specification is displayed above	page=3 xpos=0 ypos=4 single-column full-justified hanged-line headchar-lower
I-Body	the types. For example, for every feature structure of type verb, the feature assign-	page=3 xpos=0 ypos=4 single-column full-justified aligned-line headchar-lower tailchar-hiphen
I-Body	case is appropriate, with values that are at least of type cases: Approp(verb, assign-	page=3 xpos=0 ypos=4 single-column full-justified aligned-line headchar-lower tailchar-hiphen
E-Body	case) = cases.	page=3 xpos=0 ypos=4 single-column right-indent font-smallest aligned-line shorter-tail headchar-lower tailchar-period above-line-space
B-Body	A formal introduction to the theory of TFSs is given by Carpenter (1992). In-	page=3 xpos=0 ypos=5 single-column left-indent indented-line longer-tail line-space year headchar-capital tailchar-hiphen
I-Body	formally, a TFS over a signature Types, , Feats, Approp differs from an untyped	page=3 xpos=0 ypos=5 single-column full-justified font-largest hanged-line headchar-lower
I-Body	feature structure in two aspects: a TFS has a type; and the value of each feature is a	page=3 xpos=0 ypos=5 single-column full-justified aligned-line headchar-lower
I-Body	TFS—there is no need for atoms in a typed system. A TFS A whose type is t is well-	page=3 xpos=0 ypos=5 single-column full-justified aligned-line headchar-capital tailchar-hiphen
I-Body	typed iff every feature F in A is such that Approp(t, F) is defined; every feature F in	page=3 xpos=0 ypos=5 single-column full-justified aligned-line headchar-lower
I-Body	A has value of type t  such that Approp(t, F)  t  ; and all the substructures of A are	page=3 xpos=0 ypos=5 single-column full-justified font-largest aligned-line headchar-capital
I-Body	well-typed. It is totally well-typed if, in addition, every feature F such that Approp(t,	page=3 xpos=0 ypos=6 single-column full-justified aligned-line headchar-lower tailchar-comma
I-Body	F) is defined occurs in A. In other words, a TFS is totally well-typed if it has all and	page=3 xpos=0 ypos=6 single-column full-justified aligned-line headchar-capital
I-Body	only the features that are appropriate for its type, with appropriate values, and the	page=3 xpos=0 ypos=6 single-column full-justified aligned-line headchar-lower
E-Body	same holds for all its substructures.	page=3 xpos=0 ypos=6 single-column right-indent aligned-line shorter-tail headchar-lower tailchar-period
B-Body	Totally well-typed TFSs are informative and efficient to process. It might be prac-	page=3 xpos=0 ypos=6 single-column left-indent indented-line longer-tail headchar-capital tailchar-hiphen
I-Body	tically difficult, however, for the writer of a grammar to specify the full information	page=3 xpos=0 ypos=7 single-column full-justified hanged-line headchar-lower
I-Body	such a structure encodes. To overcome this problem, type inference algorithms have	page=3 xpos=0 ypos=7 single-column full-justified aligned-line headchar-lower
I-Body	been devised that enable a system to infer a totally well-typed TFS automatically from	page=3 xpos=0 ypos=7 single-column full-justified aligned-line headchar-lower
I-Body	a partial description. Partial descriptions can specify	page=3 xpos=0 ypos=7 single-column right-indent aligned-line shorter-tail itemization headchar-lower above-blank-line above-double-space above-line-space
B-Listitem	• the type of a TFS: V.t:verb	page=3 xpos=0 ypos=7 single-column left-indent right-indent font-largest indented-line shorter-tail line-blank-line line-double-space line-space itemization above-double-space above-line-space
B-Listitem	• a variable, referring to a TFS: VP.b:assign-case:X	page=3 xpos=0 ypos=8 single-column left-indent right-indent font-largest aligned-line longer-tail line-double-space line-space itemization above-double-space above-line-space
B-Listitem	• a path equation: VP.b:assign-case = NP.t:case	page=3 xpos=0 ypos=8 single-column left-indent right-indent font-largest aligned-line shorter-tail line-double-space line-space itemization above-blank-line above-double-space above-line-space
B-Footnote	2 Some systems could have elaborate mechanisms implemented to deal with each kind of error	page=3 xpos=0 ypos=9 single-column left-indent right-indent font-smallest hanged-line longer-tail line-blank-line line-double-space line-space numbered-heading1
I-Footnote	mentioned here. But typing provides a single mechanism that handles several different kinds of errors	page=3 xpos=0 ypos=9 single-column left-indent right-indent font-smallest indented-line longer-tail headchar-lower
I-Footnote	simultaneously.	page=3 xpos=0 ypos=9 single-column left-indent right-indent font-smallest aligned-line shorter-tail headchar-lower tailchar-period above-blank-line above-double-space above-line-space
Page	392	page=3 xpos=0 ypos=9 single-column right-indent hanged-line shorter-tail line-blank-line line-double-space line-space numeric-only page-bottom
B-Header	Wintner and Sarkar A Note on Typing Feature Structures	page=4 xpos=0 ypos=0 single-column full-justified font-smallest page-top headchar-capital column-bottom above-double-space above-line-space
Figure	__Figure 3__	page=4 xpos=2 ypos=0 Figure-column left-indent right-indent box column-top line-double-space line-space figure-area column-bottom
B-Caption	Figure 3	page=4 xpos=0 ypos=1 single-column right-indent font-smallest column-top string-figure headchar-capital
E-Caption	A simple type	page=4 xpos=0 ypos=1 single-column right-indent font-smallest aligned-line longer-tail headchar-capital above-blank-line above-double-space above-line-space
B-Listitem	• a	page=4 xpos=0 ypos=2 single-column left-indent right-indent font-largest indented-line shorter-tail line-blank-line line-double-space line-space itemization above-double-space above-line-space
B-Listitem	• a conjunction	page=4 xpos=0 ypos=2 single-column left-indent right-indent font-largest aligned-line longer-tail line-double-space line-space itemization above-blank-line above-double-space above-line-space
B-Body	The inferred feature structure is the most general TFS that is consistent with the	page=4 xpos=0 ypos=3 single-column left-indent aligned-line longer-tail line-blank-line line-double-space line-space headchar-capital
I-Body	partial description. The inference fails iff the description is inconsistent (i.e., describes	page=4 xpos=0 ypos=3 single-column full-justified hanged-line headchar-lower
I-Body	no feature structure). See Figure 4 for some examples of partial descriptions and the	page=4 xpos=0 ypos=3 single-column full-justified aligned-line headchar-lower
E-Body	TFSs they induce, based on the signature of Figure 3.	page=4 xpos=0 ypos=3 single-column right-indent aligned-line shorter-tail headchar-capital tailchar-period above-blank-line above-double-space above-line-space
B-SectionHeader	4. Implementation	page=4 xpos=0 ypos=4 single-column right-indent aligned-line shorter-tail line-blank-line line-double-space line-space itemization above-blank-line above-double-space above-line-space
B-Body	To validate feature structure specifications in XTAG we have implemented the type in-	page=4 xpos=0 ypos=4 single-column full-justified aligned-line longer-tail line-blank-line line-double-space line-space headchar-capital tailchar-hiphen
I-Body	ference algorithm suggested by Carpenter (1992, chapter 6). We manually constructed	page=4 xpos=0 ypos=4 single-column full-justified aligned-line year headchar-lower
I-Body	a type signature suitable for the current use of feature structures in the XTAG gram-	page=4 xpos=0 ypos=4 single-column full-justified aligned-line itemization headchar-lower tailchar-hiphen
I-Body	mar of English (XTAG Research Group 2001). Then, we applied the type inference	page=4 xpos=0 ypos=5 single-column full-justified aligned-line year headchar-lower
I-Body	algorithm to all the feature structure specifications of the grammar, such that each	page=4 xpos=0 ypos=5 single-column full-justified aligned-line headchar-lower
E-Body	feature structure was expanded with respect to the signature.	page=4 xpos=0 ypos=5 single-column right-indent aligned-line shorter-tail headchar-lower tailchar-period
B-Body	Type inference is applied off-line, before the grammar is used for parsing. As is the	page=4 xpos=0 ypos=5 single-column left-indent indented-line longer-tail headchar-capital
I-Body	case with other off-line applications, efficiency is not a critical issue. It is worth noting,	page=4 xpos=0 ypos=5 single-column full-justified hanged-line headchar-lower tailchar-comma
I-Body	however, that for the grammar we checked (in which, admittedly, feature structures are	page=4 xpos=0 ypos=5 single-column full-justified aligned-line headchar-lower
I-Body	flat and relatively small), the validation procedure is highly efficient. As a benchmark,	page=4 xpos=0 ypos=6 single-column full-justified aligned-line headchar-lower tailchar-comma
I-Body	we checked the consistency of 1,000 trees, each consisting of two to fourteen nodes.	page=4 xpos=0 ypos=6 single-column full-justified aligned-line headchar-lower tailchar-period
I-Body	The input file, whose size approached 1MB, contained over 33,000 path equations.	page=4 xpos=0 ypos=6 single-column full-justified aligned-line headchar-capital tailchar-period
I-Body	Validating the consistency of the benchmark trees took less than 33 seconds (more	page=4 xpos=0 ypos=6 single-column full-justified aligned-line headchar-capital
E-Body	than a thousand path equations per second).	page=4 xpos=0 ypos=6 single-column right-indent aligned-line shorter-tail headchar-lower tailchar-period above-blank-line above-double-space above-line-space
B-SubsectionHeader	4.1 The Signature	page=4 xpos=0 ypos=7 single-column right-indent aligned-line shorter-tail line-blank-line line-double-space line-space numbered-heading2
B-Body	The signature for the XTAG grammar was constructed manually, by observing the	page=4 xpos=0 ypos=7 single-column full-justified aligned-line longer-tail headchar-capital
I-Body	use of feature equations in the grammar and consulting its documentation. As noted	page=4 xpos=0 ypos=7 single-column full-justified aligned-line headchar-lower
I-Body	above, most feature structures used in the grammar are flat, but the number of features	page=4 xpos=0 ypos=7 single-column full-justified aligned-line headchar-lower
I-Body	in the top level is relatively high. The signature consists of 58 types and 56 features,	page=4 xpos=0 ypos=7 single-column full-justified aligned-line headchar-lower tailchar-comma
I-Body	and its construction took a few hours. In principle, it should be possible to construct	page=4 xpos=0 ypos=8 single-column full-justified aligned-line headchar-lower
I-Body	signatures for untyped feature structures automatically, but such signatures will of	page=4 xpos=0 ypos=8 single-column full-justified aligned-line headchar-lower
E-Body	course be less readable than manually constructed ones.	page=4 xpos=0 ypos=8 single-column right-indent aligned-line shorter-tail headchar-lower tailchar-period above-blank-line above-double-space above-line-space
B-SubsectionHeader	4.2 Results	page=4 xpos=0 ypos=8 single-column right-indent aligned-line shorter-tail line-blank-line line-double-space line-space numbered-heading2
B-Body	Applying the type inference algorithm to the XTAG English grammar, we have vali-	page=4 xpos=0 ypos=8 single-column full-justified aligned-line longer-tail headchar-capital tailchar-hiphen
I-Body	dated the consistency of all feature structures specified in the grammar. We have been	page=4 xpos=0 ypos=9 single-column full-justified aligned-line headchar-lower
I-Body	able to detect a great number of errors, which we discuss in this section. The errors	page=4 xpos=0 ypos=9 single-column full-justified aligned-line headchar-lower above-blank-line above-double-space above-line-space
Page	393	page=4 xpos=9 ypos=9 single-column left-indent indented-line line-blank-line line-double-space line-space numeric-only page-bottom
B-Header	Computational Linguistics Volume 28, Number 3	page=5 xpos=0 ypos=0 single-column full-justified font-smallest page-top headchar-capital column-bottom above-double-space above-line-space
Figure	__Figure 4__	page=5 xpos=0 ypos=0 Figure-column centered left-indent right-indent box column-top line-double-space line-space figure-area column-bottom above-double-space above-line-space
B-Caption	Figure 4	page=5 xpos=0 ypos=4 single-column right-indent font-smallest column-top line-double-space line-space string-figure headchar-capital
E-Caption	Inferred TFSs.	page=5 xpos=0 ypos=5 single-column right-indent font-smallest aligned-line longer-tail headchar-capital tailchar-period above-blank-line above-double-space above-line-space
I-Body	can be classified into four different types: ambiguous names, typos, undocumented	page=5 xpos=0 ypos=5 single-column full-justified aligned-line longer-tail line-blank-line line-double-space line-space headchar-lower
E-Body	features, and plain errors.	page=5 xpos=0 ypos=5 single-column right-indent aligned-line shorter-tail headchar-lower tailchar-period above-blank-line above-double-space above-line-space
B-Listitem	4.2.1 Ambiguous Names. Ambiguous names are an obvious error, but one that is not	page=5 xpos=0 ypos=6 single-column full-justified aligned-line longer-tail line-blank-line line-double-space line-space numbered-heading3
I-Listitem	easy to track without the typing mechanism that we discuss in this article. As the	page=5 xpos=0 ypos=6 single-column full-justified aligned-line headchar-lower
I-Listitem	XTAG grammar has been developed by as many as a dozen developers, over a period	page=5 xpos=0 ypos=6 single-column full-justified aligned-line headchar-capital
I-Listitem	of more than a decade, such errors are probably unavoidable. Specifically, a single	page=5 xpos=0 ypos=6 single-column full-justified aligned-line headchar-lower
I-Listitem	name is used for two different features or values, with completely different intentions	page=5 xpos=0 ypos=6 single-column full-justified aligned-line headchar-lower
I-Listitem	in mind. <sup>3</sup> We have found several such errors in the grammar.	page=5 xpos=0 ypos=7 single-column right-indent font-larger aligned-line shorter-tail headchar-lower tailchar-period
I-Listitem	The feature gen was used for two purposes: in nouns, it referred to the gender,	page=5 xpos=0 ypos=7 single-column left-indent indented-line longer-tail headchar-capital tailchar-comma
I-Listitem	and took values such as masc, fem, or neuter; in pronouns, it was a boolean feature	page=5 xpos=0 ypos=7 single-column full-justified hanged-line headchar-lower
I-Listitem	denoting genitive case. We even found a few cases in which the values of these in-	page=5 xpos=0 ypos=7 single-column full-justified aligned-line headchar-lower tailchar-hiphen
I-Listitem	compatible features were equated. As another example, the value nom was used to	page=5 xpos=0 ypos=7 single-column full-justified aligned-line headchar-lower
I-Listitem	denote both nominative case, where it was an appropriate value for the case feature,	page=5 xpos=0 ypos=7 single-column full-justified aligned-line headchar-lower tailchar-comma
I-Listitem	and to denote a nominal predicate, where it was the appropriate value of the mode	page=5 xpos=0 ypos=8 single-column full-justified aligned-line headchar-lower
I-Listitem	feature. Of course, these two features have nothing to do with each other and should	page=5 xpos=0 ypos=8 single-column full-justified aligned-line headchar-lower
I-Listitem	never be equated (hence, should never have the same value). Finally, values such as	page=5 xpos=0 ypos=8 single-column full-justified aligned-line headchar-lower
I-Listitem	nil or none were used abundantly for a variety of purposes.	page=5 xpos=0 ypos=8 single-column right-indent aligned-line shorter-tail headchar-lower tailchar-period above-blank-line above-double-space above-line-space
B-Footnote	3 Recall that by the feature introduction condition, each feature must be introduced by some most	page=5 xpos=0 ypos=9 single-column left-indent right-indent font-smallest indented-line longer-tail line-blank-line line-double-space line-space numbered-heading1
I-Footnote	general type (and be appropriate for all its subtypes).	page=5 xpos=0 ypos=9 single-column left-indent right-indent font-smallest indented-line shorter-tail headchar-lower tailchar-period above-blank-line above-double-space above-line-space
Page	394	page=5 xpos=0 ypos=9 single-column right-indent hanged-line shorter-tail line-blank-line line-double-space line-space numeric-only page-bottom
B-Header	Wintner and Sarkar A Note on Typing Feature Structures	page=6 xpos=0 ypos=0 single-column full-justified font-smallest page-top headchar-capital above-blank-line above-double-space above-line-space
B-Listitem	4.2.2 Typos. Another type of error that is very difficult to track otherwise are plain	page=6 xpos=0 ypos=0 single-column full-justified aligned-line line-blank-line line-double-space line-space numbered-heading3
I-Listitem	typos. The best example is probably a feature that occurred about 80% of the time as	page=6 xpos=0 ypos=0 single-column full-justified aligned-line headchar-lower
I-Listitem	relpron and the rest of the time as rel-pron:	page=6 xpos=0 ypos=0 single-column right-indent aligned-line shorter-tail headchar-lower tailchar-colon above-line-space
I-Listitem	S_r.t:<relpron> = NP_w.t:<rel-pron>	page=6 xpos=0 ypos=1 single-column right-indent font-smallest aligned-line shorter-tail line-space headchar-capital above-blank-line above-double-space above-line-space
B-Listitem	4.2.3 Undocumented Features. We have found a great number of features and values	page=6 xpos=0 ypos=1 single-column full-justified aligned-line longer-tail line-blank-line line-double-space line-space numbered-heading3
I-Listitem	that are not mentioned in the technical report documenting the grammar. Some of	page=6 xpos=0 ypos=1 single-column full-justified aligned-line headchar-lower
I-Listitem	them turned out to be remnants of old analyses that were obsolete; others indicated	page=6 xpos=0 ypos=1 single-column full-justified aligned-line headchar-lower
I-Listitem	a need for better documentation. Of course, the fewer features the grammar is using,	page=6 xpos=0 ypos=2 single-column full-justified aligned-line itemization headchar-lower tailchar-comma
I-Listitem	the more efficient unification (and, hence, parsing) becomes.	page=6 xpos=0 ypos=2 single-column right-indent aligned-line shorter-tail headchar-lower tailchar-period
I-Listitem	Other cases necessitated updates of the grammar documentation. For example, the	page=6 xpos=0 ypos=2 single-column left-indent indented-line longer-tail headchar-capital
I-Listitem	feature displ-const was documented as taking boolean values but turned out to be	page=6 xpos=0 ypos=2 single-column full-justified hanged-line headchar-lower
I-Listitem	a complex feature, with a substructure under the feature set1. The feature gen (in its	page=6 xpos=0 ypos=2 single-column full-justified aligned-line itemization headchar-lower
I-Listitem	gender use) was defined at the top level of nouns, whereas it should have been under	page=6 xpos=0 ypos=2 single-column full-justified aligned-line headchar-lower
I-Listitem	the agr feature.	page=6 xpos=0 ypos=3 single-column right-indent aligned-line shorter-tail headchar-lower tailchar-period above-blank-line above-double-space above-line-space
B-Listitem	4.2.4 Other Errors. Finally, some errors are plain mistakes of the grammar designer.	page=6 xpos=0 ypos=3 single-column full-justified aligned-line longer-tail line-blank-line line-double-space line-space numbered-heading3 tailchar-period
I-Listitem	For example, the specification S_r.t:<assign-case> = NP_w.t:<assign-case> im-	page=6 xpos=0 ypos=3 single-column full-justified aligned-line headchar-capital tailchar-hiphen
I-Listitem	plies that assign-case is appropriate for nouns, which is of course wrong; the spec-	page=6 xpos=0 ypos=3 single-column full-justified aligned-line headchar-lower tailchar-hiphen
I-Listitem	ification S_r.t:<case> = nom implies that sentences have cases; and the specifica-	page=6 xpos=0 ypos=4 single-column full-justified aligned-line headchar-lower tailchar-hiphen
I-Listitem	tion V.t:<refl> = V_r.b:<refl> implies that verbs can be reflexive. Another ex-	page=6 xpos=0 ypos=4 single-column full-justified aligned-line headchar-lower tailchar-hiphen
I-Listitem	ample is the specification D_r.b:<punct bal> = Punct_1.t:<punct>, which handles	page=6 xpos=0 ypos=4 single-column full-justified aligned-line headchar-lower
I-Listitem	the balancing of punctuation marks such as parentheses. This should have been either	page=6 xpos=0 ypos=4 single-column full-justified aligned-line headchar-lower
I-Listitem	D_r.b:<punct> = Punct_1.t:<punct> or D_r.b:<punct bal> = Punct_1.t:<punct	page=6 xpos=0 ypos=4 single-column full-justified aligned-line headchar-capital above-line-space
I-Listitem	bal>.	page=6 xpos=0 ypos=4 single-column right-indent font-smallest aligned-line shorter-tail line-space headchar-lower tailchar-period above-blank-line above-double-space above-line-space
B-SubsectionHeader	4.3 Additional Advantages	page=6 xpos=0 ypos=5 single-column right-indent aligned-line longer-tail line-blank-line line-double-space line-space numbered-heading2
B-Body	Since the feature structure validation procedure practically expands path equations to	page=6 xpos=0 ypos=5 single-column full-justified aligned-line longer-tail headchar-capital
I-Body	(most general) totally well-typed feature structures, we have implemented a mode in	page=6 xpos=0 ypos=5 single-column full-justified aligned-line
I-Body	which the system outputs the expanded TFSs. Users can thus have a better idea of	page=6 xpos=0 ypos=5 single-column full-justified aligned-line headchar-lower
I-Body	what feature structures are associated with tree nodes, both because all the features	page=6 xpos=0 ypos=6 single-column full-justified aligned-line headchar-lower
I-Body	are present, and because typing adds information that was unavailable in the untyped	page=6 xpos=0 ypos=6 single-column full-justified aligned-line headchar-lower
I-Body	specification. As an example, consider the following specification:	page=6 xpos=0 ypos=6 single-column right-indent aligned-line shorter-tail headchar-lower tailchar-colon above-line-space
B-Listitem	PP.b:<wh> = NP.b:<wh>	page=6 xpos=0 ypos=6 single-column right-indent font-smallest aligned-line shorter-tail line-space headchar-capital above-line-space
B-Listitem	PP.b:<assign-case> = nom	page=6 xpos=0 ypos=6 single-column right-indent font-smallest aligned-line longer-tail line-space headchar-capital above-line-space
B-Listitem	PP.b:<assign-case> = N.t:<case>	page=6 xpos=0 ypos=7 single-column right-indent font-smallest aligned-line longer-tail line-space headchar-capital above-line-space
B-Listitem	NP.b:<agr> = N.t:<agr>	page=6 xpos=0 ypos=7 single-column right-indent font-smallest aligned-line shorter-tail line-space headchar-capital above-line-space
B-Listitem	NP.b:<case> = N.t:<case>	page=6 xpos=0 ypos=7 single-column right-indent font-smallest aligned-line longer-tail line-space headchar-capital above-line-space
B-Listitem	N.t:<case> = nom/acc	page=6 xpos=0 ypos=7 single-column right-indent font-smallest aligned-line shorter-tail line-space headchar-capital above-line-space
B-Body	When it is expanded by the system, the TFS that is output for PP.b is depicted in	page=6 xpos=0 ypos=7 single-column full-justified aligned-line longer-tail line-space headchar-capital
I-Body	Figure 5 (left). Note that the type of this TFS was set to p or v or comp, indicating	page=6 xpos=0 ypos=7 single-column full-justified aligned-line string-figure headchar-capital
I-Body	that there is not sufficient information for the type inference procedure to distinguish	page=6 xpos=0 ypos=8 single-column full-justified aligned-line headchar-lower
I-Body	among these three types. Many features that are not explicitly mentioned are added	page=6 xpos=0 ypos=8 single-column full-justified aligned-line headchar-lower
E-Body	by the inference procedure, with their “default” (most general) values.	page=6 xpos=0 ypos=8 single-column right-indent aligned-line shorter-tail headchar-lower tailchar-period
B-Body	The node N.t is associated with a TFS, parts of which are depicted in Figure 5	page=6 xpos=0 ypos=8 single-column left-indent indented-line longer-tail headchar-capital
I-Body	(right). It is worth noting that the type of this TFS was correctly inferred to be noun,	page=6 xpos=0 ypos=8 single-column full-justified hanged-line tailchar-comma
I-Body	and that the case feature is reentrant with the assign-case feature of the PP.b node	page=6 xpos=0 ypos=8 single-column full-justified aligned-line headchar-lower
I-Body	(through the reentrancy tag [304]), thus restricting it to nom, although the specification	page=6 xpos=0 ypos=9 single-column full-justified aligned-line
E-Body	listed a disjunctive value, nom/acc.	page=6 xpos=0 ypos=9 single-column right-indent aligned-line shorter-tail headchar-lower tailchar-period above-blank-line above-double-space above-line-space
Page	395	page=6 xpos=9 ypos=9 single-column left-indent indented-line longer-tail line-blank-line line-double-space line-space numeric-only page-bottom
B-Header	Computational Linguistics Volume 28, Number 3	page=7 xpos=0 ypos=0 single-column full-justified font-smallest page-top headchar-capital column-bottom above-double-space above-line-space
Figure	__Figure 5__	page=7 xpos=0 ypos=0 Figure-column right-indent box column-top line-double-space line-space figure-area column-bottom above-double-space above-line-space
B-Caption	Figure 5	page=7 xpos=0 ypos=3 single-column right-indent font-smallest column-top line-double-space line-space string-figure headchar-capital
E-Caption	Expanded TFSs.	page=7 xpos=0 ypos=3 single-column right-indent font-smallest aligned-line longer-tail headchar-capital tailchar-period above-blank-line above-double-space above-line-space
B-SectionHeader	5. Further Research	page=7 xpos=0 ypos=4 single-column right-indent aligned-line longer-tail line-blank-line line-double-space line-space itemization above-blank-line above-double-space above-line-space
B-Body	We have described in this article a method for validating the consistency of feature	page=7 xpos=0 ypos=4 single-column full-justified aligned-line longer-tail line-blank-line line-double-space line-space headchar-capital
I-Body	structure specifications in grammars that incorporate untyped feature structures. Al-	page=7 xpos=0 ypos=4 single-column full-justified aligned-line headchar-lower tailchar-hiphen
I-Body	though the use of feature structures in XTAG is very limited, especially since all fea-	page=7 xpos=0 ypos=4 single-column full-justified aligned-line headchar-lower tailchar-hiphen
I-Body	ture structures are finitely bounded, the method we describe is applicable to feature	page=7 xpos=0 ypos=5 single-column full-justified aligned-line headchar-lower
I-Body	structure–based grammatical formalisms in general; in particular, it will be interesting	page=7 xpos=0 ypos=5 single-column full-justified aligned-line headchar-lower
I-Body	to test it on broad-coverage grammars that are based on unbounded feature structures,	page=7 xpos=0 ypos=5 single-column full-justified aligned-line headchar-lower tailchar-comma
E-Body	such as lexical functional grammars.	page=7 xpos=0 ypos=5 single-column right-indent aligned-line shorter-tail headchar-lower tailchar-period
B-Body	We have applied type inference only statically; feature structures that are created	page=7 xpos=0 ypos=5 single-column left-indent indented-line longer-tail headchar-capital
I-Body	at parse time are not validated. By modifying the unification algorithm currently used	page=7 xpos=0 ypos=6 single-column full-justified hanged-line headchar-lower
I-Body	in XTAG, however, it is possible to use TFSs in the grammar and apply type inference	page=7 xpos=0 ypos=6 single-column full-justified aligned-line headchar-lower
I-Body	at run time. This will enable detection of more errors at run time and provide for	page=7 xpos=0 ypos=6 single-column full-justified aligned-line headchar-lower
I-Body	better representation of feature structures and possibly for more efficient unifications.	page=7 xpos=0 ypos=6 single-column full-justified aligned-line headchar-lower tailchar-period
I-Body	In a new implementation of XTAG (Sarkar 2000), feature structure specifications are	page=7 xpos=0 ypos=6 single-column full-justified aligned-line year headchar-capital
I-Body	not evaluated as structures are being constructed; rather, they are deferred to the final	page=7 xpos=0 ypos=6 single-column full-justified aligned-line headchar-lower
I-Body	stage of processing, when only valid trees remain. We plan to apply type inference to	page=7 xpos=0 ypos=7 single-column full-justified aligned-line headchar-lower
I-Body	the resulting feature structures in this implementation, so that run-time errors can be	page=7 xpos=0 ypos=7 single-column full-justified aligned-line headchar-lower
E-Body	detected as well.	page=7 xpos=0 ypos=7 single-column right-indent aligned-line shorter-tail headchar-lower tailchar-period above-blank-line above-double-space above-line-space
AcknowledgementHeader	Acknowledgments	page=7 xpos=0 ypos=7 single-column right-indent font-smallest aligned-line line-blank-line line-double-space line-space string-acknowledgement headchar-capital
B-Acknowledgement	This work was supported by an IRCS Theoretical Computer Science. Cambridge	page=7 xpos=0 ypos=7 single-column full-justified font-smaller aligned-line longer-tail headchar-capital
I-Acknowledgement	fellowship and NSF grant SBR 8920230. The University Press, Cambridge, England.	page=7 xpos=0 ypos=8 single-column right-indent font-smaller aligned-line shorter-tail year headchar-lower tailchar-period
I-Acknowledgement	work of the first author was supported by Joshi, Aravind K. 1985. “Tree adjoining	page=7 xpos=0 ypos=8 single-column right-indent font-smaller aligned-line shorter-tail year headchar-lower
I-Acknowledgement	the Israel Science Foundation (grant number grammars: How much context sensitivity	page=7 xpos=0 ypos=8 single-column right-indent font-smaller aligned-line longer-tail headchar-lower
E-Acknowledgement	136/01-1). is required to provide a reasonable	page=7 xpos=0 ypos=8 single-column right-indent font-smaller aligned-line shorter-tail
I-Reference	structural description.” In D. Dowty,	page=7 xpos=5 ypos=8 single-column left-indent right-indent font-smallest indented-line longer-tail headchar-lower tailchar-comma
I-Reference	I. Karttunen, and A. Zwicky, editors,	page=7 xpos=5 ypos=8 single-column left-indent right-indent font-smallest aligned-line headchar-capital tailchar-comma
ReferenceHeader	References Natural Language Parsing. Cambridge	page=7 xpos=0 ypos=8 single-column right-indent font-largest hanged-line string-reference headchar-capital
B-Reference	Carpenter, Bob. 1992. The Logic of Typed University Press, Cambridge, England,	page=7 xpos=0 ypos=9 single-column right-indent font-smaller aligned-line longer-tail year headchar-capital tailchar-comma
I-Reference	Feature Structures. Cambridge Tracts in pages 206–250.	page=7 xpos=0 ypos=9 single-column left-indent right-indent font-smaller indented-line shorter-tail headchar-capital tailchar-period above-blank-line above-double-space above-line-space
Page	396	page=7 xpos=0 ypos=9 single-column right-indent hanged-line shorter-tail line-blank-line line-double-space line-space numeric-only page-bottom
B-Header	Wintner and Sarkar A Note on Typing Feature Structures	page=8 xpos=0 ypos=0 single-column full-justified font-smallest page-top headchar-capital above-blank-line above-double-space above-line-space
B-Reference	Joshi, Aravind K., L. Levy, and Sarkar, Anoop. 2000. “Practical experiments	page=8 xpos=0 ypos=0 single-column right-indent font-smallest aligned-line line-blank-line line-double-space line-space year headchar-capital
I-Reference	M. Takahashi. 1975. Tree adjunct in parsing using tree adjoining	page=8 xpos=0 ypos=0 single-column left-indent right-indent font-smallest indented-line shorter-tail year headchar-capital
I-Reference	grammars. Journal of Computer and System grammars.” In Proceedings of the Fifth	page=8 xpos=0 ypos=0 single-column left-indent right-indent font-smallest aligned-line longer-tail headchar-lower
I-Reference	Sciences 10(1):136–163. Workshop on Tree Adjoining Grammars,	page=8 xpos=0 ypos=0 single-column left-indent right-indent font-smallest aligned-line headchar-capital tailchar-comma
B-Reference	Kaplan, Ronald and Joan Bresnan. 1982. TAG+ 5, Paris, France, May 25–27.	page=8 xpos=0 ypos=1 single-column right-indent font-smallest hanged-line shorter-tail year headchar-capital tailchar-period
I-Reference	“Lexical functional grammar: A formal Schabes, Yves, Anne Abeillé, and	page=8 xpos=0 ypos=1 single-column left-indent right-indent font-smallest indented-line shorter-tail
I-Reference	system for grammatical representation.” Aravind K. Joshi. 1988. “Parsing strategies	page=8 xpos=0 ypos=1 single-column left-indent font-smallest aligned-line longer-tail year headchar-lower
I-Reference	In J. Bresnan, editor, The Mental with ‘lexicalized’ grammars: Application	page=8 xpos=0 ypos=1 single-column left-indent right-indent font-smallest aligned-line shorter-tail headchar-capital
I-Reference	Representation of Grammatical Relations. MIT to tree adjoining grammars.” In	page=8 xpos=0 ypos=1 single-column left-indent right-indent font-smallest aligned-line shorter-tail headchar-capital
I-Reference	Press, Cambridge, Massachusetts, Proceedings of the 12th International	page=8 xpos=0 ypos=1 single-column left-indent right-indent font-smallest aligned-line longer-tail headchar-capital
I-Reference	pages 173–281. Conference on Computational Linguistics	page=8 xpos=0 ypos=1 single-column left-indent right-indent font-smallest aligned-line longer-tail headchar-lower
B-Reference	Kroch, Anthony S. and Aravind K. Joshi. (COLING’88), volume 2, pages 579–583,	page=8 xpos=0 ypos=2 single-column right-indent font-smallest hanged-line longer-tail headchar-capital tailchar-comma
I-Reference	1987. “Analyzing extraposition in a tree Budapest, Hungary, August.	page=8 xpos=0 ypos=2 single-column left-indent right-indent font-smallest indented-line shorter-tail year tailchar-period
I-Reference	adjoining grammar.” In G. Huck and Vijay-Shanker, K. and Aravind K. Joshi.	page=8 xpos=0 ypos=2 single-column left-indent right-indent font-smallest aligned-line longer-tail headchar-lower tailchar-period
I-Reference	A. Ojeda, editors, Discontinuous 1991. “Unification based tree adjoining	page=8 xpos=0 ypos=2 single-column left-indent right-indent font-smallest aligned-line longer-tail year headchar-capital
I-Reference	Constituents, Syntax and Semantics, grammars.” In J. Wedekind, editor,	page=8 xpos=0 ypos=2 single-column left-indent right-indent font-smallest aligned-line shorter-tail headchar-capital tailchar-comma
I-Reference	volume 20. Academic Press, Unification-Based Grammars. MIT Press,	page=8 xpos=0 ypos=2 single-column left-indent right-indent font-smallest aligned-line longer-tail headchar-lower tailchar-comma
I-Reference	pages 107–149. Cambridge, Massachusetts.	page=8 xpos=0 ypos=2 single-column left-indent right-indent font-smallest aligned-line shorter-tail headchar-lower tailchar-period
B-Reference	Pollard, Carl and Ivan A. Sag. 1994. XTAG Research Group. 2001. “A lexicalized	page=8 xpos=0 ypos=3 single-column right-indent font-smallest hanged-line longer-tail year headchar-capital
I-Reference	Head-Driven Phrase Structure Grammar. tree adjoining grammar for English.”	page=8 xpos=0 ypos=3 single-column left-indent right-indent font-smallest indented-line shorter-tail headchar-capital
I-Reference	University of Chicago Press and CSLI Technical report IRCS-01-03, Institute for	page=8 xpos=0 ypos=3 single-column left-indent right-indent font-smallest aligned-line longer-tail headchar-capital
I-Reference	Publications, Chicago, Illinois, and Research in Cognitive Science, University	page=8 xpos=0 ypos=3 single-column left-indent right-indent font-smallest aligned-line headchar-capital
I-Reference	Stanford, California. of Pennsylvania, Philadelphia.	page=8 xpos=0 ypos=3 single-column left-indent right-indent font-smallest aligned-line shorter-tail headchar-capital tailchar-period above-blank-line above-double-space above-line-space
Page	397	page=8 xpos=9 ypos=9 single-column left-indent indented-line longer-tail line-blank-line line-double-space line-space numeric-only
