B-Header	Proceedings of HLT-NAACL 2003	page=0 xpos=6 ypos=0 right-column left-indent font-smallest page-top year headchar-capital above-line-space
I-Header	Main Papers , pp. 205-211	page=0 xpos=7 ypos=0 right-column left-indent font-smallest indented-line line-space headchar-capital above-line-space
I-Header	Edmonton, May-June 2003	page=0 xpos=7 ypos=0 right-column left-indent font-smallest indented-line line-space year headchar-capital column-bottom above-double-space above-line-space
Title	A Web-Trained Extraction Summarization System	page=0 xpos=1 ypos=0 single-column centered left-indent right-indent font-largest column-top line-double-space line-space headchar-capital above-blank-line above-double-space above-line-space
Author	Liang Zhou and Eduard Hovy	page=0 xpos=3 ypos=1 single-column left-indent right-indent font-largest indented-line shorter-tail line-blank-line line-double-space line-space headchar-capital
B-Affiliation	USC Information Sciences Institute	page=0 xpos=3 ypos=1 single-column left-indent right-indent font-largest hanged-line longer-tail headchar-capital
Address	4676 Admiralty Way	page=0 xpos=4 ypos=1 single-column left-indent right-indent font-largest indented-line shorter-tail
Address	Marina del Rey, CA 90292-6695	page=0 xpos=3 ypos=1 single-column left-indent right-indent font-largest hanged-line longer-tail headchar-capital
Email	{liangz, hovy}@isi.edu	page=0 xpos=4 ypos=1 single-column left-indent right-indent font-largest indented-line shorter-tail symbol-atmark column-bottom above-blank-line above-double-space above-line-space
AbstractHeader	Abstract	page=0 xpos=1 ypos=2 left-column centered left-indent right-indent font-largest column-top line-blank-line line-double-space line-space string-abstract headchar-capital above-blank-line above-double-space above-line-space
B-Abstract	A serious bottleneck in the development of	page=0 xpos=0 ypos=3 left-column centered left-indent right-indent hanged-line longer-tail line-blank-line line-double-space line-space headchar-capital
I-Abstract	trainable text summarization systems is the	page=0 xpos=0 ypos=3 left-column centered left-indent right-indent aligned-line headchar-lower
I-Abstract	shortage of training data. Constructing such	page=0 xpos=0 ypos=3 left-column centered left-indent right-indent aligned-line headchar-lower
I-Abstract	data is a very tedious task, especially because	page=0 xpos=0 ypos=3 left-column centered left-indent right-indent aligned-line headchar-lower
I-Abstract	there are in general many different correct	page=0 xpos=0 ypos=3 left-column centered left-indent right-indent aligned-line headchar-lower
I-Abstract	ways to summarize a text. Fortunately we can	page=0 xpos=0 ypos=4 left-column centered left-indent right-indent aligned-line headchar-lower
I-Abstract	utilize the Internet as a source of suitable	page=0 xpos=0 ypos=4 left-column centered left-indent right-indent aligned-line headchar-lower
I-Abstract	training data. In this paper, we present a	page=0 xpos=0 ypos=4 left-column centered left-indent right-indent aligned-line headchar-lower
I-Abstract	summarization system that uses the web as the	page=0 xpos=0 ypos=4 left-column centered left-indent right-indent aligned-line headchar-lower
I-Abstract	source of training data. The procedure involves	page=0 xpos=0 ypos=4 left-column centered left-indent right-indent aligned-line headchar-lower
I-Abstract	structuring the articles downloaded from	page=0 xpos=0 ypos=4 left-column centered left-indent right-indent aligned-line headchar-lower
I-Abstract	various websites, building adequate corpora of	page=0 xpos=0 ypos=5 left-column centered left-indent right-indent aligned-line headchar-lower
I-Abstract	(summary, text) and (extract, text) pairs,	page=0 xpos=0 ypos=5 left-column centered left-indent right-indent aligned-line tailchar-comma
I-Abstract	training on positive and negative data, and	page=0 xpos=0 ypos=5 left-column centered left-indent right-indent aligned-line headchar-lower
I-Abstract	automatically learning to perform the task of	page=0 xpos=0 ypos=5 left-column centered left-indent right-indent aligned-line headchar-lower
I-Abstract	extraction-based summarization at a level	page=0 xpos=0 ypos=5 left-column centered left-indent right-indent aligned-line headchar-lower
I-Abstract	comparable to the best DUC systems.	page=0 xpos=0 ypos=5 left-column left-indent right-indent aligned-line shorter-tail headchar-lower tailchar-period above-blank-line above-double-space above-line-space
B-SectionHeader	1 Introduction	page=0 xpos=0 ypos=6 left-column right-indent font-largest hanged-line shorter-tail line-blank-line line-double-space line-space numbered-heading1 above-blank-line above-double-space above-line-space
B-Body	The task of an extraction-based text summarizer is to	page=0 xpos=0 ypos=6 left-column left-indent indented-line longer-tail line-blank-line line-double-space line-space headchar-capital
I-Body	select from a text the most important sentences that are	page=0 xpos=0 ypos=7 left-column full-justified hanged-line headchar-lower
I-Body	in size a small percentage of the original text yet still as	page=0 xpos=0 ypos=7 left-column full-justified aligned-line headchar-lower
I-Body	informative as the full text (Kupiec et al., 1995).	page=0 xpos=0 ypos=7 left-column full-justified aligned-line year headchar-lower tailchar-period
I-Body	Typically, trainable summarization systems characterize	page=0 xpos=0 ypos=7 left-column full-justified aligned-line headchar-capital
I-Body	each sentence according to a set of predefined features	page=0 xpos=0 ypos=7 left-column full-justified aligned-line headchar-lower
I-Body	and then learn from training material which feature	page=0 xpos=0 ypos=7 left-column full-justified aligned-line headchar-lower
I-Body	combinations are indicative of good extract sentences.	page=0 xpos=0 ypos=8 left-column full-justified aligned-line headchar-lower tailchar-period
I-Body	In order to learn the characteristics of indicative	page=0 xpos=0 ypos=8 left-column full-justified aligned-line headchar-capital
I-Body	summarizing sentences, a large enough collection of	page=0 xpos=0 ypos=8 left-column full-justified aligned-line headchar-lower
E-Body	(summary, text) pairs must be provided to the system.	page=0 xpos=0 ypos=8 left-column right-indent aligned-line shorter-tail tailchar-period
B-Body	Research in automated text summarization is	page=0 xpos=0 ypos=8 left-column left-indent indented-line longer-tail headchar-capital
I-Body	constantly troubled by the difficulty of finding or	page=0 xpos=0 ypos=8 left-column full-justified hanged-line headchar-lower
I-Body	constructing large collections of (extract, text) pairs.	page=0 xpos=0 ypos=9 left-column full-justified aligned-line headchar-lower tailchar-period
I-Body	Usually, (abstract, text) pairs are available and can be	page=0 xpos=0 ypos=9 left-column full-justified aligned-line headchar-capital
I-Body	easily obtained (though not in sufficient quantity to	page=0 xpos=0 ypos=9 left-column full-justified aligned-line headchar-lower
I-Body	support fully automated learning for large domains). But	page=0 xpos=0 ypos=9 left-column full-justified aligned-line headchar-lower
I-Body	abstract sentences are not identical to summary	page=0 xpos=0 ypos=9 left-column full-justified aligned-line headchar-lower column-bottom
I-Body	sentences and hence make direct comparison difficult.	page=0 xpos=5 ypos=2 right-column full-justified column-top headchar-lower tailchar-period
I-Body	Therefore, some algorithms have been introduced to	page=0 xpos=5 ypos=3 right-column full-justified aligned-line headchar-capital
I-Body	generate (extract, text) pairs expanded from (abstract,	page=0 xpos=5 ypos=3 right-column full-justified aligned-line headchar-lower tailchar-comma
E-Body	text) inputs (Marcu, 1999).	page=0 xpos=5 ypos=3 right-column right-indent aligned-line shorter-tail year headchar-lower tailchar-period
B-Body	The explosion of the World Wide Web has made	page=0 xpos=5 ypos=3 right-column left-indent indented-line longer-tail headchar-capital
I-Body	accessible billions of documents and newspaper articles.	page=0 xpos=5 ypos=3 right-column full-justified hanged-line headchar-lower tailchar-period
I-Body	If one could automatically find short forms of longer	page=0 xpos=5 ypos=3 right-column full-justified aligned-line headchar-capital
I-Body	documents, one could build large training sets over	page=0 xpos=5 ypos=4 right-column full-justified aligned-line headchar-lower
I-Body	time. However, one cannot today retrieve short and long	page=0 xpos=5 ypos=4 right-column full-justified aligned-line headchar-lower
E-Body	texts on the same topic directly.	page=0 xpos=5 ypos=4 right-column right-indent aligned-line shorter-tail headchar-lower tailchar-period
B-Body	News published on the Internet is an exception.	page=0 xpos=5 ypos=4 right-column left-indent indented-line longer-tail headchar-capital tailchar-period
I-Body	Although it is not ideally organized, the topic	page=0 xpos=5 ypos=4 right-column full-justified hanged-line headchar-capital
I-Body	orientation and temporal nature of news makes it	page=0 xpos=5 ypos=4 right-column full-justified aligned-line headchar-lower
I-Body	possible to impose an organization and thereby obtain a	page=0 xpos=5 ypos=5 right-column full-justified aligned-line headchar-lower
I-Body	training corpus on the same topic. We hypothesize that	page=0 xpos=5 ypos=5 right-column full-justified aligned-line headchar-lower
I-Body	weekly articles are sophisticated summaries of daily	page=0 xpos=5 ypos=5 right-column full-justified aligned-line headchar-lower
I-Body	ones, and monthly articles are summaries of weekly	page=0 xpos=5 ypos=5 right-column full-justified aligned-line headchar-lower
I-Body	ones, as shown in Figure 1. Under this hypothesis, how	page=0 xpos=5 ypos=5 right-column full-justified aligned-line headchar-lower
I-Body	accurate an extract summarizer can one train? In this	page=0 xpos=5 ypos=5 right-column full-justified aligned-line headchar-lower
I-Body	paper we first describe the corpus reorganization, then	page=0 xpos=5 ypos=6 right-column full-justified aligned-line headchar-lower
I-Body	in Section 3 the training data formulation and the	page=0 xpos=5 ypos=6 right-column full-justified aligned-line headchar-lower
I-Body	system, the system evaluation in Section 4, and finally	page=0 xpos=5 ypos=6 right-column full-justified aligned-line headchar-lower
E-Body	future work in Section 5.	page=0 xpos=5 ypos=6 right-column right-indent aligned-line shorter-tail headchar-lower tailchar-period above-double-space above-line-space
Figure	__Figure 1__	page=0 xpos=5 ypos=6 right-column left-indent right-indent box indented-line longer-tail line-double-space line-space figure-area above-double-space above-line-space
B-Caption	Figure 1. Corpus structure.	page=0 xpos=6 ypos=9 right-column left-indent right-indent indented-line shorter-tail line-double-space line-space string-figure headchar-capital tailchar-period page-bottom
B-SectionHeader	2 Corpus Construction	page=1 xpos=0 ypos=0 left-column right-indent font-largest page-top numbered-heading1 above-blank-line above-double-space above-line-space
B-SubsectionHeader	2.1 Download Initial Collection	page=1 xpos=0 ypos=0 left-column right-indent aligned-line longer-tail line-blank-line line-double-space line-space numbered-heading2 above-double-space above-line-space
B-Body	The Yahoo Full Coverage Collection (YFCC) was	page=1 xpos=0 ypos=0 left-column left-indent indented-line longer-tail line-double-space line-space headchar-capital
I-Body	downloaded from http://fullcoverage.yahoo.com during	page=1 xpos=0 ypos=0 left-column full-justified hanged-line headchar-lower
I-Body	December 2001. The full coverage texts were	page=1 xpos=0 ypos=1 left-column full-justified aligned-line year headchar-capital
I-Body	downloaded based on a snapshot of the links contained	page=1 xpos=0 ypos=1 left-column full-justified aligned-line headchar-lower
I-Body	in Yahoo Full Coverage at that time. A spider crawled	page=1 xpos=0 ypos=1 left-column full-justified aligned-line headchar-lower
I-Body	the top eight categories: U.S., World, Business,	page=1 xpos=0 ypos=1 left-column full-justified aligned-line headchar-lower tailchar-comma
I-Body	Technology, Science, Health, Entertainment, and	page=1 xpos=0 ypos=1 left-column full-justified aligned-line headchar-capital
I-Body	Sports. All news links in each category were saved in an	page=1 xpos=0 ypos=2 left-column full-justified aligned-line headchar-capital
I-Body	index page that contained the headline and its full text	page=1 xpos=0 ypos=2 left-column full-justified aligned-line headchar-lower
I-Body	URL. A page fetcher then downloaded all the pages	page=1 xpos=0 ypos=2 left-column full-justified aligned-line headchar-capital
E-Body	listed in the snapshot index file.	page=1 xpos=0 ypos=2 left-column right-indent aligned-line shorter-tail headchar-lower tailchar-period
B-Body	Under the eight categories, there are 463	page=1 xpos=0 ypos=2 left-column left-indent indented-line longer-tail headchar-capital
E-Body	subcategories, 216590 news articles.	page=1 xpos=0 ypos=2 left-column right-indent hanged-line shorter-tail headchar-lower tailchar-period above-blank-line above-double-space above-line-space
B-SubsectionHeader	2.2 Preprocessing	page=1 xpos=0 ypos=3 left-column right-indent aligned-line shorter-tail line-blank-line line-double-space line-space numbered-heading2 above-blank-line above-double-space above-line-space
B-Body	All the articles in the YFCC are preprocessed as	page=1 xpos=0 ypos=3 left-column left-indent indented-line longer-tail line-blank-line line-double-space line-space headchar-capital
I-Body	following. Each article is in the original raw html form	page=1 xpos=0 ypos=3 left-column full-justified hanged-line headchar-lower
I-Body	with actual contents buried in layers of irrelevant tags	page=1 xpos=0 ypos=4 left-column full-justified aligned-line headchar-lower
I-Body	and markings. Identifying the text body is a challenging	page=1 xpos=0 ypos=4 left-column full-justified aligned-line headchar-lower
I-Body	process (Finn et al., 2001). The system identifies the	page=1 xpos=0 ypos=4 left-column full-justified aligned-line year headchar-lower
I-Body	main body of the article using a set of retrieval	page=1 xpos=0 ypos=4 left-column full-justified aligned-line headchar-lower
I-Body	templates, and then further eliminates useless	page=1 xpos=0 ypos=4 left-column full-justified aligned-line headchar-lower
I-Body	information embedded in the main body by considering	page=1 xpos=0 ypos=4 left-column full-justified aligned-line headchar-lower
I-Body	each opening and closing tag set. For example, if the tag	page=1 xpos=0 ypos=5 left-column full-justified aligned-line headchar-lower
I-Body	name indicates the contents between the opening and	page=1 xpos=0 ypos=5 left-column full-justified aligned-line headchar-lower
I-Body	closing tags are images or just meta-info, the contents is	page=1 xpos=0 ypos=5 left-column full-justified aligned-line headchar-lower
E-Body	discarded.	page=1 xpos=0 ypos=5 left-column right-indent aligned-line shorter-tail headchar-lower tailchar-period
B-Body	The clean texts are then processed by a sentence	page=1 xpos=0 ypos=5 left-column left-indent indented-line longer-tail headchar-capital
I-Body	breaker, Lovin’s stemmer, a part-of-speech tagger, and	page=1 xpos=0 ypos=6 left-column full-justified hanged-line headchar-lower
E-Body	converted into standard XML form.	page=1 xpos=0 ypos=6 left-column right-indent aligned-line shorter-tail headchar-lower tailchar-period column-bottom
B-SubsectionHeader	2.3 Chronological Reorganization	page=1 xpos=5 ypos=0 right-column right-indent column-top numbered-heading2 above-double-space above-line-space
B-Body	The news articles posted under Yahoo Full Coverage	page=1 xpos=5 ypos=0 right-column left-indent indented-line longer-tail line-double-space line-space headchar-capital
I-Body	are from 125 different web publishers. Except for some	page=1 xpos=5 ypos=0 right-column full-justified hanged-line headchar-lower
I-Body	well-known sites, the publishing frequencies for the rest	page=1 xpos=5 ypos=0 right-column full-justified aligned-line headchar-lower
I-Body	of the sites are not known. But Yahoo tends to use those	page=1 xpos=5 ypos=0 right-column full-justified aligned-line headchar-lower
I-Body	publishers over and over again, leaving for each	page=1 xpos=5 ypos=1 right-column full-justified aligned-line headchar-lower
I-Body	publisher a trail of publishing habit. Our system records	page=1 xpos=5 ypos=1 right-column full-justified aligned-line headchar-lower
I-Body	the publishing date for each article from each publisher	page=1 xpos=5 ypos=1 right-column full-justified aligned-line headchar-lower
I-Body	chronologically, and then calculates the publishing	page=1 xpos=5 ypos=1 right-column full-justified aligned-line headchar-lower
I-Body	frequency for each publisher. Over all the articles from	page=1 xpos=5 ypos=1 right-column full-justified aligned-line headchar-lower
I-Body	a publisher, the system computes the minimum	page=1 xpos=5 ypos=1 right-column full-justified aligned-line itemization headchar-lower
I-Body	publishing gap (MPG) between two articles. If the MPG	page=1 xpos=5 ypos=2 right-column full-justified aligned-line headchar-lower
I-Body	is less than 3 days or the MPG is unknown in the case of	page=1 xpos=5 ypos=2 right-column full-justified aligned-line headchar-lower
I-Body	publishers seen only once in the YFCC, then this	page=1 xpos=5 ypos=2 right-column full-justified aligned-line headchar-lower
I-Body	publisher is labeled as a daily publisher. If the MPG is	page=1 xpos=5 ypos=2 right-column full-justified aligned-line headchar-lower
I-Body	greater than 3 days but less than 15, it is labeled as a	page=1 xpos=5 ypos=2 right-column full-justified aligned-line headchar-lower
I-Body	weekly publisher. Publishers with all other MPG values	page=1 xpos=5 ypos=3 right-column full-justified aligned-line headchar-lower
E-Body	are labeled as monthly publishers.	page=1 xpos=5 ypos=3 right-column right-indent aligned-line shorter-tail headchar-lower tailchar-period
B-Body	For each article in the collection, the system relabels	page=1 xpos=5 ypos=3 right-column left-indent indented-line longer-tail headchar-capital
I-Body	it as a daily, weekly, or monthly publication. Each	page=1 xpos=5 ypos=3 right-column full-justified hanged-line headchar-lower
I-Body	domain under each category in the collection is then	page=1 xpos=5 ypos=3 right-column full-justified aligned-line headchar-lower
I-Body	restructured into a hierarchy by year, months within the	page=1 xpos=5 ypos=3 right-column full-justified aligned-line headchar-lower
I-Body	year, weeks of each month, and finally days of each	page=1 xpos=5 ypos=4 right-column full-justified aligned-line headchar-lower
I-Body	week. The visualization of an example of the	page=1 xpos=5 ypos=4 right-column full-justified aligned-line headchar-lower
I-Body	hierarchical structure of the domain Africa under	page=1 xpos=5 ypos=4 right-column full-justified aligned-line headchar-lower
E-Body	category World is shown in Figure 2.	page=1 xpos=5 ypos=4 right-column right-indent aligned-line shorter-tail headchar-lower tailchar-period above-double-space above-line-space
B-SectionHeader	3 System	page=1 xpos=5 ypos=5 right-column right-indent font-largest aligned-line shorter-tail line-double-space line-space numbered-heading1 above-blank-line above-double-space above-line-space
B-Body	Recognizing (summary, text) pairs automatically	page=1 xpos=5 ypos=5 right-column left-indent indented-line longer-tail line-blank-line line-double-space line-space headchar-capital
I-Body	from the web repository is the key to overcoming the	page=1 xpos=5 ypos=5 right-column full-justified hanged-line headchar-lower
I-Body	constant shortage of summarization training data. After	page=1 xpos=5 ypos=5 right-column full-justified aligned-line headchar-lower
I-Body	taking a closer examination of the reorganized YFCC,	page=1 xpos=5 ypos=6 right-column full-justified aligned-line headchar-lower tailchar-comma
I-Body	one notices that for each day, there are a number of	page=1 xpos=5 ypos=6 right-column right-indent aligned-line shorter-tail headchar-lower column-bottom above-blank-line above-double-space above-line-space
B-Figure	Africa	page=1 xpos=4 ypos=6 single-column left-indent right-indent column-top line-blank-line line-double-space line-space headchar-capital above-blank-line above-double-space above-line-space
I-Figure	1999 2000 Year 2001	page=1 xpos=2 ypos=7 single-column left-indent right-indent hanged-line longer-tail line-blank-line line-double-space line-space year above-blank-line above-double-space above-line-space
I-Figure	3 6 7 8 10 Month 1 2 3 … 1 2 3 …	page=1 xpos=0 ypos=7 single-column left-indent right-indent font-larger hanged-line longer-tail line-blank-line line-double-space line-space numbered-heading1 column-bottom above-blank-line above-double-space above-line-space
I-Figure	1 2 3 4 Week	page=1 xpos=4 ypos=8 left-column left-indent right-over column-top line-blank-line line-double-space line-space numbered-heading1 column-bottom above-blank-line above-double-space above-line-space
I-Figure	Day	page=1 xpos=5 ypos=9 right-column left-indent right-indent column-top line-blank-line line-double-space line-space headchar-capital above-double-space above-line-space
E-Figure	Articles	page=1 xpos=5 ypos=9 right-column left-indent right-indent aligned-line longer-tail line-double-space line-space headchar-capital column-bottom above-blank-line above-double-space above-line-space
B-Caption	Figure 2: The hierarchical structure for domain Africa.	page=1 xpos=2 ypos=9 single-column left-indent right-indent column-top line-blank-line line-double-space line-space string-figure headchar-capital tailchar-period page-bottom
I-Body	articles published that update the progress of a particular	page=2 xpos=0 ypos=0 left-column full-justified page-top headchar-lower
I-Body	news topic. Daily articles are published by identified	page=2 xpos=0 ypos=0 left-column full-justified aligned-line headchar-lower
I-Body	daily publishers. Then at the end of each week, there are	page=2 xpos=0 ypos=0 left-column full-justified aligned-line headchar-lower
I-Body	several weekly articles published by weekly publishers	page=2 xpos=0 ypos=0 left-column full-justified aligned-line headchar-lower
I-Body	on the same topic. At the end of each month, again there	page=2 xpos=0 ypos=0 left-column full-justified aligned-line headchar-lower
I-Body	are articles on the same topic posted by publishers	page=2 xpos=0 ypos=0 left-column full-justified aligned-line headchar-lower
I-Body	labeled as monthly publishers. There is a common	page=2 xpos=0 ypos=1 left-column full-justified aligned-line headchar-lower
I-Body	thematic connection between the daily articles and the	page=2 xpos=0 ypos=1 left-column full-justified aligned-line headchar-lower
I-Body	weekly articles, and between the weekly articles and the	page=2 xpos=0 ypos=1 left-column full-justified aligned-line headchar-lower
I-Body	monthly articles. The daily articles on a particular event	page=2 xpos=0 ypos=1 left-column full-justified aligned-line headchar-lower
I-Body	are more detailed, and are written step-by-step as it was	page=2 xpos=0 ypos=1 left-column full-justified aligned-line headchar-lower
I-Body	happening. The weekly articles review the daily articles	page=2 xpos=0 ypos=2 left-column full-justified aligned-line headchar-lower
I-Body	and recite important snippets from the daily news. The	page=2 xpos=0 ypos=2 left-column full-justified aligned-line headchar-lower
I-Body	monthly articles are written in a more condensed	page=2 xpos=0 ypos=2 left-column full-justified aligned-line headchar-lower column-bottom
B-Body	To generate sentence level alignment, we	page=2 xpos=5 ypos=0 right-column left-indent column-top headchar-capital
I-Body	replaced the input with (summary sentence, text)	page=2 xpos=5 ypos=0 right-column full-justified hanged-line headchar-lower
I-Body	pairs. Starting with a nonsummary text,	page=2 xpos=5 ypos=0 right-column right-indent aligned-line shorter-tail headchar-lower tailchar-comma
I-Body	the sentences that are irrelevant to the summary	page=2 xpos=5 ypos=0 right-column full-justified aligned-line longer-tail headchar-lower
I-Body	sentence are deleted repeatedly, resulting in the	page=2 xpos=5 ypos=0 right-column full-justified aligned-line headchar-lower
I-Body	preservation of sentences similar in meaning to the	page=2 xpos=5 ypos=0 right-column full-justified aligned-line headchar-lower
I-Body	summary sentence. For each sentence in the	page=2 xpos=5 ypos=1 right-column full-justified aligned-line headchar-lower
I-Body	summary, it is aligned with a number of	page=2 xpos=5 ypos=1 right-column full-justified aligned-line headchar-lower
I-Body	nonsummary sentences to form (summary	page=2 xpos=5 ypos=1 right-column full-justified aligned-line headchar-lower
I-Body	sentence, nonsummary sentences) pairs. This	page=2 xpos=5 ypos=1 right-column full-justified aligned-line headchar-lower
I-Body	alignment is done for each sentence of the	page=2 xpos=5 ypos=1 right-column full-justified aligned-line headchar-lower
I-Body	summary articles. Finally for each nonsummary	page=2 xpos=5 ypos=2 right-column full-justified aligned-line headchar-lower
I-Body	we group together all the aligned sentences to form	page=2 xpos=5 ypos=2 right-column full-justified aligned-line headchar-lower
I-Body	the pair (extract, text).	page=2 xpos=5 ypos=2 right-column right-indent aligned-line shorter-tail headchar-lower tailchar-period column-bottom
I-Body	fashion quoting from the weeklies. • similarity-based: inspired by sentence alignment	page=2 xpos=0 ypos=2 single-column full-justified font-largest column-top headchar-lower column-bottom
I-Body	Instead of asking human judges to identify	page=2 xpos=0 ypos=2 left-column left-indent column-top headchar-capital
I-Body	informative sentences in documents, and since	page=2 xpos=0 ypos=2 left-column full-justified hanged-line headchar-lower
I-Body	beautifully written “summaries” are already available,	page=2 xpos=0 ypos=3 left-column full-justified aligned-line headchar-lower tailchar-comma
I-Body	we need to align the sentences from the daily articles	page=2 xpos=0 ypos=3 left-column full-justified aligned-line headchar-lower
I-Body	with each weekly article sentence, and align weekly	page=2 xpos=0 ypos=3 left-column full-justified aligned-line headchar-lower
I-Body	article sentences with each monthly article sentence, in	page=2 xpos=0 ypos=3 left-column full-justified aligned-line headchar-lower
I-Body	order to collect the (summary, text) pairs and eventually	page=2 xpos=0 ypos=3 left-column full-justified aligned-line headchar-lower
I-Body	generate (extract, text) pairs. The pairs are constructed	page=2 xpos=0 ypos=4 left-column full-justified aligned-line headchar-lower
E-Body	at both sentence and document levels.	page=2 xpos=0 ypos=4 left-column right-indent aligned-line shorter-tail headchar-lower tailchar-period above-blank-line above-double-space above-line-space
B-SubsectionHeader	3.1 Alignment	page=2 xpos=0 ypos=4 left-column right-indent aligned-line shorter-tail line-blank-line line-double-space line-space numbered-heading2 above-blank-line above-double-space above-line-space
B-Body	In our system, three methods for sentence-level and	page=2 xpos=0 ypos=5 left-column left-indent indented-line longer-tail line-blank-line line-double-space line-space headchar-capital
I-Body	document-level alignment are investigated:	page=2 xpos=0 ypos=5 left-column right-indent hanged-line shorter-tail headchar-lower tailchar-colon
B-Listitem	• extraction-based: Marcu (1999) introduces an	page=2 xpos=0 ypos=5 left-column full-justified font-largest aligned-line longer-tail itemization year
I-Listitem	algorithm that produces corresponding extracts	page=2 xpos=0 ypos=5 left-column left-indent indented-line headchar-lower
I-Listitem	given (abstract, text) tuples with maximal	page=2 xpos=0 ypos=5 left-column left-indent aligned-line headchar-lower
I-Listitem	semantic similarity. We duplicated this algorithm	page=2 xpos=0 ypos=5 left-column left-indent aligned-line headchar-lower
I-Listitem	but replaced inputs with (summary, text), parents	page=2 xpos=0 ypos=6 left-column left-indent aligned-line headchar-lower
I-Listitem	and their respective children in the hierarchical	page=2 xpos=0 ypos=6 left-column left-indent aligned-line headchar-lower
I-Listitem	domain tree. Thus for example, the summary is a	page=2 xpos=0 ypos=6 left-column left-indent aligned-line headchar-lower
I-Listitem	monthly article when the text is a weekly article or	page=2 xpos=0 ypos=6 left-column left-indent aligned-line headchar-lower
I-Listitem	a weekly article when the text is a daily one. We	page=2 xpos=0 ypos=6 left-column left-indent aligned-line itemization headchar-lower
I-Listitem	start with the cosine-similarity metric stated in	page=2 xpos=0 ypos=7 left-column left-indent aligned-line headchar-lower
I-Listitem	(Marcu 1999) and keep deleting sentences that are	page=2 xpos=0 ypos=7 left-column left-indent aligned-line year column-bottom
I-Listitem	for multilingual parallel corpora in Machine	page=2 xpos=5 ypos=2 right-column full-justified column-top headchar-lower
I-Listitem	Translation (Church, 1993; Fung and Church,	page=2 xpos=5 ypos=2 right-column full-justified aligned-line year headchar-capital tailchar-comma
I-Listitem	1994; Melamed, 1999), we view the alignment	page=2 xpos=5 ypos=3 right-column full-justified aligned-line year
I-Listitem	between sentences from summaries and sentences	page=2 xpos=5 ypos=3 right-column full-justified aligned-line headchar-lower
I-Listitem	from nonsummaries as the alignment of	page=2 xpos=5 ypos=3 right-column full-justified aligned-line headchar-lower
I-Listitem	monolingual parallel texts at the sentence level. In	page=2 xpos=5 ypos=3 right-column full-justified aligned-line headchar-lower
I-Listitem	every domain of the YFCC, each article is	page=2 xpos=5 ypos=3 right-column full-justified aligned-line headchar-lower
I-Listitem	represented as a vector in a vector space where	page=2 xpos=5 ypos=4 right-column full-justified aligned-line headchar-lower
I-Listitem	each dimension is a distinct non-stop word	page=2 xpos=5 ypos=4 right-column full-justified aligned-line headchar-lower
I-Listitem	appearing in this domain. Measuring the cosine-	page=2 xpos=5 ypos=4 right-column full-justified aligned-line headchar-lower tailchar-hiphen
I-Listitem	similarity between two articles, we can decide	page=2 xpos=5 ypos=4 right-column full-justified aligned-line headchar-lower
I-Listitem	whether they are close semantically. This method	page=2 xpos=5 ypos=4 right-column full-justified aligned-line headchar-lower
I-Listitem	has been widely used in Information Retrieval	page=2 xpos=5 ypos=5 right-column full-justified aligned-line headchar-lower
I-Listitem	(Salton, 1975). To extend this idea, we measure	page=2 xpos=5 ypos=5 right-column full-justified aligned-line year
I-Listitem	the cosine-similarity between two sentences, one	page=2 xpos=5 ypos=5 right-column full-justified aligned-line headchar-lower
I-Listitem	from a summary (weekly or monthly article) and	page=2 xpos=5 ypos=5 right-column full-justified aligned-line headchar-lower
I-Listitem	the other one from a nonsummary (daily or weekly	page=2 xpos=5 ypos=5 right-column full-justified aligned-line headchar-lower
I-Listitem	article). If the similarity score between the two	page=2 xpos=5 ypos=5 right-column full-justified aligned-line headchar-lower
I-Listitem	crosses a predetermined threshold, the two	page=2 xpos=5 ypos=6 right-column full-justified aligned-line headchar-lower
I-Listitem	sentences are aligned to form the pair (summary	page=2 xpos=5 ypos=6 right-column full-justified aligned-line headchar-lower
I-Listitem	sentence, text sentence). The relationship between	page=2 xpos=5 ypos=6 right-column full-justified aligned-line headchar-lower
I-Listitem	sentences is many-to-many. With any particular	page=2 xpos=5 ypos=6 right-column full-justified aligned-line headchar-lower
I-Listitem	nonsummary article, sentences that are aligned	page=2 xpos=5 ypos=6 right-column full-justified aligned-line headchar-lower
I-Listitem	with summary sentences form the extract and the	page=2 xpos=5 ypos=7 right-column full-justified aligned-line headchar-lower
I-Listitem	pair (extract, text).	page=2 xpos=5 ypos=7 right-column right-indent aligned-line shorter-tail headchar-lower tailchar-period column-bottom
I-Listitem	not related to the summary document until any • summary-based: concerned with the noise that	page=2 xpos=0 ypos=7 single-column left-indent font-largest column-top headchar-lower column-bottom
I-Listitem	more deletion would result in a drop in similarity	page=2 xpos=0 ypos=7 left-column left-indent column-top headchar-lower
I-Listitem	with the summary. The resulting set of sentences is	page=2 xpos=0 ypos=7 left-column left-indent aligned-line headchar-lower
I-Listitem	the extract concerning the topic discussed in the	page=2 xpos=0 ypos=7 left-column left-indent aligned-line headchar-lower
I-Listitem	summary. It forms the pair (extract, text). If there	page=2 xpos=0 ypos=8 left-column left-indent aligned-line headchar-lower
I-Listitem	is more than one summary for a particular text	page=2 xpos=0 ypos=8 left-column left-indent aligned-line headchar-lower
I-Listitem	(nonsummary article), the resulting extracts will	page=2 xpos=0 ypos=8 left-column left-indent aligned-line
I-Listitem	vary if the summary articles are written on the	page=2 xpos=0 ypos=8 left-column left-indent aligned-line headchar-lower
I-Listitem	same event, but are focused on different	page=2 xpos=0 ypos=8 left-column left-indent aligned-line headchar-lower
I-Listitem	perspectives. Thus, a summary article may be	page=2 xpos=0 ypos=9 left-column left-indent aligned-line headchar-lower
I-Listitem	aligned with several extracts and extracts	page=2 xpos=0 ypos=9 left-column left-indent aligned-line headchar-lower
I-Listitem	generated from a single text may align with many	page=2 xpos=0 ypos=9 left-column left-indent aligned-line headchar-lower
I-Listitem	summaries. The relationship amongst summaries,	page=2 xpos=0 ypos=9 left-column left-indent aligned-line headchar-lower tailchar-comma
I-Listitem	extracts, and texts forms a network topology.	page=2 xpos=0 ypos=9 left-column left-indent right-indent aligned-line shorter-tail headchar-lower tailchar-period column-bottom
I-Listitem	may accompany similarity calculations from	page=2 xpos=5 ypos=7 right-column full-justified column-top headchar-lower
I-Listitem	extraction-based and similarity-based alignments,	page=2 xpos=5 ypos=7 right-column full-justified aligned-line headchar-lower tailchar-comma
I-Listitem	we align an entire summary article with all its	page=2 xpos=5 ypos=7 right-column full-justified aligned-line headchar-lower
I-Listitem	nonsummary articles published in the same time	page=2 xpos=5 ypos=8 right-column full-justified aligned-line headchar-lower
I-Listitem	period, as determined from the previously	page=2 xpos=5 ypos=8 right-column full-justified aligned-line headchar-lower
I-Listitem	described chronological reorganization. The	page=2 xpos=5 ypos=8 right-column full-justified aligned-line headchar-lower
I-Listitem	alignment results are pairs of the format (summary,	page=2 xpos=5 ypos=8 right-column full-justified aligned-line headchar-lower tailchar-comma
I-Listitem	texts). One summary can only be aligned with a	page=2 xpos=5 ypos=8 right-column full-justified aligned-line headchar-lower
I-Listitem	certain group of nonsummaries. Each nonsummary	page=2 xpos=5 ypos=9 right-column full-justified aligned-line headchar-lower
I-Listitem	can be aligned with many summaries. No sentence	page=2 xpos=5 ypos=9 right-column full-justified aligned-line headchar-lower
I-Listitem	level alignment is done with this method.	page=2 xpos=5 ypos=9 right-column right-indent aligned-line shorter-tail headchar-lower tailchar-period page-bottom
B-SubsectionHeader	3.2 Training Data	page=3 xpos=0 ypos=0 left-column right-indent page-top numbered-heading2 above-double-space above-line-space
B-Body	The main goal of a leaning-based extraction	page=3 xpos=0 ypos=0 left-column left-indent indented-line longer-tail line-double-space line-space headchar-capital
I-Body	summarization system is to learn the ability to judge	page=3 xpos=0 ypos=0 left-column full-justified hanged-line headchar-lower
I-Body	whether a particular sentence in a text appear in the	page=3 xpos=0 ypos=0 left-column full-justified aligned-line headchar-lower
I-Body	extract or not. Therefore, two sets of training data are	page=3 xpos=0 ypos=0 left-column full-justified aligned-line headchar-lower
I-Body	needed, one indicative enough for the system to select a	page=3 xpos=0 ypos=1 left-column full-justified aligned-line headchar-lower
I-Body	sentence to be in the extract (labeled as positive data),	page=3 xpos=0 ypos=1 left-column full-justified aligned-line headchar-lower tailchar-comma
I-Body	the other indicative enough for the system to keep the	page=3 xpos=0 ypos=1 left-column full-justified aligned-line headchar-lower
I-Body	sentence from being added to the extract (labeled as	page=3 xpos=0 ypos=1 left-column full-justified aligned-line headchar-lower
I-Body	negative data). For each of the alignment methods, we	page=3 xpos=0 ypos=1 left-column full-justified aligned-line headchar-lower
I-Body	produce summary training data and nonsummary	page=3 xpos=0 ypos=1 left-column full-justified aligned-line headchar-lower
E-Body	training data for each domain in the YFCC.	page=3 xpos=0 ypos=2 left-column right-indent aligned-line shorter-tail headchar-lower tailchar-period
B-Body	From extraction-based and similarity-based alignment	page=3 xpos=0 ypos=2 left-column left-indent indented-line longer-tail headchar-capital
I-Body	methods, for each nonsummary article, there are two	page=3 xpos=0 ypos=2 left-column full-justified hanged-line headchar-lower
I-Body	sets of sentences, the set of sentences that compose the	page=3 xpos=0 ypos=2 left-column full-justified aligned-line headchar-lower
I-Body	extract with the respect to some summary article or	page=3 xpos=0 ypos=2 left-column full-justified aligned-line headchar-lower
I-Body	align with summary sentences, and the rest of the	page=3 xpos=0 ypos=3 left-column full-justified aligned-line headchar-lower
I-Body	sentences that are not related to the summary or aligned.	page=3 xpos=0 ypos=3 left-column full-justified aligned-line headchar-lower tailchar-period
I-Body	The two sets of sentences over all articles in the domain	page=3 xpos=0 ypos=3 left-column full-justified aligned-line headchar-capital
E-Body	form the positive and negative training data sets.	page=3 xpos=0 ypos=3 left-column right-indent aligned-line shorter-tail headchar-lower tailchar-period
B-Body	Using summary-based alignment, all the summary	page=3 xpos=0 ypos=3 left-column left-indent indented-line longer-tail headchar-capital
I-Body	articles are in the positive training set, and all the	page=3 xpos=0 ypos=3 left-column full-justified hanged-line headchar-lower
I-Body	nonsummary material is in the negative set. Full texts	page=3 xpos=0 ypos=4 left-column full-justified aligned-line headchar-lower
E-Body	are used.	page=3 xpos=0 ypos=4 left-column right-indent aligned-line shorter-tail headchar-lower tailchar-period above-blank-line above-double-space above-line-space
B-SubsectionHeader	3.3 Bigram Estimates Extract Desirability	page=3 xpos=0 ypos=4 left-column right-indent aligned-line longer-tail line-blank-line line-double-space line-space numbered-heading2 above-double-space above-line-space
B-Body	We treat each domain independently. Using a bigram	page=3 xpos=0 ypos=5 left-column left-indent indented-line longer-tail line-double-space line-space headchar-capital
I-Body	model, we estimate the desirability of a sentence	page=3 xpos=0 ypos=5 left-column full-justified hanged-line headchar-lower
I-Body	appearing in the extract P(S) from the summary training	page=3 xpos=0 ypos=5 left-column full-justified aligned-line headchar-lower
I-Body	data as:	page=3 xpos=0 ypos=5 left-column right-indent aligned-line shorter-tail headchar-lower tailchar-colon above-double-space above-line-space
B-Equation	P(S) = P(w <sub>1</sub> | start) P(w 2 | w 1 )…P(w n | w n-1 )	page=3 xpos=0 ypos=5 left-column left-indent right-indent font-larger indented-line longer-tail line-double-space line-space headchar-capital above-double-space above-line-space
B-Body	We estimate the desirability of a sentence not	page=3 xpos=0 ypos=6 left-column left-indent hanged-line longer-tail line-double-space line-space headchar-capital
I-Body	appearing in the extract P’(S) from the nonsummary	page=3 xpos=0 ypos=6 left-column full-justified hanged-line headchar-lower
I-Body	training data as:	page=3 xpos=0 ypos=6 left-column right-indent aligned-line shorter-tail headchar-lower tailchar-colon above-double-space above-line-space
B-Equation	P’(S) = P’(w <sub>1</sub> | start) P’(w 2 | w 1 )…P’(w n | w n-1 )	page=3 xpos=0 ypos=7 left-column left-indent right-indent font-larger indented-line longer-tail line-double-space line-space headchar-capital above-double-space above-line-space
B-Body	For each domain in the YFCC, a summary bigram	page=3 xpos=0 ypos=7 left-column left-indent aligned-line longer-tail line-double-space line-space headchar-capital
E-Body	table and a nonsummary bigram table are created.	page=3 xpos=0 ypos=7 left-column right-indent hanged-line shorter-tail headchar-lower tailchar-period above-blank-line above-double-space above-line-space
B-SubsectionHeader	3.4 Extraction Process	page=3 xpos=0 ypos=8 left-column right-indent aligned-line shorter-tail line-blank-line line-double-space line-space numbered-heading2 above-double-space above-line-space
B-Body	Zajic et al. (2002) used a Hidden Markov Model as	page=3 xpos=0 ypos=8 left-column left-indent indented-line longer-tail line-double-space line-space year headchar-capital
I-Body	part of their headline generation system. In our system,	page=3 xpos=0 ypos=8 left-column full-justified hanged-line headchar-lower tailchar-comma
I-Body	we started with a similar idea of a lattice for summary	page=3 xpos=0 ypos=8 left-column full-justified aligned-line headchar-lower
I-Body	extraction. In Figure 3, E states emit sentences that are	page=3 xpos=0 ypos=8 left-column full-justified aligned-line headchar-lower
I-Body	going to be in the extract, and N states emit all other	page=3 xpos=0 ypos=9 left-column full-justified aligned-line headchar-lower
I-Body	sentences. Given an input sentence, if P(S) is greater	page=3 xpos=0 ypos=9 left-column full-justified aligned-line headchar-lower
I-Body	than P’(S), it means that the sentence has a higher	page=3 xpos=0 ypos=9 left-column full-justified aligned-line headchar-lower
I-Body	desirability of being an extraction sentence; otherwise,	page=3 xpos=0 ypos=9 left-column full-justified aligned-line headchar-lower tailchar-comma
I-Body	the sentence will not be included in the resulting extract.	page=3 xpos=0 ypos=9 left-column full-justified aligned-line headchar-lower tailchar-period column-bottom
Figure	__Figure 3__	page=3 xpos=5 ypos=0 right-column left-indent right-indent box column-top figure-area above-blank-line above-double-space above-line-space
B-Caption	Figure 3. Lattice.	page=3 xpos=6 ypos=1 right-column left-indent right-indent indented-line shorter-tail line-blank-line line-double-space line-space string-figure headchar-capital tailchar-period above-double-space above-line-space
B-Body	After reading in the last sentence from the input, the	page=3 xpos=5 ypos=1 right-column full-justified hanged-line longer-tail line-double-space line-space headchar-capital
I-Body	extract is created by traversing the path from start state	page=3 xpos=5 ypos=1 right-column full-justified aligned-line headchar-lower
I-Body	to end state and only outputting the sentences emitted	page=3 xpos=5 ypos=1 right-column full-justified aligned-line headchar-lower
E-Body	by the E states.	page=3 xpos=5 ypos=2 right-column right-indent aligned-line shorter-tail headchar-lower tailchar-period
B-Body	The extracts generated are in size shorter than the	page=3 xpos=5 ypos=2 right-column left-indent indented-line longer-tail headchar-capital
I-Body	original texts. However, the number of sentences that E	page=3 xpos=5 ypos=2 right-column full-justified hanged-line headchar-lower
I-Body	states emit cannot be predetermined. This results in	page=3 xpos=5 ypos=2 right-column full-justified aligned-line headchar-lower
I-Body	unpredictable extract length. Most frequently, longer	page=3 xpos=5 ypos=2 right-column full-justified aligned-line headchar-lower
I-Body	extracts are produced. The system needs more control	page=3 xpos=5 ypos=3 right-column full-justified aligned-line headchar-lower
I-Body	over how long extracts will be in order for meaningful	page=3 xpos=5 ypos=3 right-column full-justified aligned-line headchar-lower
E-Body	evaluation to be conducted.	page=3 xpos=5 ypos=3 right-column right-indent aligned-line shorter-tail headchar-lower tailchar-period
B-Body	To follow up on the lattice idea, we used the	page=3 xpos=5 ypos=3 right-column left-indent indented-line longer-tail headchar-capital
I-Body	following scoring mechanism:	page=3 xpos=5 ypos=3 right-column right-indent hanged-line shorter-tail headchar-lower tailchar-colon above-blank-line above-double-space above-line-space
B-Equation	R = P(S) / P’(S)	page=3 xpos=6 ypos=4 right-column centered left-indent right-indent indented-line longer-tail line-blank-line line-double-space line-space headchar-capital above-blank-line above-double-space above-line-space
B-Body	R indicates the desirability ratio of the sentence being in	page=3 xpos=5 ypos=4 right-column full-justified hanged-line longer-tail line-blank-line line-double-space line-space headchar-capital
I-Body	the extract over it being left out. For each sentence from	page=3 xpos=5 ypos=4 right-column full-justified aligned-line headchar-lower
I-Body	the input, it is assigned an R score. Then all the	page=3 xpos=5 ypos=4 right-column full-justified aligned-line headchar-lower
I-Body	sentences with their R scores are sorted in descending	page=3 xpos=5 ypos=5 right-column full-justified aligned-line headchar-lower
I-Body	order. With respect to the length restriction, we choose	page=3 xpos=5 ypos=5 right-column full-justified aligned-line headchar-lower
E-Body	only the top n R-scored sentences.	page=3 xpos=5 ypos=5 right-column right-indent aligned-line shorter-tail headchar-lower tailchar-period above-blank-line above-double-space above-line-space
B-SubsectionHeader	3.5 Selecting the Training Domain	page=3 xpos=5 ypos=5 right-column right-indent aligned-line longer-tail line-blank-line line-double-space line-space numbered-heading2 above-double-space above-line-space
B-Body	There are 463 domains under the 8 categories of	page=3 xpos=5 ypos=6 right-column left-indent indented-line longer-tail line-double-space line-space headchar-capital
I-Body	YFCC, meaning 463 paired summary-bigram and	page=3 xpos=5 ypos=6 right-column full-justified hanged-line headchar-capital
I-Body	nonsummary-bigram tables. On average for each	page=3 xpos=5 ypos=6 right-column full-justified aligned-line headchar-lower
I-Body	domain, the summary-bigram table contains 20000	page=3 xpos=5 ypos=6 right-column full-justified aligned-line year headchar-lower
I-Body	entries; the nonsummary-bigram table contains 173000	page=3 xpos=5 ypos=6 right-column full-justified aligned-line headchar-lower
I-Body	entries. When an unknown text or a set of unknown	page=3 xpos=5 ypos=7 right-column full-justified aligned-line headchar-lower
I-Body	texts come in to be summarized, the system needs to	page=3 xpos=5 ypos=7 right-column full-justified aligned-line headchar-lower
I-Body	select the most appropriate pair of bigram tables to	page=3 xpos=5 ypos=7 right-column full-justified aligned-line headchar-lower
I-Body	create the extract. The most desirable domain for an	page=3 xpos=5 ypos=7 right-column full-justified aligned-line headchar-lower
I-Body	unknown text or texts contains articles focusing on the	page=3 xpos=5 ypos=7 right-column full-justified aligned-line headchar-lower
I-Body	same issues as the unknown ones. Two methods are	page=3 xpos=5 ypos=7 right-column full-justified aligned-line headchar-lower
I-Body	used:	page=3 xpos=5 ypos=8 right-column right-indent aligned-line shorter-tail headchar-lower tailchar-colon
B-Listitem	• topic signature (Lin and Hovy, 2000): a topic	page=3 xpos=5 ypos=8 right-column full-justified font-largest aligned-line longer-tail itemization year
I-Listitem	signature is a family of related terms {topic,	page=3 xpos=5 ypos=8 right-column left-indent indented-line headchar-lower tailchar-comma
I-Listitem	signature}, where topic is the target concept and	page=3 xpos=5 ypos=8 right-column left-indent aligned-line headchar-lower
I-Listitem	signature is a vector of related terms. The topic in	page=3 xpos=5 ypos=8 right-column left-indent aligned-line headchar-lower
I-Listitem	the formula is assigned with the domain name. To	page=3 xpos=5 ypos=9 right-column left-indent aligned-line headchar-lower
I-Listitem	construct the set of related words, we consider	page=3 xpos=5 ypos=9 right-column left-indent aligned-line headchar-lower
I-Listitem	only nouns because we are only interested in the	page=3 xpos=5 ypos=9 right-column left-indent aligned-line headchar-lower
I-Listitem	major issues discussed in the domain, not in how	page=3 xpos=5 ypos=9 right-column left-indent aligned-line headchar-lower
I-Listitem	those issues evolved. Each noun in the domain	page=3 xpos=5 ypos=9 right-column left-indent aligned-line headchar-lower page-bottom
I-Listitem	receives a tf.idf score. 30 top-scoring nouns are	page=4 xpos=0 ypos=0 left-column full-justified page-top headchar-lower
I-Listitem	selected to be the signature representing the	page=4 xpos=0 ypos=0 left-column full-justified aligned-line headchar-lower
I-Listitem	domain. For each test text, its signature is	page=4 xpos=0 ypos=0 left-column full-justified aligned-line headchar-lower
I-Listitem	computed with the same tf.idf method against each	page=4 xpos=0 ypos=0 left-column full-justified aligned-line headchar-lower
I-Listitem	domain. The domain that has the highest number	page=4 xpos=0 ypos=0 left-column full-justified aligned-line headchar-lower
I-Listitem	of overlaps in signature words is selected and its	page=4 xpos=0 ypos=0 left-column full-justified aligned-line headchar-lower
I-Listitem	bigram tables are used to construct the extract of	page=4 xpos=0 ypos=1 left-column full-justified aligned-line headchar-lower
I-Listitem	the test text. The following table illustrates. Inputs	page=4 xpos=0 ypos=1 left-column full-justified aligned-line headchar-lower
I-Listitem	are three sets of 10 documents each from the	page=4 xpos=0 ypos=1 left-column full-justified aligned-line headchar-lower
I-Listitem	DUC01 training corpus concerning the topics on	page=4 xpos=0 ypos=1 left-column full-justified aligned-line headchar-capital
I-Listitem	Africa, earthquake, and Iraq, respectively. The	page=4 xpos=0 ypos=1 left-column full-justified aligned-line headchar-capital
I-Listitem	scores are the total overlaps between a domain and	page=4 xpos=0 ypos=1 left-column full-justified aligned-line headchar-lower
I-Listitem	each individual test set. The Three sets are all	page=4 xpos=0 ypos=2 left-column full-justified aligned-line headchar-lower
I-Listitem	correctly classified.	page=4 xpos=0 ypos=2 left-column right-indent aligned-line shorter-tail headchar-lower tailchar-period above-blank-line above-double-space above-line-space
B-Table	domain/input Africa Earthquake Iraq	page=4 xpos=0 ypos=2 left-column left-indent right-indent font-larger longer-tail line-blank-line line-double-space line-space headchar-lower above-line-space
I-Table	Africa 24 10 9	page=4 xpos=0 ypos=2 left-column left-indent right-indent font-smallest indented-line shorter-tail line-space headchar-capital
I-Table	Earthquake 7 20 8	page=4 xpos=0 ypos=3 left-column left-indent right-indent font-smallest hanged-line headchar-capital above-double-space above-line-space
E-Table	Iraq 48 8 97	page=4 xpos=0 ypos=3 left-column left-indent right-indent font-smallest indented-line line-double-space line-space headchar-capital above-blank-line above-double-space above-line-space
B-Listitem	• hierarchical signature: each domain is given a	page=4 xpos=0 ypos=3 left-column left-over font-largest hanged-line longer-tail line-blank-line line-double-space line-space itemization
I-Listitem	name when it was downloaded. The name gives a	page=4 xpos=0 ypos=3 left-column full-justified indented-line headchar-lower
I-Listitem	description of the domain at the highest level.	page=4 xpos=0 ypos=4 left-column full-justified aligned-line headchar-lower tailchar-period
I-Listitem	Since the name is the most informative word, if we	page=4 xpos=0 ypos=4 left-column full-justified aligned-line headchar-capital
I-Listitem	gather the words that most frequently co-occur	page=4 xpos=0 ypos=4 left-column full-justified aligned-line headchar-lower
I-Listitem	within the sentence(s) that contain the name itself,	page=4 xpos=0 ypos=4 left-column full-justified aligned-line headchar-lower tailchar-comma
I-Listitem	a list of less informative but still important words	page=4 xpos=0 ypos=4 left-column full-justified aligned-line itemization headchar-lower
I-Listitem	can become part of the domain signature. Using	page=4 xpos=0 ypos=4 left-column full-justified aligned-line headchar-lower
I-Listitem	this list of words, we find another list of words that	page=4 xpos=0 ypos=5 left-column full-justified aligned-line headchar-lower
I-Listitem	most frequently co-occur with each of them	page=4 xpos=0 ypos=5 left-column full-justified aligned-line headchar-lower
I-Listitem	individually. Therefore, a three-layer hierarchical	page=4 xpos=0 ypos=5 left-column full-justified aligned-line headchar-lower
I-Listitem	domain signature can be created: level one, the	page=4 xpos=0 ypos=5 left-column full-justified aligned-line headchar-lower
I-Listitem	domain name; level two, 10 words with the highest	page=4 xpos=0 ypos=5 left-column full-justified aligned-line headchar-lower
I-Listitem	co-occurrences with the domain name; level three,	page=4 xpos=0 ypos=6 left-column full-justified aligned-line headchar-lower tailchar-comma
I-Listitem	10 words that most frequently co-occur with level	page=4 xpos=0 ypos=6 left-column full-justified aligned-line numbered-heading1
I-Listitem	two signatures. Again only nouns are considered.	page=4 xpos=0 ypos=6 left-column full-justified aligned-line headchar-lower tailchar-period
I-Listitem	For example, for domain on Iraq, the level one	page=4 xpos=0 ypos=6 left-column full-justified aligned-line headchar-capital
I-Listitem	signature is “Iraq”; level two signatures are	page=4 xpos=0 ypos=6 left-column full-justified aligned-line headchar-lower
I-Listitem	“Saddam”, “sanction”, “weapon”, “Baghdad”, and	page=4 xpos=0 ypos=6 left-column full-justified aligned-line
I-Listitem	etc.; third level signatures are “Gulf”, “UN”,	page=4 xpos=0 ypos=7 left-column full-justified aligned-line headchar-lower tailchar-comma
I-Listitem	“Arab”, “security”, etc. The document signature	page=4 xpos=0 ypos=7 left-column full-justified aligned-line
I-Listitem	for the test text is computed the same way as in the	page=4 xpos=0 ypos=7 left-column full-justified aligned-line headchar-lower
I-Listitem	topic signature method. Overlap between the	page=4 xpos=0 ypos=7 left-column full-justified aligned-line headchar-lower
I-Listitem	domain signature and the document signature is	page=4 xpos=0 ypos=7 left-column full-justified aligned-line headchar-lower
I-Listitem	computed with a different scoring system, in	page=4 xpos=0 ypos=7 left-column full-justified aligned-line headchar-lower
I-Listitem	which the weights are chosen by hand. If level one	page=4 xpos=0 ypos=8 left-column full-justified aligned-line headchar-lower
I-Listitem	is matched, add 10 points; for each match at level	page=4 xpos=0 ypos=8 left-column full-justified aligned-line headchar-lower
I-Listitem	two, add 2 points; for each match at level three,	page=4 xpos=0 ypos=8 left-column full-justified aligned-line headchar-lower tailchar-comma
I-Listitem	add 1 point. The domain that receives the highest	page=4 xpos=0 ypos=8 left-column full-justified aligned-line headchar-lower
I-Listitem	points will be selected. A much deeper signature	page=4 xpos=0 ypos=8 left-column full-justified aligned-line headchar-lower
I-Listitem	hierarchy can be created recursively. Through	page=4 xpos=0 ypos=9 left-column full-justified aligned-line headchar-lower
I-Listitem	experiment, we see that a three-level signature	page=4 xpos=0 ypos=9 left-column full-justified aligned-line headchar-lower
I-Listitem	suffices. The following table shows the effects of	page=4 xpos=0 ypos=9 left-column full-justified aligned-line headchar-lower
I-Listitem	this method:	page=4 xpos=0 ypos=9 left-column right-indent aligned-line shorter-tail headchar-lower tailchar-colon column-bottom
B-Table	domain/input Africa Earthquake Iraq	page=4 xpos=5 ypos=0 right-column left-indent font-larger column-top headchar-lower above-line-space
I-Table	Africa 86 7 41	page=4 xpos=5 ypos=0 right-column left-indent right-indent font-smallest indented-line line-space headchar-capital
I-Table	Earthquake 7 74 0	page=4 xpos=5 ypos=0 right-column left-indent right-indent font-smallest hanged-line headchar-capital above-double-space above-line-space
B-Table	Iraq 15 26 202	page=4 xpos=5 ypos=0 right-column left-indent font-smallest indented-line longer-tail line-double-space line-space headchar-capital above-blank-line above-double-space above-line-space
B-Body	Since it worked well for our test domains, we	page=4 xpos=5 ypos=0 right-column left-indent right-over hanged-line longer-tail line-blank-line line-double-space line-space headchar-capital
I-Body	employed the topic-signature method in selecting	page=4 xpos=5 ypos=1 right-column right-over hanged-line headchar-lower
E-Body	training domains.	page=4 xpos=5 ypos=1 right-column right-indent aligned-line shorter-tail headchar-lower tailchar-period above-double-space above-line-space
B-SectionHeader	4 Evaluation	page=4 xpos=5 ypos=1 right-column right-indent font-largest aligned-line longer-tail line-double-space line-space numbered-heading1 above-blank-line above-double-space above-line-space
B-SubsectionHeader	4.1 Alignment Choice	page=4 xpos=5 ypos=2 right-column right-indent aligned-line longer-tail line-blank-line line-double-space line-space numbered-heading2 above-double-space above-line-space
B-Body	To determine which of the alignment methods of	page=4 xpos=5 ypos=2 right-column left-indent right-over indented-line longer-tail line-double-space line-space headchar-capital
I-Body	Section 3.1 is best, we need true summaries, not	page=4 xpos=5 ypos=2 right-column right-over hanged-line headchar-capital
I-Body	monthly or weekly articles from the web. We tested the	page=4 xpos=5 ypos=2 right-column right-over aligned-line headchar-lower
I-Body	equivalencies of the three methods on three sets of	page=4 xpos=5 ypos=3 right-column right-over aligned-line headchar-lower
I-Body	articles from the DUC01 training corpus, which	page=4 xpos=5 ypos=3 right-column right-over aligned-line headchar-lower
I-Body	includes human-generated “gold standard” summaries.	page=4 xpos=5 ypos=3 right-column right-over aligned-line headchar-lower tailchar-period
I-Body	They are on the topics of Africa, earthquake, and Iraq.	page=4 xpos=5 ypos=3 right-column right-over aligned-line headchar-capital tailchar-period
I-Body	The following table shows the results of this	page=4 xpos=5 ypos=3 right-column right-over aligned-line headchar-capital
I-Body	experiment. Each entry demonstrates the cosine	page=4 xpos=5 ypos=3 right-column right-over aligned-line headchar-lower
I-Body	similarity, using the tf.idf score, of the extracts	page=4 xpos=5 ypos=4 right-column right-over aligned-line headchar-lower
I-Body	generated by the system using training data created from	page=4 xpos=5 ypos=4 right-column right-over aligned-line headchar-lower
I-Body	the alignment method in the column, compare to the	page=4 xpos=5 ypos=4 right-column right-over aligned-line headchar-lower
E-Body	summaries generated by human.	page=4 xpos=5 ypos=4 right-column right-indent aligned-line shorter-tail headchar-lower tailchar-period above-blank-line above-double-space above-line-space
B-Table	extraction similarity summary	page=4 xpos=6 ypos=5 right-column left-indent right-over font-smallest indented-line longer-tail line-blank-line line-double-space line-space headchar-lower above-double-space above-line-space
I-Table	Africa 0.273 0.304 0.293	page=4 xpos=5 ypos=5 right-column left-indent font-smallest hanged-line shorter-tail line-double-space line-space headchar-capital above-line-space
I-Table	Earthquake 0.318 0.332 0.342	page=4 xpos=5 ypos=5 right-column left-indent font-smallest hanged-line line-space headchar-capital above-double-space above-line-space
E-Table	Iraq 0.247 0.234 0.246	page=4 xpos=5 ypos=5 right-column left-indent font-smallest indented-line line-double-space line-space headchar-capital above-blank-line above-double-space above-line-space
B-Body	We see that all three methods produce roughly equal	page=4 xpos=5 ypos=6 right-column left-indent right-over hanged-line longer-tail line-blank-line line-double-space line-space headchar-capital
I-Body	extracts, when compared with the gold standard	page=4 xpos=5 ypos=6 right-column right-over hanged-line headchar-lower
I-Body	summaries. The summary-based alignment method is	page=4 xpos=5 ypos=6 right-column right-over aligned-line headchar-lower
I-Body	the least time consuming and the most straightforward	page=4 xpos=5 ypos=6 right-column right-over aligned-line headchar-lower
E-Body	method to use in practice.	page=4 xpos=5 ypos=6 right-column right-indent aligned-line shorter-tail headchar-lower tailchar-period above-blank-line above-double-space above-line-space
B-SubsectionHeader	4.2 System Performance	page=4 xpos=5 ypos=7 right-column right-indent aligned-line longer-tail line-blank-line line-double-space line-space numbered-heading2 above-blank-line above-double-space above-line-space
B-Body	There are 30 directories in the DUC01 testing corpus.	page=4 xpos=5 ypos=7 right-column left-indent right-over indented-line longer-tail line-blank-line line-double-space line-space headchar-capital tailchar-period
I-Body	All articles in each directory are used to make the	page=4 xpos=5 ypos=7 right-column right-over hanged-line headchar-capital
I-Body	selection of its corresponding training domain, as	page=4 xpos=5 ypos=7 right-column right-over aligned-line headchar-lower
I-Body	described in Section 3.5. Even if no domain completely	page=4 xpos=5 ypos=8 right-column right-over aligned-line headchar-lower
E-Body	covers the event, the best one is selected by the system.	page=4 xpos=5 ypos=8 right-column right-over aligned-line shorter-tail headchar-lower tailchar-period
B-Body	To evaluate system performance on summary	page=4 xpos=5 ypos=8 right-column left-indent right-over indented-line longer-tail headchar-capital
I-Body	creation, we randomly selected one article from each	page=4 xpos=5 ypos=8 right-column right-over hanged-line headchar-lower
I-Body	directory from the DUC01 testing corpus, for each	page=4 xpos=5 ypos=8 right-column right-over aligned-line headchar-lower
I-Body	article, there are three human produced summaries. Our	page=4 xpos=5 ypos=8 right-column right-over aligned-line headchar-lower
I-Body	system summarizes each article three times with the	page=4 xpos=5 ypos=9 right-column right-over aligned-line headchar-lower
I-Body	length restriction respectively set to the lengths of the	page=4 xpos=5 ypos=9 right-column right-over aligned-line headchar-lower
I-Body	three human summaries. We also evaluated the DUC01	page=4 xpos=5 ypos=9 right-column right-over aligned-line headchar-lower
I-Body	single-document summarization baseline system results	page=4 xpos=5 ypos=9 right-column right-over aligned-line headchar-lower
I-Body	(first 100 words from each document) to set a lower	page=4 xpos=5 ypos=9 right-column right-over aligned-line page-bottom
I-Body	bound. To see the upper bound, each human generated	page=5 xpos=0 ypos=0 left-column full-justified page-top headchar-lower
I-Body	summary is judged against the other two human	page=5 xpos=0 ypos=0 left-column full-justified aligned-line headchar-lower
I-Body	summaries on the same article. DUC01 top performer,	page=5 xpos=0 ypos=0 left-column full-justified aligned-line headchar-lower tailchar-comma
I-Body	system from SMU, in single-document summarization,	page=5 xpos=0 ypos=0 left-column full-justified aligned-line headchar-lower tailchar-comma
I-Body	was also evaluated. In all, 30 * 3! human summary	page=5 xpos=0 ypos=0 left-column full-justified aligned-line headchar-lower
I-Body	judgments, 30 * 3 baseline summary judgments, 30	page=5 xpos=0 ypos=0 left-column full-justified aligned-line headchar-lower
I-Body	SMU system judgments, and 30 * 3 system summary	page=5 xpos=0 ypos=1 left-column full-justified aligned-line headchar-capital
I-Body	judgments are made. The following table is the	page=5 xpos=0 ypos=1 left-column full-justified aligned-line headchar-lower
I-Body	evaluation results using the SEE system version 1.0 (Lin	page=5 xpos=0 ypos=1 left-column full-justified aligned-line headchar-lower
I-Body	2002), with visualization in Figure 4. Summary model	page=5 xpos=0 ypos=1 left-column full-justified aligned-line year
I-Body	units are graded as full, partial, or none in completeness	page=5 xpos=0 ypos=1 left-column full-justified aligned-line headchar-lower
I-Body	in coverage with the peer model units. And Figure 5	page=5 xpos=0 ypos=1 left-column full-justified aligned-line headchar-lower
I-Body	shows an example of the comparison between the	page=5 xpos=0 ypos=2 left-column full-justified aligned-line headchar-lower
I-Body	human-created summary and the system-generated	page=5 xpos=0 ypos=2 left-column full-justified aligned-line headchar-lower
E-Body	extract.	page=5 xpos=0 ypos=2 left-column right-indent aligned-line shorter-tail headchar-lower tailchar-period above-double-space above-line-space
Figure	__Figure 4__	page=5 xpos=-1 ypos=2 left-column centered left-over right-over box hanged-line longer-tail line-double-space line-space figure-area above-double-space above-line-space
B-Caption	Figure 4. System performance.	page=5 xpos=1 ypos=5 left-column left-indent right-indent indented-line shorter-tail line-double-space line-space string-figure headchar-capital tailchar-period above-blank-line above-double-space above-line-space
B-Body	The performance is reported on four metrics. Recall	page=5 xpos=0 ypos=6 left-column left-indent hanged-line longer-tail line-blank-line line-double-space line-space headchar-capital
I-Body	measures how well a summarizer retains original	page=5 xpos=0 ypos=6 left-column full-justified hanged-line headchar-lower
I-Body	content. Precision measures how well a system	page=5 xpos=0 ypos=6 left-column full-justified aligned-line headchar-lower
I-Body	generates summaries. SRECALL and SPRECISION are	page=5 xpos=0 ypos=6 left-column full-justified aligned-line headchar-lower
I-Body	the strict recall and strict precision that take into	page=5 xpos=0 ypos=7 left-column full-justified aligned-line headchar-lower
I-Body	consideration only units with full completeness in unit	page=5 xpos=0 ypos=7 left-column full-justified aligned-line headchar-lower
I-Body	coverage. LRECALL and LPRECISION are the lenient	page=5 xpos=0 ypos=7 left-column full-justified aligned-line headchar-lower
I-Body	recall and lenient precision that count units with partial	page=5 xpos=0 ypos=7 left-column full-justified aligned-line headchar-lower
I-Body	and full completeness in unit coverage. Extract	page=5 xpos=0 ypos=7 left-column full-justified aligned-line headchar-lower
I-Body	summaries that are produced by our system has	page=5 xpos=0 ypos=8 left-column full-justified aligned-line headchar-lower
I-Body	comparable performance in recall with SMU, meaning	page=5 xpos=0 ypos=8 left-column full-justified aligned-line headchar-lower
I-Body	that the coverage of important information is good.	page=5 xpos=0 ypos=8 left-column full-justified aligned-line headchar-lower tailchar-period
I-Body	But our system shows weakness in precision due to	page=5 xpos=0 ypos=8 left-column full-justified aligned-line headchar-capital
I-Body	the fact that each sentence in the system-generated	page=5 xpos=0 ypos=8 left-column full-justified aligned-line headchar-lower
I-Body	extract is not compressed in any way. Each sentence in	page=5 xpos=0 ypos=8 left-column full-justified aligned-line headchar-lower
I-Body	the extract has high coverage over the human summary.	page=5 xpos=0 ypos=9 left-column full-justified aligned-line headchar-lower tailchar-period
I-Body	But sentences that have no value have also been	page=5 xpos=0 ypos=9 left-column full-justified aligned-line headchar-capital
I-Body	included in the result. This causes long extracts on	page=5 xpos=0 ypos=9 left-column full-justified aligned-line headchar-lower
I-Body	average, hence, the low average in precision measure.	page=5 xpos=0 ypos=9 left-column full-justified aligned-line headchar-lower tailchar-period
I-Body	Since our sentence ranking mechanism is based on	page=5 xpos=0 ypos=9 left-column full-justified aligned-line headchar-capital column-bottom
I-Body	desirability, sentences at the end of the extract are less	page=5 xpos=5 ypos=0 right-column full-justified column-top headchar-lower
I-Body	desirable and can be removed. This needs further	page=5 xpos=5 ypos=0 right-column full-justified aligned-line headchar-lower
I-Body	investigation. Clearly there is the need to reduce the size	page=5 xpos=5 ypos=0 right-column full-justified aligned-line headchar-lower
I-Body	of the generated summaries. In order to produce simple	page=5 xpos=5 ypos=0 right-column full-justified aligned-line headchar-lower
I-Body	and concise extracts, sentence compression needs to be	page=5 xpos=5 ypos=0 right-column full-justified aligned-line headchar-lower
E-Body	performed (Knight and Marcu, 2000).	page=5 xpos=5 ypos=0 right-column right-indent aligned-line shorter-tail year headchar-lower tailchar-period
B-Body	Despite the problems, however, our system’s	page=5 xpos=5 ypos=1 right-column left-indent indented-line longer-tail headchar-capital
I-Body	performance places it at equal level to the top-scoring	page=5 xpos=5 ypos=1 right-column full-justified hanged-line headchar-lower
I-Body	systems in DUC01. Now that the DUC02 material is	page=5 xpos=5 ypos=1 right-column full-justified aligned-line headchar-lower
I-Body	also available, we will compare our results to their top-	page=5 xpos=5 ypos=1 right-column full-justified aligned-line headchar-lower tailchar-hiphen
E-Body	scoring system as well.	page=5 xpos=5 ypos=1 right-column right-indent aligned-line shorter-tail headchar-lower tailchar-period above-blank-line above-double-space above-line-space
B-SubsectionHeader	4.3 Conclusion	page=5 xpos=5 ypos=2 right-column right-indent aligned-line shorter-tail line-blank-line line-double-space line-space numbered-heading2 above-double-space above-line-space
B-Body	One important stage in developing a learning-based	page=5 xpos=5 ypos=2 right-column left-indent indented-line longer-tail line-double-space line-space headchar-capital
I-Body	extraction summarization system is to find sufficient	page=5 xpos=5 ypos=2 right-column full-justified hanged-line headchar-lower
I-Body	and relevant collections of (extract, text) pairs. This task	page=5 xpos=5 ypos=2 right-column full-justified aligned-line headchar-lower
I-Body	is also the most difficult one since resources of	page=5 xpos=5 ypos=3 right-column full-justified aligned-line headchar-lower
I-Body	constructing the pairs are scarce. To solve this	page=5 xpos=5 ypos=3 right-column full-justified aligned-line headchar-lower
I-Body	bottleneck, one wonders whether the web can be seen	page=5 xpos=5 ypos=3 right-column full-justified aligned-line headchar-lower
I-Body	as a vast repository that is waiting to be tailored in order	page=5 xpos=5 ypos=3 right-column full-justified aligned-line headchar-lower
I-Body	to fulfill our quest in finding summarization training	page=5 xpos=5 ypos=3 right-column full-justified aligned-line headchar-lower
I-Body	data. We have discovered a way to find short forms of	page=5 xpos=5 ypos=3 right-column full-justified aligned-line headchar-lower
I-Body	longer documents and have built an extraction-based	page=5 xpos=5 ypos=4 right-column full-justified aligned-line headchar-lower
I-Body	summarizer learning from reorganizing news articles	page=5 xpos=5 ypos=4 right-column full-justified aligned-line headchar-lower
I-Body	from the World Wide Web and performing at a level	page=5 xpos=5 ypos=4 right-column full-justified aligned-line headchar-lower
I-Body	comparable to DUC01 systems. We are excited about	page=5 xpos=5 ypos=4 right-column full-justified aligned-line headchar-lower
I-Body	the power of how reorganization of the web news	page=5 xpos=5 ypos=4 right-column full-justified aligned-line headchar-lower
I-Body	articles has brought us and will explore this idea in other	page=5 xpos=5 ypos=5 right-column full-justified aligned-line headchar-lower
E-Body	tasks of natural language processing.	page=5 xpos=5 ypos=5 right-column right-indent aligned-line shorter-tail headchar-lower tailchar-period above-double-space above-line-space
B-SectionHeader	5 Future Work	page=5 xpos=5 ypos=5 right-column right-indent font-largest aligned-line shorter-tail line-double-space line-space numbered-heading1 above-blank-line above-double-space above-line-space
B-Body	Multi-document summarization naturally comes	page=5 xpos=5 ypos=5 right-column left-indent indented-line longer-tail line-blank-line line-double-space line-space headchar-capital
I-Body	into picture for future development. Our corpus	page=5 xpos=5 ypos=6 right-column full-justified hanged-line headchar-lower
I-Body	organization itself is in the form of multiple articles	page=5 xpos=5 ypos=6 right-column full-justified aligned-line headchar-lower
I-Body	being summarized into one (monthly or weekly). How	page=5 xpos=5 ypos=6 right-column full-justified aligned-line headchar-lower
I-Body	do we learn and use this structure to summarize a new	page=5 xpos=5 ypos=6 right-column full-justified aligned-line headchar-lower
E-Body	set of articles?	page=5 xpos=5 ypos=6 right-column right-indent aligned-line shorter-tail headchar-lower
B-Body	Headline generation is another task that we can	page=5 xpos=5 ypos=7 right-column left-indent indented-line longer-tail headchar-capital
I-Body	approach equipped with our large restructured web	page=5 xpos=5 ypos=7 right-column full-justified hanged-line headchar-lower
E-Body	corpus.	page=5 xpos=5 ypos=7 right-column right-indent aligned-line shorter-tail headchar-lower tailchar-period
B-Body	We believe that the answers to these questions are	page=5 xpos=5 ypos=7 right-column left-indent indented-line longer-tail headchar-capital
I-Body	embedded in the characteristics of the corpus, namely	page=5 xpos=5 ypos=7 right-column full-justified hanged-line headchar-lower
I-Body	the WWW, and are eager to discover them in the near	page=5 xpos=5 ypos=7 right-column full-justified aligned-line headchar-lower
E-Body	future.	page=5 xpos=5 ypos=8 right-column right-indent aligned-line shorter-tail headchar-lower tailchar-period above-double-space above-line-space
AcknowledgementHeader	Acknowledgement	page=5 xpos=5 ypos=8 right-column right-indent font-largest aligned-line longer-tail line-double-space line-space string-acknowledgement headchar-capital above-blank-line above-double-space above-line-space
B-Acknowledgement	We want to thank Dr. Chin-Yew Lin for making the	page=5 xpos=5 ypos=8 right-column left-indent indented-line longer-tail line-blank-line line-double-space line-space headchar-capital
E-Acknowledgement	Yahoo Full Coverage Collection download.	page=5 xpos=5 ypos=9 right-column right-indent hanged-line shorter-tail headchar-capital tailchar-period page-bottom
Figure	__Figure 5__	page=6 xpos=0 ypos=-7 single-column left-indent right-indent box page-top figure-area above-double-space above-line-space
B-Caption	Figure 5. Comparison of summaries generated by human and system.	page=6 xpos=1 ypos=0 single-column left-indent right-indent indented-line shorter-tail line-double-space line-space string-figure headchar-capital tailchar-period column-bottom above-double-space above-line-space
ReferenceHeader	References	page=6 xpos=0 ypos=0 left-column right-indent font-largest column-top line-double-space line-space string-reference headchar-capital above-blank-line above-double-space above-line-space
B-Reference	Kenneth W. Church. 1993. Char align: A program for	page=6 xpos=0 ypos=1 left-column full-justified aligned-line longer-tail line-blank-line line-double-space line-space year headchar-capital
I-Reference	aligning parallel texts at the character level. In	page=6 xpos=0 ypos=1 left-column left-indent indented-line headchar-lower
I-Reference	Proceedings of the Workshop on Very Large	page=6 xpos=0 ypos=1 left-column left-indent aligned-line headchar-capital
I-Reference	Corpora: Academic and Industrial Perspectives,	page=6 xpos=0 ypos=2 left-column left-indent aligned-line headchar-capital tailchar-comma
I-Reference	ACL. Association for Computational Linguistics,	page=6 xpos=0 ypos=2 left-column left-indent aligned-line headchar-capital tailchar-comma
I-Reference	1993.	page=6 xpos=0 ypos=2 left-column left-indent right-indent aligned-line shorter-tail year tailchar-period above-blank-line above-double-space above-line-space
B-Reference	Aidan Finn, Nicholas Kushmerick, and Barry Smyth.	page=6 xpos=0 ypos=3 left-column full-justified hanged-line longer-tail line-blank-line line-double-space line-space headchar-capital tailchar-period
I-Reference	2001. Fact or fiction: Content classification for	page=6 xpos=0 ypos=3 left-column left-indent indented-line year
I-Reference	digital libraries. In Proceedings of NSF/DELOS	page=6 xpos=0 ypos=3 left-column left-indent aligned-line headchar-lower
I-Reference	Workshop on Personalization and Recommender.	page=6 xpos=0 ypos=4 left-column centered left-indent right-indent aligned-line shorter-tail headchar-capital tailchar-period above-blank-line above-double-space above-line-space
B-Reference	Pascale Fung and Kenneth W. Church. 1994. K-vec: A	page=6 xpos=0 ypos=4 left-column full-justified hanged-line longer-tail line-blank-line line-double-space line-space year headchar-capital
I-Reference	new approach for aligning parallel texts. In	page=6 xpos=0 ypos=5 left-column left-indent indented-line headchar-lower
I-Reference	Proceedings from the 15th International Conference	page=6 xpos=0 ypos=5 left-column left-indent aligned-line headchar-capital
I-Reference	on Computational Linguistics, Kyoto.	page=6 xpos=0 ypos=5 left-column left-indent right-indent aligned-line shorter-tail headchar-lower tailchar-period above-blank-line above-double-space above-line-space
B-Reference	Kevin Knight and Daniel Marcu (2000). Statistics-	page=6 xpos=0 ypos=6 left-column full-justified hanged-line longer-tail line-blank-line line-double-space line-space year headchar-capital tailchar-hiphen
I-Reference	Based Summarization--Step One: Sentence	page=6 xpos=0 ypos=6 left-column left-indent indented-line headchar-capital
I-Reference	Compression. The 17th National Conference of the	page=6 xpos=0 ypos=6 left-column left-indent aligned-line headchar-capital
I-Reference	American Association for Artificial Intelligence	page=6 xpos=0 ypos=7 left-column left-indent aligned-line headchar-capital
I-Reference	AAAI'2000, Outstanding Paper Award, Austin,	page=6 xpos=0 ypos=7 left-column left-indent aligned-line year headchar-capital tailchar-comma
I-Reference	Texas, July 30-August 3, 2000.	page=6 xpos=0 ypos=7 left-column left-indent right-indent aligned-line shorter-tail year headchar-capital tailchar-period above-blank-line above-double-space above-line-space
B-Reference	Julian Kupiec, Jan Pedersen, and Francine Chen. 1995.	page=6 xpos=0 ypos=8 left-column full-justified hanged-line longer-tail line-blank-line line-double-space line-space year headchar-capital tailchar-period
I-Reference	A trainable document summarizer. In SIGIR ’95,	page=6 xpos=0 ypos=8 left-column left-indent indented-line headchar-capital tailchar-comma
I-Reference	Proceedings of the 18 <sup>th</sup> Annual International ACM	page=6 xpos=0 ypos=8 left-column left-indent font-largest aligned-line headchar-capital
I-Reference	SIGIR Conference on Research and Development in	page=6 xpos=0 ypos=9 left-column left-indent aligned-line headchar-capital
I-Reference	Information Retrieval. Seattle, Washington, USA.,	page=6 xpos=0 ypos=9 left-column left-indent aligned-line headchar-capital tailchar-comma
I-Reference	pages 68-73. ACM Press.	page=6 xpos=0 ypos=9 left-column left-indent right-indent aligned-line shorter-tail headchar-lower tailchar-period column-bottom
B-Reference	Chin-Yew Lin. 2001. Summary evaluation environment.	page=6 xpos=5 ypos=0 right-column full-justified column-top year headchar-capital tailchar-period
I-Reference	http://www.isi.edu/~cyl/SEE.	page=6 xpos=5 ypos=0 right-column left-indent right-indent indented-line shorter-tail headchar-lower tailchar-period above-blank-line above-double-space above-line-space
B-Reference	Chin-Yew Lin and Eduard Hovy. 2000. The automated	page=6 xpos=5 ypos=1 right-column full-justified hanged-line longer-tail line-blank-line line-double-space line-space year headchar-capital
I-Reference	acquisition of topic signatures for text	page=6 xpos=5 ypos=1 right-column left-indent indented-line headchar-lower
I-Reference	summarization. In Proceedings of the 18 <sup>th</sup>	page=6 xpos=5 ypos=2 right-column left-indent font-largest aligned-line headchar-lower
I-Reference	International Conference on Computational	page=6 xpos=5 ypos=2 right-column left-indent aligned-line headchar-capital
I-Reference	Linguistics (COLING 2000), Saarbrücken, Germany,	page=6 xpos=5 ypos=2 right-column left-indent aligned-line year headchar-capital tailchar-comma
I-Reference	July 31- August 4, 2000.	page=6 xpos=5 ypos=2 right-column left-indent right-indent aligned-line shorter-tail year headchar-capital tailchar-period above-blank-line above-double-space above-line-space
B-Reference	Daniel Marcu. 1999. The automatic construction of	page=6 xpos=5 ypos=3 right-column full-justified hanged-line longer-tail line-blank-line line-double-space line-space year headchar-capital
I-Reference	large-scale corpora for summarization research. The	page=6 xpos=5 ypos=3 right-column left-indent indented-line headchar-lower
I-Reference	22nd International ACM SIGIR Conference on	page=6 xpos=5 ypos=4 right-column left-indent aligned-line
I-Reference	Research and Development in Information Retrieval	page=6 xpos=5 ypos=4 right-column left-indent aligned-line headchar-capital
I-Reference	(SIGIR'99), pages 137-144, Berkeley, CA, August	page=6 xpos=5 ypos=4 right-column left-indent aligned-line
I-Reference	1999.	page=6 xpos=5 ypos=5 right-column left-indent right-indent aligned-line shorter-tail year tailchar-period above-blank-line above-double-space above-line-space
B-Reference	I. Dan Melamed. 1999. Bitext maps and alignment via	page=6 xpos=5 ypos=5 right-column full-justified hanged-line longer-tail line-blank-line line-double-space line-space year headchar-capital
I-Reference	pattern recognition. Computational Linguistics,	page=6 xpos=5 ypos=5 right-column left-indent indented-line headchar-lower tailchar-comma
I-Reference	25(1):107-130.	page=6 xpos=5 ypos=6 right-column left-indent right-indent aligned-line shorter-tail tailchar-period above-blank-line above-double-space above-line-space
B-Reference	Gerard Salton. 1975. A vector space model for	page=6 xpos=5 ypos=6 right-column full-justified hanged-line longer-tail line-blank-line line-double-space line-space year headchar-capital
I-Reference	information retrieval. Communications of the ACM,	page=6 xpos=5 ypos=7 right-column left-indent indented-line headchar-lower tailchar-comma
I-Reference	18(11):613-620, November 1975.	page=6 xpos=5 ypos=7 right-column left-indent right-indent aligned-line shorter-tail year tailchar-period above-blank-line above-double-space above-line-space
B-Reference	David Zajic, Bonnie Dorr, and Richard Schwartz. 2002.	page=6 xpos=5 ypos=7 right-column full-justified hanged-line longer-tail line-blank-line line-double-space line-space year headchar-capital tailchar-period
I-Reference	Automatic headline generation for newspaper	page=6 xpos=5 ypos=8 right-column left-indent indented-line headchar-capital
I-Reference	stories. In Proceedings of the ACL-2002 Workshop	page=6 xpos=5 ypos=8 right-column left-indent aligned-line year headchar-lower
I-Reference	on Text Summarization, Philadelphia, PA, 2002.	page=6 xpos=5 ypos=8 right-column left-indent right-indent aligned-line shorter-tail year headchar-lower tailchar-period
