Title	Parsing a Polysynthetic Language	page=0 xpos=2 ypos=0 single-column centered left-indent right-indent font-largest page-top headchar-capital above-blank-line above-double-space above-line-space
Author	Petr Homola	page=0 xpos=4 ypos=0 single-column centered left-indent right-indent font-largest indented-line shorter-tail line-blank-line line-double-space line-space headchar-capital
B-Affiliation	Codesign, s.r.o.	page=0 xpos=4 ypos=0 single-column centered left-indent right-indent font-larger hanged-line longer-tail headchar-capital tailchar-period
Email	phomola@codesign.cz	page=0 xpos=3 ypos=0 single-column centered left-indent right-indent font-smaller hanged-line longer-tail symbol-atmark headchar-lower column-bottom above-blank-line above-double-space above-line-space
AbstractHeader	Abstract	page=0 xpos=1 ypos=1 left-column centered left-indent right-indent font-largest column-top line-blank-line line-double-space line-space string-abstract headchar-capital above-double-space above-line-space
B-Abstract	We present the results of a project of build-	page=0 xpos=0 ypos=2 left-column centered left-indent right-indent hanged-line longer-tail line-double-space line-space headchar-capital tailchar-hiphen
I-Abstract	ing a lexical-functional grammar of Ay-	page=0 xpos=0 ypos=2 left-column centered left-indent right-indent aligned-line headchar-lower tailchar-hiphen
I-Abstract	mara, an Amerindian language. There was	page=0 xpos=0 ypos=2 left-column centered left-indent right-indent aligned-line headchar-lower
I-Abstract	almost no research on Aymara in compu-	page=0 xpos=0 ypos=2 left-column centered left-indent right-indent aligned-line headchar-lower tailchar-hiphen
I-Abstract	tational linguistics to date. The goal of	page=0 xpos=0 ypos=2 left-column centered left-indent right-indent aligned-line headchar-lower
I-Abstract	the project is two-fold: First, we want to	page=0 xpos=0 ypos=2 left-column centered left-indent right-indent aligned-line headchar-lower
I-Abstract	provide a formal description of the lan-	page=0 xpos=0 ypos=3 left-column centered left-indent right-indent aligned-line headchar-lower tailchar-hiphen
I-Abstract	guage. Second, NLP resources (lexicon	page=0 xpos=0 ypos=3 left-column centered left-indent right-indent aligned-line headchar-lower
I-Abstract	and grammar) are being developed that	page=0 xpos=0 ypos=3 left-column centered left-indent right-indent aligned-line headchar-lower
I-Abstract	could be used in machine translation and	page=0 xpos=0 ypos=3 left-column centered left-indent right-indent aligned-line headchar-lower
I-Abstract	other NLP tasks. The paper presents for-	page=0 xpos=0 ypos=3 left-column centered left-indent right-indent aligned-line headchar-lower tailchar-hiphen
I-Abstract	mal description of selected properties of	page=0 xpos=0 ypos=4 left-column centered left-indent right-indent aligned-line headchar-lower
I-Abstract	Aymara which are uncommon in well-	page=0 xpos=0 ypos=4 left-column centered left-indent right-indent aligned-line headchar-capital tailchar-hiphen
I-Abstract	researched Western languages. Further-	page=0 xpos=0 ypos=4 left-column centered left-indent right-indent aligned-line headchar-lower tailchar-hiphen
I-Abstract	more, we present an experimental machine	page=0 xpos=0 ypos=4 left-column centered left-indent right-indent aligned-line headchar-lower
I-Abstract	translation system into Spanish and En-	page=0 xpos=0 ypos=4 left-column centered left-indent right-indent aligned-line headchar-lower tailchar-hiphen
I-Abstract	glish.	page=0 xpos=0 ypos=4 left-column left-indent right-indent aligned-line shorter-tail headchar-lower tailchar-period above-double-space above-line-space
B-SectionHeader	1 Introduction	page=0 xpos=0 ypos=5 left-column right-indent font-largest hanged-line longer-tail line-double-space line-space numbered-heading1 above-double-space above-line-space
B-Body	Aymara is an Amerindian language spoken in Bo-	page=0 xpos=0 ypos=5 left-column full-justified aligned-line longer-tail line-double-space line-space headchar-capital tailchar-hiphen
I-Body	livia, Chile and Peru by approx. two million peo-	page=0 xpos=0 ypos=5 left-column full-justified aligned-line headchar-lower tailchar-hiphen
I-Body	ple. It is a polysynthetic language that has many	page=0 xpos=0 ypos=5 left-column full-justified aligned-line headchar-lower
I-Body	lexical and structural similarities with Quechua	page=0 xpos=0 ypos=6 left-column full-justified aligned-line headchar-lower
I-Body	but the often suggested genetic relationship be-	page=0 xpos=0 ypos=6 left-column full-justified aligned-line headchar-lower tailchar-hiphen
E-Body	tween these languages is still disputed.	page=0 xpos=0 ypos=6 left-column right-indent aligned-line shorter-tail headchar-lower tailchar-period
B-Body	The only research on Aymara in the field	page=0 xpos=0 ypos=6 left-column left-indent indented-line longer-tail headchar-capital
I-Body	of computational linguistics we know about is	page=0 xpos=0 ypos=6 left-column full-justified hanged-line headchar-lower
I-Body	the project described in (Beesley, 2006). The	page=0 xpos=0 ypos=6 left-column full-justified aligned-line year headchar-lower
I-Body	presented project uses Lexical-Functional Gram-	page=0 xpos=0 ypos=7 left-column full-justified aligned-line headchar-lower tailchar-hiphen
I-Body	mar (LFG) (Kaplan and Bresnan, 1982; Bresnan,	page=0 xpos=0 ypos=7 left-column full-justified aligned-line year headchar-lower tailchar-comma
I-Body	2001) to formally describe the lexicon, morphol-	page=0 xpos=0 ypos=7 left-column full-justified aligned-line year tailchar-hiphen
I-Body	ogy and syntax of Aymara in a manner suitable	page=0 xpos=0 ypos=7 left-column full-justified aligned-line headchar-lower
I-Body	for natural language processing (NLP). The gram-	page=0 xpos=0 ypos=7 left-column full-justified aligned-line headchar-lower tailchar-hiphen
I-Body	mar we have implemented is capable of parsing	page=0 xpos=0 ypos=8 left-column full-justified aligned-line headchar-lower
I-Body	complex sentences with embedded clauses. We	page=0 xpos=0 ypos=8 left-column full-justified aligned-line headchar-lower
I-Body	have also done experiments with machine transla-	page=0 xpos=0 ypos=8 left-column full-justified aligned-line headchar-lower tailchar-hiphen
I-Body	tion (MT) into Spanish and English; the results are	page=0 xpos=0 ypos=8 left-column full-justified aligned-line headchar-lower
E-Body	presented in Section 4.	page=0 xpos=0 ypos=8 left-column right-indent aligned-line shorter-tail headchar-lower tailchar-period
B-Body	Aymara is a polysynthetic language with a very	page=0 xpos=0 ypos=8 left-column left-indent indented-line longer-tail headchar-capital
I-Body	complicated system of polypersonal agreement	page=0 xpos=0 ypos=9 left-column full-justified hanged-line headchar-lower column-bottom
I-Body	(see Section 2.3 for a brief description). A rare	page=0 xpos=5 ypos=1 right-column full-justified column-top
I-Body	property of words in Aymara is the so-called vowel	page=0 xpos=5 ypos=2 right-column full-justified aligned-line headchar-lower
I-Body	elision (sometimes called ‘subtractive morphol-	page=0 xpos=5 ypos=2 right-column full-justified aligned-line headchar-lower tailchar-hiphen
I-Body	ogy’) which is quite hard to describe formally. We	page=0 xpos=5 ypos=2 right-column full-justified aligned-line headchar-lower
I-Body	show how vowel elision can be dealt with in the	page=0 xpos=5 ypos=2 right-column full-justified aligned-line headchar-lower
E-Body	lexicon.	page=0 xpos=5 ypos=2 right-column right-indent aligned-line shorter-tail headchar-lower tailchar-period
B-Body	The paper is organized as follows: Section 2	page=0 xpos=5 ypos=2 right-column left-indent indented-line longer-tail headchar-capital
I-Body	presents selected properties of Aymara, many of	page=0 xpos=5 ypos=3 right-column full-justified hanged-line headchar-lower
I-Body	them absent from well-researched languages such	page=0 xpos=5 ypos=3 right-column full-justified aligned-line headchar-lower
I-Body	as English, and their formal analysis in LFG.	page=0 xpos=5 ypos=3 right-column full-justified aligned-line headchar-lower tailchar-period
I-Body	Section 3 introduces a dependency-based abstrac-	page=0 xpos=5 ypos=3 right-column full-justified aligned-line headchar-capital tailchar-hiphen
I-Body	tion of f-structures which brings formal grammars	page=0 xpos=5 ypos=3 right-column full-justified aligned-line headchar-lower
I-Body	closer cross-linguistically. Section 4 describes	page=0 xpos=5 ypos=4 right-column full-justified aligned-line headchar-lower
I-Body	our experiment with MT from Aymara into Span-	page=0 xpos=5 ypos=4 right-column full-justified aligned-line headchar-lower tailchar-hiphen
I-Body	ish and English. Finally, we conclude in Section 5	page=0 xpos=5 ypos=4 right-column full-justified aligned-line headchar-lower
E-Body	and give an outlook for further research.	page=0 xpos=5 ypos=4 right-column right-indent aligned-line shorter-tail headchar-lower tailchar-period above-double-space above-line-space
B-SectionHeader	2 Some Properties of Aymara	page=0 xpos=5 ypos=4 right-column right-indent font-largest aligned-line shorter-tail line-double-space line-space numbered-heading1 above-double-space above-line-space
B-Body	In this section, we focus on some properties of	page=0 xpos=5 ypos=5 right-column full-justified aligned-line longer-tail line-double-space line-space headchar-capital
I-Body	Aymara at the level of morphology and syntax	page=0 xpos=5 ypos=5 right-column full-justified aligned-line headchar-capital
I-Body	which are mostly absent from Western languages	page=0 xpos=5 ypos=5 right-column full-justified aligned-line headchar-lower
I-Body	such as English, and sketch their analysis in LFG.	page=0 xpos=5 ypos=5 right-column full-justified aligned-line headchar-lower tailchar-period
I-Body	A detailed description of the language can be	page=0 xpos=5 ypos=5 right-column full-justified aligned-line headchar-capital
I-Body	found in (Hardman et al., 2001; Adelaar and	page=0 xpos=5 ypos=6 right-column full-justified aligned-line year headchar-lower
I-Body	Muysken, 2007; Cerrón-Palomino and Carvajal,	page=0 xpos=5 ypos=6 right-column full-justified aligned-line year headchar-capital tailchar-comma
E-Body	2009; Briggs, 1976).	page=0 xpos=5 ypos=6 right-column right-indent aligned-line shorter-tail year tailchar-period above-double-space above-line-space
B-SubsectionHeader	2.1 Agglutinative Morphology	page=0 xpos=5 ypos=6 right-column right-indent aligned-line longer-tail line-double-space line-space numbered-heading2 above-double-space above-line-space
B-Body	Aymara has a very rich inflection. Suffixes	page=0 xpos=5 ypos=6 right-column full-justified aligned-line longer-tail line-double-space line-space headchar-capital
I-Body	of various categories can be chained to build	page=0 xpos=5 ypos=7 right-column full-justified aligned-line headchar-lower
I-Body	up long words that would be expressed by a	page=0 xpos=5 ypos=7 right-column full-justified aligned-line headchar-lower
I-Body	sentence in languages like English. For ex-	page=0 xpos=5 ypos=7 right-column full-justified aligned-line headchar-lower tailchar-hiphen
I-Body	ample, alanxarusksmawa (ala-ni-xaru-si-ka-sma-	page=0 xpos=5 ypos=7 right-column full-justified aligned-line headchar-lower tailchar-hiphen
I-Body	wa) means “I am preparing myself to go and buy	page=0 xpos=5 ypos=7 right-column full-justified aligned-line headchar-lower
E-Body	it for you”.	page=0 xpos=5 ypos=8 right-column right-indent aligned-line shorter-tail headchar-lower tailchar-period
B-Body	In concordance with the principle of lexical in-	page=0 xpos=5 ypos=8 right-column left-indent indented-line longer-tail headchar-capital tailchar-hiphen
I-Body	tegrity (Bresnan, 2001), we deal with morphol-	page=0 xpos=5 ypos=8 right-column full-justified hanged-line year headchar-lower tailchar-hiphen
I-Body	ogy in the lexicon. Ishikawa (1985) has suggested	page=0 xpos=5 ypos=8 right-column full-justified aligned-line year headchar-lower
I-Body	to use word-internal (sublexical) rules to analyze	page=0 xpos=5 ypos=8 right-column full-justified aligned-line headchar-lower
I-Body	structurally complex words in agglutinative lan-	page=0 xpos=5 ypos=8 right-column full-justified aligned-line headchar-lower tailchar-hiphen
E-Body	guages. We have adopted this analysis.	page=0 xpos=5 ypos=9 right-column right-indent aligned-line shorter-tail headchar-lower tailchar-period column-bottom above-blank-line above-double-space above-line-space
Page	562	page=0 xpos=4 ypos=9 single-column centered left-indent right-indent column-top line-blank-line line-double-space line-space numeric-only above-double-space above-line-space
B-Footer	Proceedings of Recent Advances in Natural Language Processing, pages 562–567,	page=0 xpos=1 ypos=9 single-column left-indent right-indent font-smallest hanged-line longer-tail line-double-space line-space headchar-capital tailchar-comma
I-Footer	Hissar, Bulgaria, 12-14 September 2011.	page=0 xpos=3 ypos=9 single-column left-indent right-indent font-smallest indented-line shorter-tail year headchar-capital tailchar-period page-bottom
B-SubsectionHeader	2.2 Vowel elision	page=1 xpos=0 ypos=0 left-column right-indent page-top numbered-heading2 above-double-space above-line-space
B-Body	Aymara uses vowel elision as morphosyntacic	page=1 xpos=0 ypos=0 left-column full-justified aligned-line longer-tail line-double-space line-space headchar-capital
E-Body	marking, as illustrated in (1) and (2). <sup>1</sup>	page=1 xpos=0 ypos=0 left-column right-indent font-largest aligned-line shorter-tail headchar-lower above-double-space above-line-space
B-Listitem	(1) aycha manq’ani	page=1 xpos=0 ypos=0 left-column right-indent aligned-line shorter-tail line-double-space line-space itemization
I-Listitem	meat eater	page=1 xpos=0 ypos=0 left-column left-indent right-indent indented-line shorter-tail headchar-lower above-line-space
I-Listitem	“who eats much meat”	page=1 xpos=0 ypos=1 left-column left-indent right-indent aligned-line longer-tail line-space above-double-space above-line-space
B-Listitem	(2) aych manq’ani	page=1 xpos=0 ypos=1 left-column right-indent hanged-line shorter-tail line-double-space line-space itemization
I-Listitem	meat- ELI eat- FUT <sub>3→3</sub>	page=1 xpos=0 ypos=1 left-column left-indent right-indent font-larger indented-line longer-tail headchar-lower above-line-space
I-Listitem	“(s)he will eat meat”	page=1 xpos=0 ypos=1 left-column left-indent right-indent aligned-line shorter-tail line-space above-double-space above-line-space
B-Body	There are three types of vowel elision that inter-	page=1 xpos=0 ypos=2 left-column left-indent hanged-line longer-tail line-double-space line-space headchar-capital tailchar-hiphen
I-Body	act with each other. Object elision marks a noun	page=1 xpos=0 ypos=2 left-column full-justified hanged-line headchar-lower
I-Body	or pronoun as direct object, such as in (3) (as op-	page=1 xpos=0 ypos=2 left-column full-justified aligned-line headchar-lower tailchar-hiphen
E-Body	posed to (4)).	page=1 xpos=0 ypos=2 left-column right-indent aligned-line shorter-tail headchar-lower tailchar-period above-double-space above-line-space
B-Listitem	(3) khits uñji	page=1 xpos=0 ypos=3 left-column right-indent aligned-line longer-tail line-double-space line-space itemization
I-Listitem	whom- ELI see- NFUT <sub>3→3</sub>	page=1 xpos=0 ypos=3 left-column left-indent right-indent font-larger indented-line longer-tail headchar-lower above-line-space
I-Listitem	“Whom does he/she see?”	page=1 xpos=0 ypos=3 left-column left-indent right-indent aligned-line line-space above-double-space above-line-space
B-Listitem	(4) khitis uñji	page=1 xpos=0 ypos=3 left-column right-indent hanged-line shorter-tail line-double-space line-space itemization
I-Listitem	who see- NFUT <sub>3→3</sub>	page=1 xpos=0 ypos=3 left-column left-indent right-indent font-larger indented-line longer-tail headchar-lower above-line-space
I-Listitem	“Who does see him/her?”	page=1 xpos=0 ypos=4 left-column left-indent right-indent aligned-line longer-tail line-space above-double-space above-line-space
B-Body	Noun compound elision occurrs in NPs. The	page=1 xpos=0 ypos=4 left-column left-indent hanged-line longer-tail line-double-space line-space headchar-capital
I-Body	final vowel of noun attributes gets elided if they	page=1 xpos=0 ypos=4 left-column full-justified hanged-line headchar-lower
I-Body	have three or more syllables, as illustrated in (5)	page=1 xpos=0 ypos=4 left-column full-justified aligned-line headchar-lower
E-Body	and (6).	page=1 xpos=0 ypos=5 left-column right-indent aligned-line shorter-tail headchar-lower tailchar-period above-double-space above-line-space
B-Listitem	(5) aymar aru	page=1 xpos=0 ypos=5 left-column right-indent aligned-line longer-tail line-double-space line-space itemization
I-Listitem	Aymara- ELI language	page=1 xpos=0 ypos=5 left-column left-indent right-indent indented-line longer-tail headchar-capital above-line-space
I-Listitem	“the Aymara language”	page=1 xpos=0 ypos=5 left-column left-indent right-indent aligned-line line-space above-double-space above-line-space
B-Listitem	(6) qala uta	page=1 xpos=0 ypos=6 left-column right-indent hanged-line shorter-tail line-double-space line-space itemization
I-Listitem	stone house	page=1 xpos=0 ypos=6 left-column left-indent right-indent indented-line longer-tail headchar-lower above-line-space
I-Listitem	“stone house”	page=1 xpos=0 ypos=6 left-column left-indent right-indent aligned-line longer-tail line-space above-double-space above-line-space
B-Body	Complement elision is applied to all words that	page=1 xpos=0 ypos=6 left-column left-indent hanged-line longer-tail line-double-space line-space headchar-capital
I-Body	are arguments or adjuncts of a verb except for the	page=1 xpos=0 ypos=6 left-column full-justified hanged-line headchar-lower
E-Body	final word of a clause. <sup>2</sup>	page=1 xpos=0 ypos=7 left-column right-indent font-largest aligned-line shorter-tail headchar-lower
B-Body	Whereas object elision concerns the nucleus	page=1 xpos=0 ypos=7 left-column left-indent indented-line longer-tail headchar-capital
I-Body	of a word (the stem with an optional possessive	page=1 xpos=0 ypos=7 left-column full-justified hanged-line headchar-lower
I-Body	and/or plural suffix), noun compound and comple-	page=1 xpos=0 ypos=7 left-column full-justified aligned-line headchar-lower tailchar-hiphen
I-Body	ment elisions concern the final vowel of a word	page=1 xpos=0 ypos=7 left-column full-justified aligned-line headchar-lower
I-Body	(the vowel of the last suffix or the stem if there are	page=1 xpos=0 ypos=8 left-column full-justified aligned-line
I-Body	no suffixes). Vowel elision is dealt with in the lexi-	page=1 xpos=0 ypos=8 left-column full-justified aligned-line headchar-lower tailchar-hiphen
I-Body	con. As for noun compound elision, all nouns with	page=1 xpos=0 ypos=8 left-column full-justified aligned-line headchar-lower
I-Body	more than two syllables get (↑ COMPEL) = + if	page=1 xpos=0 ypos=8 left-column full-justified aligned-line headchar-lower above-double-space above-line-space
B-Footnote	<sup>1</sup> In the glosses, FUT <sub>3→3</sub> means future tense. The numbers	page=1 xpos=0 ypos=8 left-column left-indent font-larger indented-line line-double-space line-space headchar-super
I-Footnote	express the person of the subject and an additional argument,	page=1 xpos=0 ypos=9 left-column full-justified font-smallest hanged-line headchar-lower tailchar-comma
I-Footnote	mostly object.	page=1 xpos=0 ypos=9 left-column right-indent font-smallest aligned-line shorter-tail headchar-lower tailchar-period
B-Footnote	<sup>2</sup> Object and noun compound elision has the gloss ELI in	page=1 xpos=0 ypos=9 left-column left-indent indented-line longer-tail headchar-super
I-Footnote	our examples.	page=1 xpos=0 ypos=9 left-column right-indent font-smallest hanged-line shorter-tail headchar-lower tailchar-period column-bottom
I-Body	the final vowel of the word nucleus is elided and	page=1 xpos=5 ypos=0 right-column full-justified column-top headchar-lower
I-Body	(↑ COMPEL) = − if it is not. Nouns with two	page=1 xpos=5 ypos=0 right-column full-justified font-larger aligned-line
I-Body	vowels do not define this attribute, i.e., it can be	page=1 xpos=5 ypos=0 right-column full-justified aligned-line headchar-lower
I-Body	unified with both values. The corresponding rule	page=1 xpos=5 ypos=0 right-column full-justified aligned-line headchar-lower
E-Body	for compound nouns is given in (7).	page=1 xpos=5 ypos=0 right-column right-indent aligned-line shorter-tail headchar-lower tailchar-period above-line-space
B-Equation	N <sup>0</sup> → (N <sup>0</sup> ) N	page=1 xpos=5 ypos=0 right-column left-indent right-indent font-larger indented-line line-space headchar-capital
I-Equation	(7) (↑ MOD) = ↓ ↑=↓	page=1 xpos=5 ypos=1 right-column right-indent hanged-line longer-tail itemization
I-Equation	(↓ COMPEL) = +	page=1 xpos=6 ypos=1 right-column left-indent right-indent font-smallest indented-line shorter-tail above-double-space above-line-space
B-SubsectionHeader	2.3 Polypersonal agreement	page=1 xpos=5 ypos=1 right-column right-indent hanged-line line-double-space line-space numbered-heading2 above-double-space above-line-space
B-Body	Being a polysynthetic language, Aymara has	page=1 xpos=5 ypos=1 right-column full-justified aligned-line longer-tail line-double-space line-space headchar-capital
I-Body	polypersonal conjugation, i.e., the finite verb	page=1 xpos=5 ypos=1 right-column full-justified aligned-line headchar-lower
I-Body	agrees with the subject and with another argument	page=1 xpos=5 ypos=2 right-column full-justified aligned-line headchar-lower
I-Body	which may be the object (direct or indirect) or an	page=1 xpos=5 ypos=2 right-column full-justified aligned-line headchar-lower
E-Body	oblique argument. An example is given in (8).	page=1 xpos=5 ypos=2 right-column right-indent aligned-line shorter-tail headchar-lower tailchar-period above-double-space above-line-space
B-Quote	(8) Uñjsma	page=1 xpos=5 ypos=2 right-column right-indent aligned-line shorter-tail line-double-space line-space itemization
I-Quote	see- NFUT <sub>1→2</sub>	page=1 xpos=5 ypos=2 right-column left-indent right-indent font-larger indented-line longer-tail headchar-lower
I-Quote	“I see/saw you.”	page=1 xpos=5 ypos=3 right-column left-indent right-indent aligned-line longer-tail above-double-space above-line-space
B-Body	The morpholexical entry for uñjsma is given	page=1 xpos=5 ypos=3 right-column left-indent hanged-line longer-tail line-double-space line-space headchar-capital
I-Body	in (9). <sup>3</sup> Note that the PRED value for both subject	page=1 xpos=5 ypos=3 right-column full-justified font-largest hanged-line headchar-lower
E-Body	and object is optional. <sup>4</sup>	page=1 xpos=5 ypos=3 right-column right-indent font-largest aligned-line shorter-tail headchar-lower above-double-space above-line-space
B-Equation	(9)	page=1 xpos=5 ypos=4 right-column right-indent aligned-line shorter-tail line-double-space line-space
I-Equation	uñjsma V (↑PRED) =‘uñjañah(↑SUBJ)(↑OBJ)i’	page=1 xpos=5 ypos=4 right-column left-indent right-over font-smallest indented-line longer-tail headchar-lower
I-Equation	(↑TAM TENSE) = NON - FUT	page=1 xpos=7 ypos=4 right-column left-indent right-indent font-smallest indented-line shorter-tail
I-Equation	(↑TAM MOOD) = INDIC	page=1 xpos=7 ypos=4 right-column left-indent right-indent font-smallest aligned-line shorter-tail
I-Equation	((↑SUBJ PRED) = ‘ PRO ’)	page=1 xpos=7 ypos=4 right-column left-indent right-indent font-smallest aligned-line
I-Equation	(↑SUBJ PERS) = 1	page=1 xpos=7 ypos=4 right-column left-indent right-indent font-smallest aligned-line shorter-tail
I-Equation	((↑OBJ PRED) = ‘ PRO ’)	page=1 xpos=7 ypos=4 right-column left-indent right-indent font-smallest aligned-line longer-tail
I-Equation	(↑OBJ PERS) = 2	page=1 xpos=7 ypos=4 right-column left-indent right-indent font-smallest aligned-line shorter-tail above-double-space above-line-space
B-Body	The verb agrees with the subject and with the	page=1 xpos=5 ypos=5 right-column left-indent hanged-line longer-tail line-double-space line-space headchar-capital
I-Body	most animate argument which may be a patient,	page=1 xpos=5 ypos=5 right-column full-justified hanged-line headchar-lower tailchar-comma
I-Body	addressee or source, e.g., um churäma- FUT <sub>1→2</sub>	page=1 xpos=5 ypos=5 right-column full-justified font-larger aligned-line headchar-lower
I-Body	“I will give you water” (addresse), aych aläma-	page=1 xpos=5 ypos=5 right-column full-justified aligned-line tailchar-hiphen
I-Body	FUT 1→2 “I will buy meat from you” (source) etc.	page=1 xpos=5 ypos=6 right-column full-justified font-larger aligned-line headchar-capital tailchar-period
I-Body	However, there are verbal suffixes which can make	page=1 xpos=5 ypos=6 right-column full-justified aligned-line headchar-capital
I-Body	the verb agree with other arguments, such as the	page=1 xpos=5 ypos=6 right-column full-justified aligned-line headchar-lower
I-Body	beneficiary, e.g., aych churarapitäta- BEN , FUT <sub>2→1</sub>	page=1 xpos=5 ypos=6 right-column full-justified font-larger aligned-line headchar-lower
I-Body	“You will give him/her bread for me” (the verb	page=1 xpos=5 ypos=6 right-column full-justified aligned-line
I-Body	agrees with the beneficiary instead of the ad-	page=1 xpos=5 ypos=6 right-column full-justified aligned-line headchar-lower tailchar-hiphen
I-Body	dressee). All these agreement rules are encoded	page=1 xpos=5 ypos=7 right-column full-justified aligned-line headchar-lower
E-Body	in the lexicon.	page=1 xpos=5 ypos=7 right-column right-indent aligned-line shorter-tail headchar-lower tailchar-period above-double-space above-line-space
B-SubsectionHeader	2.4 Free Word Order	page=1 xpos=5 ypos=7 right-column right-indent aligned-line longer-tail line-double-space line-space numbered-heading2 above-double-space above-line-space
B-Body	At the clause level, the word order in Aymara is	page=1 xpos=5 ypos=7 right-column full-justified aligned-line longer-tail line-double-space line-space headchar-capital
I-Body	not restricted although SOV is preferred. There is	page=1 xpos=5 ypos=8 right-column full-justified aligned-line headchar-lower
I-Body	also no evidence for a VP, thus we assume a flat	page=1 xpos=5 ypos=8 right-column full-justified aligned-line headchar-lower
I-Body	phrase structure. The rules for matrix clauses are	page=1 xpos=5 ypos=8 right-column full-justified aligned-line headchar-lower
E-Body	given in (10). <sup>5</sup>	page=1 xpos=5 ypos=8 right-column right-indent font-largest aligned-line shorter-tail headchar-lower above-double-space above-line-space
B-Footnote	3 TAM means Tense-Aspect-Mood.	page=1 xpos=5 ypos=8 right-column left-indent right-indent indented-line longer-tail line-double-space line-space numbered-heading1 tailchar-period
B-Footnote	<sup>4</sup> Both arguments can be dropped.	page=1 xpos=5 ypos=8 right-column left-indent right-indent aligned-line headchar-super tailchar-period
B-Footnote	<sup>5</sup> In the functional annotation, κ is either ‘−’ (no case)	page=1 xpos=5 ypos=9 right-column left-indent aligned-line longer-tail headchar-super
I-Footnote	or a semantic case and GF is the corresponding grammatical	page=1 xpos=5 ypos=9 right-column full-justified font-smallest hanged-line headchar-lower
I-Footnote	function.	page=1 xpos=5 ypos=9 right-column right-indent font-smallest aligned-line shorter-tail headchar-lower tailchar-period column-bottom above-blank-line above-double-space above-line-space
Page	563	page=1 xpos=4 ypos=9 single-column centered left-indent right-indent column-top line-blank-line line-double-space line-space numeric-only page-bottom
B-Equation	X <sup>+</sup>	page=2 xpos=1 ypos=0 left-column left-indent right-indent page-top headchar-capital
I-Equation	(10) S <sup>→</sup>	page=2 xpos=0 ypos=0 left-column right-indent font-largest hanged-line shorter-tail itemization above-blank-line above-double-space above-line-space
I-Equation	where X is V or NP/CP	page=2 xpos=0 ypos=0 left-column left-indent right-indent font-smallest indented-line longer-tail line-blank-line line-double-space line-space headchar-lower
I-Equation	↑=↓ (↓ CASE) = κ ⇒	page=2 xpos=1 ypos=0 left-column left-indent right-indent font-smallest indented-line longer-tail
I-Equation	(↑ GF) =↓	page=2 xpos=3 ypos=0 left-column left-indent right-indent font-smallest indented-line shorter-tail above-double-space above-line-space
I-Equation	CP → (C) , S	page=2 xpos=0 ypos=1 left-column left-indent right-indent font-smallest hanged-line shorter-tail line-double-space line-space headchar-capital
I-Equation	↑=↓ ↑=↓	page=2 xpos=1 ypos=1 left-column left-indent right-indent font-smallest indented-line longer-tail above-double-space above-line-space
B-Body	As can be seen, word order in a clause is free	page=2 xpos=0 ypos=1 left-column left-indent hanged-line longer-tail line-double-space line-space headchar-capital
I-Body	with the exception of an optional complementizer	page=2 xpos=0 ypos=1 left-column full-justified hanged-line headchar-lower
I-Body	(see (11) and (12)) which can be placed at the be-	page=2 xpos=0 ypos=1 left-column full-justified aligned-line tailchar-hiphen
E-Body	ginning of the clause or at its end.	page=2 xpos=0 ypos=2 left-column right-indent aligned-line shorter-tail headchar-lower tailchar-period above-double-space above-line-space
B-Listitem	(11) Ukat juti	page=2 xpos=0 ypos=2 left-column right-indent aligned-line shorter-tail line-double-space line-space itemization
I-Listitem	then come- NFUT <sub>3→3</sub>	page=2 xpos=0 ypos=2 left-column left-indent right-indent font-larger indented-line longer-tail headchar-lower above-line-space
I-Listitem	“Then (s)he came.”	page=2 xpos=0 ypos=2 left-column left-indent right-indent shorter-tail line-space above-double-space above-line-space
B-Listitem	(12) Jutät ukaxa. . .	page=2 xpos=0 ypos=3 left-column right-indent hanged-line longer-tail line-double-space line-space itemization tailchar-period
I-Listitem	come- FUT <sub>2→3</sub> if	page=2 xpos=0 ypos=3 left-column left-indent right-indent font-larger indented-line shorter-tail headchar-lower above-line-space
I-Listitem	“If you will come. . . ”	page=2 xpos=0 ypos=3 left-column left-indent right-indent longer-tail line-space above-double-space above-line-space
B-Body	There are no discontinuous constituents and	page=2 xpos=0 ypos=3 left-column left-indent hanged-line longer-tail line-double-space line-space headchar-capital
I-Body	complement clauses can be embedded in the ma-	page=2 xpos=0 ypos=3 left-column full-justified hanged-line headchar-lower tailchar-hiphen
I-Body	trix sentence. Since Aymara is not discourse-	page=2 xpos=0 ypos=4 left-column full-justified aligned-line headchar-lower tailchar-hiphen
I-Body	configurational (see the next subsection), the word	page=2 xpos=0 ypos=4 left-column full-justified aligned-line headchar-lower
I-Body	order, despite of being free, is usually unmarked	page=2 xpos=0 ypos=4 left-column full-justified aligned-line headchar-lower
I-Body	(SOV) and if it is different then mostly for stylis-	page=2 xpos=0 ypos=4 left-column full-justified aligned-line tailchar-hiphen
E-Body	tic reasons.	page=2 xpos=0 ypos=4 left-column right-indent aligned-line shorter-tail headchar-lower tailchar-period above-double-space above-line-space
B-SubsectionHeader	2.5 Topic-Focus Articulation	page=2 xpos=0 ypos=5 left-column right-indent aligned-line longer-tail line-double-space line-space numbered-heading2 above-double-space above-line-space
B-Body	We have adopted the approach proposed by King	page=2 xpos=0 ypos=5 left-column full-justified aligned-line longer-tail line-double-space line-space headchar-capital
I-Body	(1997). Thus we use an i(nformation)-structure to	page=2 xpos=0 ypos=5 left-column full-justified aligned-line year
E-Body	approximate topic-focus articulation (TFA). <sup>6</sup>	page=2 xpos=0 ypos=5 left-column right-indent font-largest aligned-line shorter-tail headchar-lower
B-Body	A simple example of two sentences which differ	page=2 xpos=0 ypos=5 left-column left-indent indented-line longer-tail headchar-capital
I-Body	only in TFA is given in (13) (the word qullqirï is a	page=2 xpos=0 ypos=6 left-column full-justified hanged-line headchar-lower
E-Body	verbalized noun).	page=2 xpos=0 ypos=6 left-column right-indent aligned-line shorter-tail headchar-lower tailchar-period above-double-space above-line-space
B-Listitem	(13) Jumax qillqirïtawa	page=2 xpos=0 ypos=6 left-column right-indent aligned-line longer-tail line-double-space line-space itemization
I-Listitem	you- SG , TOP be-a-writer- NFUT <sub>2→3</sub> , FOC	page=2 xpos=0 ypos=6 left-column left-indent right-indent font-larger indented-line longer-tail headchar-lower above-line-space
I-Listitem	“You are a writer.”	page=2 xpos=0 ypos=7 left-column left-indent right-indent shorter-tail line-space above-blank-line above-double-space above-line-space
B-Listitem	Jumaw qillqirïtaxa	page=2 xpos=0 ypos=7 left-column left-indent right-indent font-smaller aligned-line longer-tail line-blank-line line-double-space line-space headchar-capital
I-Listitem	you- SG , FOC be-a-writer- NFUT <sub>2→3</sub> , TOP	page=2 xpos=0 ypos=7 left-column left-indent right-indent font-larger aligned-line longer-tail headchar-lower above-line-space
I-Listitem	“It is you who is the writer.”	page=2 xpos=0 ypos=7 left-column left-indent right-indent aligned-line shorter-tail line-space above-blank-line above-double-space above-line-space
B-Body	The morpholexical entries for jumax and jupaw	page=2 xpos=0 ypos=8 left-column left-indent hanged-line longer-tail line-blank-line line-double-space line-space headchar-capital
I-Body	and corresponsing i-structures for the sentences	page=2 xpos=0 ypos=8 left-column full-justified hanged-line headchar-lower
E-Body	in (13) are given in (14) and (15), respectively.	page=2 xpos=0 ypos=8 left-column right-indent aligned-line shorter-tail headchar-lower tailchar-period above-double-space above-line-space
B-Footnote	<sup>6</sup> The difference is that we use only two discourse func-	page=2 xpos=0 ypos=8 left-column left-indent indented-line longer-tail line-double-space line-space headchar-super tailchar-hiphen
I-Footnote	tions, TOP or FOC , with the possibility for words being	page=2 xpos=0 ypos=9 left-column full-justified font-smallest hanged-line headchar-lower
I-Footnote	discourse-unspecified (the term ‘discourse-neutral’ is used	page=2 xpos=0 ypos=9 left-column full-justified font-smallest aligned-line headchar-lower
I-Footnote	sometimes). This is exactly how morphological marking of	page=2 xpos=0 ypos=9 left-column full-justified font-smallest aligned-line headchar-lower
I-Footnote	TFA works in Aymara.	page=2 xpos=0 ypos=9 left-column right-indent font-smallest aligned-line shorter-tail headchar-capital tailchar-period column-bottom
I-Footnote	jumax PRON (↑PRED) = ‘ PRO ’	page=2 xpos=5 ypos=0 right-column left-indent right-indent font-smallest column-top headchar-lower
B-Listitem	(14) (↑PERS) = 2	page=2 xpos=5 ypos=0 right-column right-indent hanged-line shorter-tail itemization
I-Listitem	(↑PRED FN) ∈ (↑ <sub>i</sub> TOP)	page=2 xpos=7 ypos=0 right-column left-indent right-indent font-smallest indented-line longer-tail above-blank-line above-double-space above-line-space
I-Listitem		page=2 xpos=5 ypos=0 right-column left-indent right-indent font-smallest hanged-line shorter-tail line-blank-line line-double-space line-space
I-Listitem	TOP ‘jumax’ <sup>o</sup> <sup></sup>	page=2 xpos=5 ypos=0 right-column left-indent right-indent font-largest indented-line longer-tail headchar-capital
I-Listitem	n	page=2 xpos=6 ypos=0 right-column left-indent right-indent font-smallest indented-line shorter-tail headchar-lower above-double-space above-line-space
I-Listitem		page=2 xpos=5 ypos=0 right-column left-indent right-indent font-smallest hanged-line shorter-tail line-double-space line-space
I-Listitem	<sup></sup> FOC <sup>n</sup> ‘qillqiri’ o  <sup></sup>	page=2 xpos=5 ypos=0 right-column left-indent right-indent font-largest aligned-line longer-tail headchar-super above-blank-line above-double-space above-line-space
I-Listitem	jumaw PRON (↑PRED) = ‘ PRO ’	page=2 xpos=5 ypos=1 right-column left-indent right-indent font-smallest indented-line longer-tail line-blank-line line-double-space line-space headchar-lower
B-Listitem	(15) (↑PERS) = 2	page=2 xpos=5 ypos=1 right-column right-indent hanged-line shorter-tail itemization
I-Listitem	(↑PRED FN) ∈ (↑ <sub>i</sub> FOC)	page=2 xpos=7 ypos=1 right-column left-indent right-indent font-smallest indented-line longer-tail above-blank-line above-double-space above-line-space
I-Listitem		page=2 xpos=5 ypos=1 right-column left-indent right-indent font-smallest hanged-line shorter-tail line-blank-line line-double-space line-space
I-Listitem	TOP ‘qillqiri’ <sup>o</sup> <sup></sup>	page=2 xpos=5 ypos=1 right-column left-indent right-indent font-largest indented-line longer-tail headchar-capital
I-Listitem	n	page=2 xpos=6 ypos=1 right-column left-indent right-indent font-smallest indented-line shorter-tail headchar-lower above-double-space above-line-space
I-Listitem		page=2 xpos=5 ypos=2 right-column left-indent right-indent font-smallest hanged-line shorter-tail line-double-space line-space
I-Listitem	<sup></sup> FOC <sup>n</sup> ‘jumax’ o <sup></sup> 	page=2 xpos=5 ypos=2 right-column left-indent right-indent font-largest aligned-line longer-tail headchar-super above-double-space above-line-space
B-Body	The i-structure is very important for correct	page=2 xpos=5 ypos=2 right-column left-indent hanged-line longer-tail line-double-space line-space headchar-capital
I-Body	translation. For example, the sentence Chachax li-	page=2 xpos=5 ypos=2 right-column full-justified hanged-line headchar-lower tailchar-hiphen
I-Body	wrw liyi would be translated as “The man read(s) a	page=2 xpos=5 ypos=2 right-column full-justified aligned-line headchar-lower
I-Body	book” whereas Chachaw liwrx liyi would be better	page=2 xpos=5 ypos=3 right-column full-justified aligned-line headchar-lower
E-Body	translated as “The book is/was read by a man”. <sup>7</sup>	page=2 xpos=5 ypos=3 right-column right-indent font-largest aligned-line shorter-tail headchar-lower above-double-space above-line-space
B-SectionHeader	3 Lexical Mapping Theory and	page=2 xpos=5 ypos=3 right-column right-indent font-largest aligned-line shorter-tail line-double-space line-space numbered-heading1
I-SectionHeader	D-Structures	page=2 xpos=5 ypos=3 right-column left-indent right-indent font-largest indented-line shorter-tail headchar-capital above-double-space above-line-space
B-Body	Although f-structures abstract to some extent from	page=2 xpos=5 ypos=4 right-column full-justified hanged-line longer-tail line-double-space line-space headchar-capital
I-Body	language specific features (such as differential ob-	page=2 xpos=5 ypos=4 right-column full-justified aligned-line headchar-lower tailchar-hiphen
I-Body	ject marking, see (16) where the Spanish dative	page=2 xpos=5 ypos=4 right-column full-justified aligned-line headchar-lower
I-Body	phrase and the Polish genitive phrase would be in	page=2 xpos=5 ypos=4 right-column full-justified aligned-line headchar-lower
I-Body	accusative in German), there are still many differ-	page=2 xpos=5 ypos=4 right-column full-justified aligned-line headchar-lower tailchar-hiphen
I-Body	ences even between relatively closely related lan-	page=2 xpos=5 ypos=5 right-column full-justified aligned-line headchar-lower tailchar-hiphen
E-Body	guages. <sup>8</sup>	page=2 xpos=5 ypos=5 right-column right-indent font-largest aligned-line shorter-tail headchar-lower above-double-space above-line-space
B-Listitem	(16) Ayer visité a Juan	page=2 xpos=5 ypos=5 right-column right-indent aligned-line longer-tail line-double-space line-space itemization
I-Listitem	yesterday visit- PAST ,1 SG to Juan	page=2 xpos=5 ypos=5 right-column left-indent right-indent indented-line headchar-lower above-line-space
I-Listitem	“I visited Juan yesterday.”	page=2 xpos=5 ypos=5 right-column left-indent right-indent shorter-tail line-space above-blank-line above-double-space above-line-space
B-Listitem	Nie mam samochodu	page=2 xpos=5 ypos=6 right-column left-indent right-indent font-smaller aligned-line longer-tail line-blank-line line-double-space line-space headchar-capital
I-Listitem	NEG have- PRES ,1 SG car- SG , GEN	page=2 xpos=5 ypos=6 right-column left-indent right-indent aligned-line headchar-capital above-line-space
I-Listitem	“I don’t have a car.”	page=2 xpos=5 ypos=6 right-column left-indent right-indent aligned-line shorter-tail line-space above-blank-line above-double-space above-line-space
B-Body	Wong and Hancox (1998) examine the use	page=2 xpos=5 ypos=7 right-column left-indent hanged-line longer-tail line-blank-line line-double-space line-space year headchar-capital
I-Body	of a(rgument)-structures in machine translation	page=2 xpos=5 ypos=7 right-column full-justified hanged-line headchar-lower above-double-space above-line-space
B-Footnote	<sup>7</sup> Unlike some other languages with morphological topic	page=2 xpos=5 ypos=7 right-column left-indent indented-line line-double-space line-space headchar-super
I-Footnote	and/or focus markers, such as Japanese (cf. examples	page=2 xpos=5 ypos=7 right-column full-justified font-smallest hanged-line headchar-lower
I-Footnote	from (Kroeger, 2004): Taroo-wa- TOP sono hon-o- ACC yon-	page=2 xpos=5 ypos=7 right-column full-justified font-smallest aligned-line year headchar-lower tailchar-hiphen
I-Footnote	deiru “Taroo is reading that book.” vs. Sono hon-wa- TOP	page=2 xpos=5 ypos=8 right-column full-justified font-smallest aligned-line headchar-lower
I-Footnote	Taroo-ga- NOM yondeiru “That book, Taroo is reading”), Ay-	page=2 xpos=5 ypos=8 right-column full-justified font-smallest aligned-line headchar-capital tailchar-hiphen
I-Footnote	mara allows their co-occurrence with case suffixes without	page=2 xpos=5 ypos=8 right-column full-justified font-smallest aligned-line headchar-lower
I-Footnote	limitation.	page=2 xpos=5 ypos=8 right-column right-indent font-smallest aligned-line shorter-tail headchar-lower tailchar-period
B-Footnote	<sup>8</sup> For example, the East Baltic language Latvian has only	page=2 xpos=5 ypos=8 right-column left-indent indented-line longer-tail headchar-super
I-Footnote	agent-less passives (i.e., in LFG, it completely lacks OBL <sub>ag</sub> ,	page=2 xpos=5 ypos=8 right-column full-justified font-smallest hanged-line headchar-lower tailchar-comma
I-Footnote	cf. (Forssman, 2001)), whereas its closest and partially mu-	page=2 xpos=5 ypos=8 right-column full-justified font-smallest aligned-line year headchar-lower tailchar-hiphen
I-Footnote	tually intelligible relative Lithuanian has and frequently uses	page=2 xpos=5 ypos=8 right-column full-justified font-smallest aligned-line headchar-lower
I-Footnote	agents in passives.	page=2 xpos=5 ypos=9 right-column right-indent font-smallest aligned-line shorter-tail headchar-lower tailchar-period column-bottom above-blank-line above-double-space above-line-space
Page	564	page=2 xpos=4 ypos=9 single-column centered left-indent right-indent column-top line-blank-line line-double-space line-space numeric-only page-bottom
I-Body	(MT). In LFG, a-structures are another level of lin-	page=3 xpos=0 ypos=0 left-column full-justified page-top tailchar-hiphen
I-Body	guistic representation which provides the lexico-	page=3 xpos=0 ypos=0 left-column full-justified aligned-line headchar-lower tailchar-hiphen
I-Body	syntactic interface. The mapping between a-	page=3 xpos=0 ypos=0 left-column full-justified aligned-line headchar-lower tailchar-hiphen
I-Body	structures and f-structures is defined by the so-	page=3 xpos=0 ypos=0 left-column full-justified aligned-line headchar-lower tailchar-hiphen
I-Body	called Lexical Mapping Theory (LMT; see (Bres-	page=3 xpos=0 ypos=0 left-column full-justified aligned-line headchar-lower tailchar-hiphen
I-Body	nan, 2001)). We will give a brief overview of LMT	page=3 xpos=0 ypos=0 left-column full-justified aligned-line year headchar-lower
E-Body	here.	page=3 xpos=0 ypos=1 left-column right-indent aligned-line shorter-tail headchar-lower tailchar-period
B-Body	LFG assumes that there is a prominence hierar-	page=3 xpos=0 ypos=1 left-column left-indent indented-line longer-tail headchar-capital tailchar-hiphen
I-Body	chy of semantic roles. We use the hierarchy shown	page=3 xpos=0 ypos=1 left-column full-justified hanged-line headchar-lower
I-Body	in (17) (proposed by Bresnan (2001)):	page=3 xpos=0 ypos=1 left-column right-indent aligned-line shorter-tail year headchar-lower tailchar-colon above-double-space above-line-space
B-Equation	(17) agent  beneficiary/maleficiary 	page=3 xpos=0 ypos=1 left-column right-indent font-larger aligned-line longer-tail line-double-space line-space itemization
I-Equation	experiencer/goal  instrument 	page=3 xpos=0 ypos=2 left-column left-indent right-indent font-larger indented-line shorter-tail headchar-lower
I-Equation	patient/theme  locative	page=3 xpos=0 ypos=2 left-column left-indent right-indent font-larger aligned-line shorter-tail headchar-lower above-double-space above-line-space
B-Body	Argument grammatical functions ( GF ) are as-	page=3 xpos=0 ypos=2 left-column left-indent hanged-line longer-tail line-double-space line-space headchar-capital tailchar-hiphen
I-Body	signed features objective and restricted as in (18).	page=3 xpos=0 ypos=2 left-column full-justified hanged-line headchar-lower tailchar-period
I-Body	The markedness hierarchy of GF s is given in (19).	page=3 xpos=0 ypos=3 left-column centered right-indent aligned-line headchar-capital tailchar-period above-double-space above-line-space
B-Table	-r +r	page=3 xpos=1 ypos=3 left-column left-indent right-indent indented-line shorter-tail line-double-space line-space
I-Table	(18) -o SUBJ OBL <sub>θ</sub>	page=3 xpos=0 ypos=3 left-column right-indent font-largest hanged-line longer-tail itemization
E-Table	+o OBJ OBJ <sub>θ</sub>	page=3 xpos=0 ypos=3 left-column left-indent right-indent font-largest indented-line above-double-space above-line-space
B-Equation	(19) SUBJ  OBJ , OBL <sub>θ</sub>  OBJ θ	page=3 xpos=0 ypos=4 left-column right-indent font-largest hanged-line longer-tail line-double-space line-space itemization above-double-space above-line-space
B-Body	Verbs in LFG have an a-structure that expresses	page=3 xpos=0 ypos=4 left-column left-indent indented-line longer-tail line-double-space line-space headchar-capital
I-Body	their valence. The arguments of each verb are or-	page=3 xpos=0 ypos=4 left-column full-justified hanged-line headchar-lower tailchar-hiphen
I-Body	dered according to the hierarchy in (17) and an-	page=3 xpos=0 ypos=4 left-column full-justified aligned-line headchar-lower tailchar-hiphen
I-Body	notated with −o, −r, +o, +r. General LMT prin-	page=3 xpos=0 ypos=4 left-column full-justified font-larger aligned-line headchar-lower tailchar-hiphen
I-Body	ciples determine how the arguments are mapped	page=3 xpos=0 ypos=5 left-column full-justified aligned-line headchar-lower
I-Body	onto GF s. The initial role is mapped onto SUBJ	page=3 xpos=0 ypos=5 left-column full-justified aligned-line headchar-lower
I-Body	if classified with [−o]. Otherwise, the leftmost	page=3 xpos=0 ypos=5 left-column full-justified aligned-line headchar-lower
I-Body	role classified [−r] is mapped onto SUBJ . Other	page=3 xpos=0 ypos=5 left-column full-justified aligned-line headchar-lower
I-Body	roles are mapped onto the lowest compatible GF	page=3 xpos=0 ypos=5 left-column full-justified aligned-line headchar-lower
I-Body	according to the hierarchy in (19). There are two	page=3 xpos=0 ypos=6 left-column full-justified aligned-line headchar-lower
I-Body	other constraints: Every verb must have a SUBJ	page=3 xpos=0 ypos=6 left-column full-justified aligned-line headchar-lower
I-Body	and each role must be associated with a unique	page=3 xpos=0 ypos=6 left-column full-justified aligned-line headchar-lower
E-Body	function, and conversely.	page=3 xpos=0 ypos=6 left-column right-indent aligned-line shorter-tail headchar-lower tailchar-period
B-Body	Bresnan (2001) argues that LMT allows for nat-	page=3 xpos=0 ypos=6 left-column left-indent indented-line longer-tail year headchar-capital tailchar-hiphen
I-Body	ural treatment of passives, ditransitives and other	page=3 xpos=0 ypos=6 left-column full-justified hanged-line headchar-lower
I-Body	constructions which have been handled by lexical	page=3 xpos=0 ypos=7 left-column full-justified aligned-line headchar-lower
E-Body	rules in earlier versions of LFG.	page=3 xpos=0 ypos=7 left-column right-indent aligned-line shorter-tail headchar-lower tailchar-period
B-Body	We use the information provided by f-	page=3 xpos=0 ypos=7 left-column left-indent indented-line longer-tail headchar-capital tailchar-hiphen
I-Body	structures, i-structures, c-structures and a-	page=3 xpos=0 ypos=7 left-column full-justified hanged-line headchar-lower tailchar-hiphen
I-Body	structures to create a dependency-based represen-	page=3 xpos=0 ypos=7 left-column full-justified aligned-line headchar-lower tailchar-hiphen
I-Body	tation of parsed sentences (a tectogrammatical	page=3 xpos=0 ypos=8 left-column full-justified aligned-line headchar-lower
I-Body	tree in the terminology of Sgall et al. (1986)). The	page=3 xpos=0 ypos=8 left-column full-justified aligned-line year headchar-lower
I-Body	main reason is that we already have a module that	page=3 xpos=0 ypos=8 left-column full-justified aligned-line headchar-lower
I-Body	generates English and Spanish sentences from	page=3 xpos=0 ypos=8 left-column full-justified aligned-line headchar-lower
E-Body	(tectogrammatical) syntax trees.	page=3 xpos=0 ypos=8 left-column right-indent aligned-line shorter-tail tailchar-period
B-Body	In the following, we will use the term	page=3 xpos=0 ypos=8 left-column left-indent indented-line longer-tail headchar-capital
I-Body	d(ependency)-structure to refer to dependency	page=3 xpos=0 ypos=9 left-column full-justified hanged-line headchar-lower
I-Body	trees induced by LFG structures. Table 1 gives	page=3 xpos=0 ypos=9 left-column full-justified aligned-line headchar-lower column-bottom
I-Body	a brief overview of which information at different	page=3 xpos=5 ypos=0 right-column full-justified column-top itemization headchar-lower
I-Body	levels of linguistic representation in LFG is used	page=3 xpos=5 ypos=0 right-column full-justified aligned-line headchar-lower
E-Body	in d-structures.	page=3 xpos=5 ypos=0 right-column right-indent aligned-line shorter-tail headchar-lower tailchar-period above-double-space above-line-space
Table	__Table 1__	page=3 xpos=5 ypos=0 right-column centered left-indent right-indent box indented-line longer-tail line-double-space line-space table-area above-double-space above-line-space
B-Caption	Table 1: Information provided by LFG layers to	page=3 xpos=5 ypos=1 right-column full-justified hanged-line line-double-space line-space string-table headchar-capital
E-Caption	d-structures	page=3 xpos=5 ypos=1 right-column right-indent aligned-line shorter-tail headchar-lower above-double-space above-line-space
B-Body	The skeleton of a d-structure is provided by	page=3 xpos=5 ypos=2 right-column left-indent indented-line longer-tail line-double-space line-space headchar-capital
I-Body	the f-structure. According to a generally accepted	page=3 xpos=5 ypos=2 right-column full-justified hanged-line headchar-lower
I-Body	principle of deep syntax (tectogrammatics) only	page=3 xpos=5 ypos=2 right-column full-justified aligned-line headchar-lower
I-Body	autosemantic (content) word are represented by	page=3 xpos=5 ypos=2 right-column full-justified aligned-line headchar-lower
I-Body	nodes in d-structures. In LFG, autosemantic words	page=3 xpos=5 ypos=3 right-column full-justified aligned-line headchar-lower
I-Body	are associated with projections of lexical cate-	page=3 xpos=5 ypos=3 right-column full-justified aligned-line headchar-lower tailchar-hiphen
I-Body	gories, i.e., f-structures with the PRED attribute	page=3 xpos=5 ypos=3 right-column full-justified aligned-line headchar-lower
I-Body	(see (Bresnan, 2001) for a detailed discussion of	page=3 xpos=5 ypos=3 right-column full-justified aligned-line year
I-Body	lexical and functional categories and the so-called	page=3 xpos=5 ypos=3 right-column full-justified aligned-line headchar-lower
I-Body	‘coheads’). Thus a d-structure derived from (20)	page=3 xpos=5 ypos=3 right-column full-justified aligned-line
I-Body	would have three nodes for the words dog, chases	page=3 xpos=5 ypos=4 right-column full-justified aligned-line headchar-lower
E-Body	and cat.	page=3 xpos=5 ypos=4 right-column right-indent aligned-line shorter-tail headchar-lower tailchar-period above-double-space above-line-space
B-Figure	(20)  PRED ‘chaseh(↑SUBJ)(↑OBJ)i’ 	page=3 xpos=5 ypos=4 right-column right-indent aligned-line longer-tail line-double-space line-space itemization
I-Figure	 TENSE PRES 	page=3 xpos=5 ypos=4 right-column left-indent right-indent font-smaller indented-line
I-Figure		page=3 xpos=5 ypos=4 right-column left-indent right-indent font-smallest aligned-line shorter-tail
I-Figure	<sup></sup> PRED ‘dog’  <sup></sup>  <sub></sub>	page=3 xpos=6 ypos=4 right-column left-indent right-indent font-largest indented-line longer-tail headchar-super
I-Figure		page=3 xpos=5 ypos=4 right-column left-indent right-indent font-smallest hanged-line shorter-tail
I-Figure		page=3 xpos=5 ypos=5 right-column left-indent right-indent font-smallest aligned-line
I-Figure	 SUBJ <sub></sub> SPEC h DEF + i    <sub></sub> <sub></sub>	page=3 xpos=5 ypos=5 right-column left-indent right-indent font-largest aligned-line longer-tail
I-Figure		page=3 xpos=5 ypos=5 right-column left-indent right-indent font-smallest aligned-line shorter-tail
I-Figure		page=3 xpos=5 ypos=5 right-column left-indent right-indent font-smallest aligned-line
I-Figure		page=3 xpos=5 ypos=5 right-column left-indent right-indent font-smallest aligned-line
I-Figure		page=3 xpos=5 ypos=5 right-column left-indent right-indent font-smallest aligned-line
I-Figure	 <sup></sup> PRED ‘cat’  <sup></sup> <sub></sub>	page=3 xpos=5 ypos=5 right-column left-indent right-indent font-largest aligned-line longer-tail
I-Figure		page=3 xpos=5 ypos=5 right-column left-indent right-indent font-smallest aligned-line shorter-tail
E-Figure	 OBJ  SPEC h DEF – i  <sup></sup> 	page=3 xpos=5 ypos=5 right-column left-indent right-indent font-largest aligned-line longer-tail above-double-space above-line-space
B-Body	The edges are labelled with semantic roles. This	page=3 xpos=5 ypos=6 right-column left-indent hanged-line longer-tail line-double-space line-space headchar-capital
I-Body	is possible due to the bi-uniqueness of the map-	page=3 xpos=5 ypos=6 right-column full-justified hanged-line headchar-lower tailchar-hiphen
I-Body	ping between roles and GF s (see above). However,	page=3 xpos=5 ypos=6 right-column full-justified aligned-line headchar-lower tailchar-comma
I-Body	there is one exception: The initial role is assigned	page=3 xpos=5 ypos=6 right-column full-justified aligned-line headchar-lower
I-Body	a special label which we call ‘actor’ ( ACT , which	page=3 xpos=5 ypos=6 right-column full-justified aligned-line itemization headchar-lower
I-Body	is equvalent to what Bresnan (2001) marks θ̂ and	page=3 xpos=5 ypos=6 right-column full-justified aligned-line year headchar-lower
I-Body	calls ‘logical subject’). This partially reflects the	page=3 xpos=5 ypos=7 right-column full-justified aligned-line headchar-lower
I-Body	shifting of actants in tectogrammatics as defined	page=3 xpos=5 ypos=7 right-column full-justified aligned-line headchar-lower
E-Body	by Sgall et al. (1986). <sup>9</sup>	page=3 xpos=5 ypos=7 right-column right-indent font-largest aligned-line shorter-tail year headchar-lower
B-Body	So far, we have an unordered tree (f-structures	page=3 xpos=5 ypos=7 right-column left-indent indented-line longer-tail headchar-capital
I-Body	are unordered by definition). <sup>10</sup> We define an or-	page=3 xpos=5 ypos=7 right-column full-justified font-largest hanged-line headchar-lower tailchar-hiphen
I-Body	dering based on information structure, as proposed	page=3 xpos=5 ypos=8 right-column full-justified aligned-line headchar-lower above-double-space above-line-space
B-Footnote	<sup>9</sup> The edge labels are theory specific and somewhat arbi-	page=3 xpos=5 ypos=8 right-column left-indent indented-line line-double-space line-space headchar-super tailchar-hiphen
I-Footnote	trary. For example, Butt et al. (1999) distinguish between ‘se-	page=3 xpos=5 ypos=8 right-column full-justified font-smallest hanged-line year headchar-lower tailchar-hiphen
I-Footnote	mantic’ and ‘non-semantic’ prepositions. As a consequence,	page=3 xpos=5 ypos=8 right-column full-justified font-smallest aligned-line headchar-lower tailchar-comma
I-Footnote	the complement in He relies on the book is an OBJ and there-	page=3 xpos=5 ypos=8 right-column full-justified font-smallest aligned-line headchar-lower tailchar-hiphen
I-Footnote	fore PAT in the corresponding d-structure although on the	page=3 xpos=5 ypos=8 right-column full-justified font-smallest aligned-line headchar-lower
I-Footnote	book is not a direct object in the traditional dependency gram-	page=3 xpos=5 ypos=9 right-column full-justified font-smallest aligned-line headchar-lower tailchar-hiphen
I-Footnote	mar.	page=3 xpos=5 ypos=9 right-column right-indent font-smallest aligned-line shorter-tail headchar-lower tailchar-period
B-Footnote	<sup>10</sup> Generally, the skeleton rendered by f-structures may	page=3 xpos=5 ypos=9 right-column left-indent indented-line longer-tail headchar-super
I-Footnote	contain a cycle, i.e., a node with more than one mother nodes.	page=3 xpos=5 ypos=9 right-column full-justified font-smallest hanged-line headchar-lower tailchar-period column-bottom above-blank-line above-double-space above-line-space
Page	565	page=3 xpos=4 ypos=9 single-column centered left-indent right-indent column-top line-blank-line line-double-space line-space numeric-only page-bottom
I-Body	for deep syntax by Sgall et al. (1986). Thus we	page=4 xpos=0 ypos=0 left-column full-justified page-top year headchar-lower
I-Body	use the i-structure to define a partial ordering on	page=4 xpos=0 ypos=0 left-column full-justified aligned-line headchar-lower
I-Body	the nodes of the d-structure ( TOP ≺ ‘discourse-	page=4 xpos=0 ypos=0 left-column full-justified font-larger aligned-line headchar-lower tailchar-hiphen
I-Body	unspecified’ ≺ FOC ). The nodes in each of the	page=4 xpos=0 ypos=0 left-column full-justified font-larger aligned-line headchar-lower
I-Body	three topic-focus domains are ordered according	page=4 xpos=0 ypos=0 left-column full-justified aligned-line headchar-lower
I-Body	to their original ordering in the sentence (which is	page=4 xpos=0 ypos=0 left-column full-justified aligned-line headchar-lower
E-Body	captured by c-structures). <sup>11</sup>	page=4 xpos=0 ypos=1 left-column right-indent font-largest aligned-line shorter-tail headchar-lower
B-Equation	The resulting d-structure is given in (21). <sup>12</sup>	page=4 xpos=0 ypos=1 left-column left-indent right-indent font-largest indented-line longer-tail headchar-capital above-double-space above-line-space
B-Figure	(21)	page=4 xpos=0 ypos=1 left-column right-indent hanged-line shorter-tail line-double-space line-space
I-Figure	•	page=4 xpos=2 ypos=1 left-column left-indent right-indent font-smallest indented-line longer-tail above-line-space
I-Figure	ACT PAT	page=4 xpos=1 ypos=1 left-column left-indent right-indent font-smallest hanged-line longer-tail line-space headchar-capital above-double-space above-line-space
I-Figure	• •	page=4 xpos=1 ypos=2 left-column left-indent right-indent font-smallest hanged-line longer-tail line-double-space line-space itemization above-blank-line above-double-space above-line-space
E-Figure	dog chases cat	page=4 xpos=1 ypos=2 left-column left-indent right-indent font-smallest hanged-line longer-tail line-blank-line line-double-space line-space headchar-lower above-blank-line above-double-space above-line-space
B-Body	Let us briefly point out some properties of d-	page=4 xpos=0 ypos=3 left-column left-indent hanged-line longer-tail line-blank-line line-double-space line-space headchar-capital tailchar-hiphen
I-Body	structures as defined above. Most of them di-	page=4 xpos=0 ypos=3 left-column full-justified hanged-line headchar-lower tailchar-hiphen
I-Body	rectly correspond to properties of deep syntax (tec-	page=4 xpos=0 ypos=3 left-column full-justified aligned-line headchar-lower tailchar-hiphen
E-Body	togrammatical) trees.	page=4 xpos=0 ypos=3 left-column right-indent aligned-line shorter-tail headchar-lower tailchar-period above-double-space above-line-space
B-Listitem	1. There is a bi-unique mapping between d-	page=4 xpos=0 ypos=3 left-column left-indent indented-line longer-tail line-double-space line-space itemization tailchar-hiphen
I-Listitem	structure nodes and autosemantic (content)	page=4 xpos=0 ypos=4 left-column left-indent indented-line headchar-lower
I-Listitem	words. Synsemantic (auxiliary/function)	page=4 xpos=0 ypos=4 left-column left-indent aligned-line headchar-lower
I-Listitem	words are represented as attributes of nodes.	page=4 xpos=0 ypos=4 left-column left-indent aligned-line headchar-lower tailchar-period
I-Listitem	This is a direct consequence of LFG ‘co-	page=4 xpos=0 ypos=4 left-column left-indent aligned-line headchar-capital tailchar-hiphen
I-Listitem	heads’.	page=4 xpos=0 ypos=4 left-column left-indent right-indent aligned-line shorter-tail headchar-lower tailchar-period above-double-space above-line-space
B-Listitem	2. ‘Dropped’ words (e.g., subject and/or object	page=4 xpos=0 ypos=5 left-column left-indent hanged-line longer-tail line-double-space line-space itemization
I-Listitem	pronouns in so-called pro-drop languages)	page=4 xpos=0 ypos=5 left-column left-indent indented-line headchar-lower
I-Listitem	are re-established in d-structures as a conse-	page=4 xpos=0 ypos=5 left-column left-indent aligned-line headchar-lower tailchar-hiphen
I-Listitem	quence of the LFG Principle of Completeness	page=4 xpos=0 ypos=5 left-column left-indent aligned-line headchar-lower
I-Listitem	since PRED attributes are instantiated in the	page=4 xpos=0 ypos=5 left-column left-indent aligned-line headchar-lower
I-Listitem	lexicon if needed (cf. (Bresnan, 2001)).	page=4 xpos=0 ypos=6 left-column left-indent right-indent aligned-line shorter-tail year headchar-lower tailchar-period above-double-space above-line-space
B-Listitem	3. Edge labels in d-structures reflect semantic	page=4 xpos=0 ypos=6 left-column left-indent hanged-line longer-tail line-double-space line-space itemization
I-Listitem	relations rather the GF s which are more lan-	page=4 xpos=0 ypos=6 left-column left-indent indented-line headchar-lower tailchar-hiphen
I-Listitem	guage specific.	page=4 xpos=0 ypos=6 left-column left-indent right-indent aligned-line shorter-tail headchar-lower tailchar-period above-double-space above-line-space
B-Listitem	4. The ordering of d-structure nodes is partially	page=4 xpos=0 ypos=7 left-column left-indent hanged-line longer-tail line-double-space line-space itemization
I-Listitem	determined by topic-focus articulation.	page=4 xpos=0 ypos=7 left-column left-indent right-indent indented-line shorter-tail headchar-lower tailchar-period above-double-space above-line-space
B-Footnote	This is how LFG handles coreferences, such as in the sen-	page=4 xpos=0 ypos=7 left-column full-justified font-smallest hanged-line longer-tail line-double-space line-space headchar-capital tailchar-hiphen
I-Footnote	tence I want to go home where the complement clause is an	page=4 xpos=0 ypos=7 left-column full-justified font-smallest aligned-line headchar-lower
I-Footnote	open complement ( XCOMP ) in the f-structure of ‘want’ and	page=4 xpos=0 ypos=7 left-column full-justified font-smallest aligned-line headchar-lower
I-Footnote	(↑ SUBJ) = (↑ XCOMP SUBJ). To obtain a well-formed	page=4 xpos=0 ypos=7 left-column full-justified font-smallest aligned-line
I-Footnote	tree, we reflect the path of length 1 in the f-structure as an	page=4 xpos=0 ypos=8 left-column full-justified font-smallest aligned-line headchar-lower
I-Footnote	edge and the remaining (conflicting) functional paths as co-	page=4 xpos=0 ypos=8 left-column full-justified font-smallest aligned-line headchar-lower tailchar-hiphen
I-Footnote	references.	page=4 xpos=0 ypos=8 left-column right-indent font-smallest aligned-line shorter-tail headchar-lower tailchar-period
B-Footnote	<sup>11</sup> In free word-order languages, NPs and PPs usually have	page=4 xpos=0 ypos=8 left-column left-indent indented-line longer-tail headchar-super
I-Footnote	more rigid word order than clause arguments and adjuncts,	page=4 xpos=0 ypos=8 left-column full-justified font-smallest hanged-line headchar-lower tailchar-comma
I-Footnote	thus in an MT system, the module for syntactic synthesis of	page=4 xpos=0 ypos=8 left-column full-justified font-smallest aligned-line headchar-lower
I-Footnote	the target language would reorder the d-structure according	page=4 xpos=0 ypos=8 left-column full-justified font-smallest aligned-line headchar-lower
I-Footnote	to language specific word-order rules.	page=4 xpos=0 ypos=9 left-column right-indent font-smallest aligned-line shorter-tail headchar-lower tailchar-period
B-Footnote	<sup>12</sup> The attributes associated with nodes can be obtained	page=4 xpos=0 ypos=9 left-column left-indent indented-line longer-tail headchar-super
I-Footnote	from corresponding f-structures (in LFG, all lingustic levels	page=4 xpos=0 ypos=9 left-column full-justified font-smallest hanged-line headchar-lower
I-Footnote	are interlinked).	page=4 xpos=0 ypos=9 left-column right-indent font-smallest aligned-line shorter-tail headchar-lower tailchar-period column-bottom
B-Body	However, there are several differences. For	page=4 xpos=5 ypos=0 right-column left-indent column-top headchar-capital
I-Body	example, d-structures can be non-projective (tec-	page=4 xpos=5 ypos=0 right-column full-justified hanged-line headchar-lower tailchar-hiphen
I-Body	togrammatical trees are projective by defini-	page=4 xpos=5 ypos=0 right-column full-justified aligned-line headchar-lower tailchar-hiphen
I-Body	tion (Sgall et al., 1986)) which is a direct con-	page=4 xpos=5 ypos=0 right-column full-justified aligned-line year headchar-lower tailchar-hiphen
I-Body	sequence of how long-distance dependencies are	page=4 xpos=5 ypos=0 right-column full-justified aligned-line headchar-lower
I-Body	represented in f-structures. Furthermore, one word	page=4 xpos=5 ypos=0 right-column full-justified aligned-line headchar-lower
I-Body	can be represented by more than one d-structure	page=4 xpos=5 ypos=1 right-column full-justified aligned-line headchar-lower
E-Body	nodes (such as in languages with incorporation).	page=4 xpos=5 ypos=1 right-column right-indent aligned-line shorter-tail headchar-lower tailchar-period
B-Body	Butt et al. (1999) give a detailed description of	page=4 xpos=5 ypos=1 right-column left-indent indented-line longer-tail year headchar-capital
I-Body	the process of parallel grammar development. In	page=4 xpos=5 ypos=1 right-column full-justified hanged-line headchar-lower
I-Body	our approach, the correspondence between orig-	page=4 xpos=5 ypos=1 right-column full-justified aligned-line headchar-lower tailchar-hiphen
I-Body	inal LFG structures and d-structures poses some	page=4 xpos=5 ypos=2 right-column full-justified aligned-line headchar-lower
I-Body	(mostly technical) limitations on grammar writers.	page=4 xpos=5 ypos=2 right-column full-justified aligned-line tailchar-period
I-Body	For example, f-structures of synsemantic words	page=4 xpos=5 ypos=2 right-column full-justified aligned-line headchar-capital
I-Body	(functional categories) must be ‘coheads’ of their	page=4 xpos=5 ypos=2 right-column full-justified aligned-line
I-Body	functional categories (however, this is a general re-	page=4 xpos=5 ypos=2 right-column full-justified aligned-line headchar-lower tailchar-hiphen
I-Body	quirement in modern LFG according to Bresnan	page=4 xpos=5 ypos=2 right-column full-justified aligned-line headchar-lower
I-Body	(2001)). Also, GF s must conform to the strict con-	page=4 xpos=5 ypos=3 right-column full-justified aligned-line year tailchar-hiphen
E-Body	straints imposed by LMT.	page=4 xpos=5 ypos=3 right-column right-indent aligned-line shorter-tail headchar-lower tailchar-period
B-Body	Table 2 show how many c-structures, f-	page=4 xpos=5 ypos=3 right-column left-indent indented-line longer-tail string-table headchar-capital tailchar-hiphen
I-Body	structures and d-structures are identical (two d-	page=4 xpos=5 ypos=3 right-column full-justified hanged-line headchar-lower tailchar-hiphen
I-Body	structures are identical if they have the same struc-	page=4 xpos=5 ypos=3 right-column full-justified aligned-line headchar-lower tailchar-hiphen
I-Body	ture and edge labels) in a parallel Aymara-Spanish	page=4 xpos=5 ypos=4 right-column full-justified aligned-line headchar-lower
E-Body	corpus of 1,000 sentences.	page=4 xpos=5 ypos=4 right-column right-indent aligned-line shorter-tail headchar-lower tailchar-period above-double-space above-line-space
Table	__Table 2__	page=4 xpos=5 ypos=4 right-column centered left-indent right-indent box indented-line longer-tail line-double-space line-space table-area above-double-space above-line-space
B-Caption	Table 2: Identical c-, f- and d-structures in a paral-	page=4 xpos=5 ypos=5 right-column full-justified hanged-line longer-tail line-double-space line-space string-table headchar-capital tailchar-hiphen
E-Caption	lel corpus	page=4 xpos=5 ypos=5 right-column right-indent aligned-line shorter-tail headchar-lower above-blank-line above-double-space above-line-space
B-SectionHeader	4 Machine Translation	page=4 xpos=5 ypos=6 right-column right-indent font-largest aligned-line longer-tail line-blank-line line-double-space line-space numbered-heading1 above-double-space above-line-space
B-Body	In this section, we briefly present the results of an	page=4 xpos=5 ypos=6 right-column full-justified aligned-line longer-tail line-double-space line-space headchar-capital
I-Body	MT experiment from Aymara into Spanish and En-	page=4 xpos=5 ypos=6 right-column full-justified aligned-line headchar-capital tailchar-hiphen
I-Body	glish. All modules of the system were developed	page=4 xpos=5 ypos=6 right-column full-justified aligned-line headchar-lower
E-Body	in SWI Prolog (Wielemaker, 2003).	page=4 xpos=5 ypos=6 right-column right-indent aligned-line shorter-tail year headchar-lower tailchar-period
B-Body	It is obvious (cf. Section 2) the there are very	page=4 xpos=5 ypos=7 right-column left-indent indented-line longer-tail headchar-capital
I-Body	few structural similarities between Aymara and	page=4 xpos=5 ypos=7 right-column full-justified hanged-line headchar-lower
I-Body	Spanish or English, thus a ‘direct’ or ‘shallow’	page=4 xpos=5 ypos=7 right-column full-justified aligned-line headchar-capital
I-Body	approach to MT, as proposed by Dyvik (1995),	page=4 xpos=5 ypos=7 right-column full-justified aligned-line year headchar-lower tailchar-comma
I-Body	would not lead to quality translation. As has been	page=4 xpos=5 ypos=7 right-column full-justified aligned-line headchar-lower
I-Body	said above, we have developed an LFG grammar	page=4 xpos=5 ypos=8 right-column full-justified aligned-line headchar-lower
I-Body	for Aymara. Kaplan and Wedekind (2000) have	page=4 xpos=5 ypos=8 right-column full-justified aligned-line year headchar-lower
I-Body	shown that the generation of sentences out of a f-	page=4 xpos=5 ypos=8 right-column full-justified aligned-line headchar-lower tailchar-hiphen
I-Body	structure according to an LFG grammar yields a	page=4 xpos=5 ypos=8 right-column full-justified aligned-line headchar-lower
I-Body	context-free language. However an LFG grammar	page=4 xpos=5 ypos=8 right-column full-justified aligned-line headchar-lower
I-Body	developed for parsing may not be suitable for gen-	page=4 xpos=5 ypos=9 right-column full-justified aligned-line headchar-lower tailchar-hiphen
I-Body	eration (due to overgeneration). That is why we	page=4 xpos=5 ypos=9 right-column full-justified aligned-line headchar-lower
E-Body	use d-structures as defined in Section 3.	page=4 xpos=5 ypos=9 right-column right-indent aligned-line shorter-tail headchar-lower tailchar-period column-bottom above-blank-line above-double-space above-line-space
Page	566	page=4 xpos=4 ypos=9 single-column centered left-indent right-indent column-top line-blank-line line-double-space line-space numeric-only page-bottom
Table	__Table 3__	page=5 xpos=0 ypos=-1 left-column left-indent right-indent box page-top table-area above-double-space above-line-space
B-Caption	Table 3: Evaluation of MT into Spanish and En-	page=5 xpos=0 ypos=1 left-column full-justified hanged-line longer-tail line-double-space line-space string-table headchar-capital tailchar-hiphen
E-Caption	glish	page=5 xpos=0 ypos=1 left-column right-indent aligned-line shorter-tail headchar-lower above-double-space above-line-space
B-Body	While the error rate is not low, it is acceptable	page=5 xpos=0 ypos=1 left-column left-indent indented-line longer-tail line-double-space line-space headchar-capital
I-Body	given the fact that the source language is struc-	page=5 xpos=0 ypos=1 left-column full-justified hanged-line headchar-lower tailchar-hiphen
I-Body	turally very different from the target language.	page=5 xpos=0 ypos=1 left-column full-justified aligned-line headchar-lower tailchar-period
I-Body	Most translation errors can be tracked to diverg-	page=5 xpos=0 ypos=2 left-column full-justified aligned-line headchar-capital tailchar-hiphen
E-Body	ing valency of verbs in both languages.	page=5 xpos=0 ypos=2 left-column right-indent aligned-line shorter-tail headchar-lower tailchar-period above-double-space above-line-space
B-SectionHeader	5 Conclusions and Further Research	page=5 xpos=0 ypos=2 left-column right-indent font-largest aligned-line longer-tail line-double-space line-space numbered-heading1 above-double-space above-line-space
B-Body	We have presented a formal grammar for Aymara	page=5 xpos=0 ypos=2 left-column full-justified aligned-line longer-tail line-double-space line-space headchar-capital
I-Body	and pointed out some interesting properties of the	page=5 xpos=0 ypos=3 left-column full-justified aligned-line headchar-lower
I-Body	language and how they can be dealt with in the	page=5 xpos=0 ypos=3 left-column full-justified aligned-line headchar-lower
E-Body	LFG framework.	page=5 xpos=0 ypos=3 left-column right-indent aligned-line shorter-tail headchar-capital tailchar-period
B-Body	As can be seen, the LFG framework can be eas-	page=5 xpos=0 ypos=3 left-column left-indent indented-line longer-tail headchar-capital tailchar-hiphen
I-Body	ily used to develop formal grammars of polysyn-	page=5 xpos=0 ypos=3 left-column full-justified hanged-line headchar-lower tailchar-hiphen
I-Body	thetic languages such as Aymara. While the rules	page=5 xpos=0 ypos=4 left-column full-justified aligned-line headchar-lower
I-Body	we have developed cover a large part of the Ay-	page=5 xpos=0 ypos=4 left-column full-justified aligned-line headchar-lower tailchar-hiphen
I-Body	mara syntax, the lexicon we have now needs to be	page=5 xpos=0 ypos=4 left-column full-justified aligned-line headchar-lower
I-Body	expaned. Currently, we are focusing on refining	page=5 xpos=0 ypos=4 left-column full-justified aligned-line headchar-lower
E-Body	sublexical rules.	page=5 xpos=0 ypos=4 left-column right-indent aligned-line shorter-tail headchar-lower tailchar-period
B-Body	We have chosen LFG for our grammar because	page=5 xpos=0 ypos=4 left-column left-indent indented-line longer-tail headchar-capital
I-Body	it has a solid formal foundation while provid-	page=5 xpos=0 ypos=5 left-column full-justified hanged-line headchar-lower tailchar-hiphen
I-Body	ing grammars that can be used directly in NLP.	page=5 xpos=0 ypos=5 left-column full-justified aligned-line headchar-lower tailchar-period
I-Body	However, we are developing the grammar for use	page=5 xpos=0 ypos=5 left-column full-justified aligned-line headchar-capital
I-Body	in MT and LFG’s f-structures are still relatively	page=5 xpos=0 ypos=5 left-column full-justified aligned-line headchar-lower
I-Body	language-specific. To overcome this limitation,	page=5 xpos=0 ypos=5 left-column full-justified aligned-line headchar-lower tailchar-comma
I-Body	we have developed a fully automatic procedure	page=5 xpos=0 ypos=6 left-column full-justified aligned-line headchar-lower
I-Body	which induces d(ependency)-structures (deep syn-	page=5 xpos=0 ypos=6 left-column full-justified aligned-line headchar-lower tailchar-hiphen
I-Body	tax trees) that are at a higher level of abstraction.	page=5 xpos=0 ypos=6 left-column full-justified aligned-line headchar-lower tailchar-period
I-Body	Our d-structures are not only more suitable for	page=5 xpos=0 ypos=6 left-column full-justified aligned-line headchar-capital
I-Body	cross-lingual NLP tasks such as MT but they also	page=5 xpos=0 ypos=6 left-column full-justified aligned-line headchar-lower
I-Body	disclose that LFG is, in its core, a dependency-	page=5 xpos=0 ypos=7 left-column full-justified aligned-line headchar-lower tailchar-hiphen
E-Body	based formalism.	page=5 xpos=0 ypos=7 left-column right-indent aligned-line shorter-tail headchar-lower tailchar-period above-blank-line above-double-space above-line-space
ReferenceHeader	References	page=5 xpos=0 ypos=7 left-column right-indent font-largest aligned-line shorter-tail line-blank-line line-double-space line-space string-reference headchar-capital above-double-space above-line-space
B-Reference	Willem Adelaar and Pieter Muysken. 2007. The Lan-	page=5 xpos=0 ypos=7 left-column full-justified font-smallest aligned-line longer-tail line-double-space line-space year headchar-capital tailchar-hiphen
I-Reference	guages of the Andes. Cambridge University Press.	page=5 xpos=0 ypos=8 left-column left-indent right-indent font-smallest indented-line shorter-tail headchar-lower tailchar-period above-double-space above-line-space
B-Reference	Kenneth R. Beesley. 2006. Finite-state Morpholog-	page=5 xpos=0 ypos=8 left-column full-justified font-smallest hanged-line longer-tail line-double-space line-space year headchar-capital tailchar-hiphen
I-Reference	ical Analysis and Generation for Aymara. In Pro-	page=5 xpos=0 ypos=8 left-column left-indent font-smallest indented-line headchar-lower tailchar-hiphen
I-Reference	ceedings of the Global Symposium on Promoting the	page=5 xpos=0 ypos=8 left-column left-indent font-smallest aligned-line headchar-lower
I-Reference	Multilingual Internet.	page=5 xpos=0 ypos=8 left-column left-indent right-indent font-smallest aligned-line shorter-tail headchar-capital tailchar-period above-double-space above-line-space
B-Reference	Joan Bresnan. 2001. Lexical-Functional Syntax.	page=5 xpos=0 ypos=9 left-column full-justified font-smallest hanged-line longer-tail line-double-space line-space year headchar-capital tailchar-period
I-Reference	Blackwell Textbooks in Linguistics, New York.	page=5 xpos=0 ypos=9 left-column left-indent right-indent font-smallest indented-line shorter-tail headchar-capital tailchar-period column-bottom
B-Reference	Lucy Therina Briggs. 1976. Dialectal Variation in the	page=5 xpos=5 ypos=0 right-column full-justified font-smallest column-top year headchar-capital
I-Reference	Aymara Language of Bolivia and Peru. Ph.D. thesis,	page=5 xpos=5 ypos=0 right-column left-indent font-smallest indented-line headchar-capital tailchar-comma
I-Reference	University of Florida.	page=5 xpos=5 ypos=0 right-column left-indent right-indent font-smallest aligned-line shorter-tail headchar-capital tailchar-period above-double-space above-line-space
B-Reference	Miriam Butt, Tracy Holloway King, María-Eugenia	page=5 xpos=5 ypos=0 right-column full-justified font-smallest hanged-line longer-tail line-double-space line-space headchar-capital
I-Reference	Niño, and Frédérique Segond. 1999. A Grammar	page=5 xpos=5 ypos=0 right-column left-indent font-smallest indented-line year headchar-capital
I-Reference	Writer’s Cookbook. CSLI Publications.	page=5 xpos=5 ypos=0 right-column left-indent right-indent font-smallest aligned-line shorter-tail headchar-capital tailchar-period above-double-space above-line-space
B-Reference	R. Cerrón-Palomino and J. Carvajal Carvajal. 2009.	page=5 xpos=5 ypos=1 right-column full-justified font-smallest hanged-line longer-tail line-double-space line-space year headchar-capital tailchar-period
I-Reference	Aimara. In M. Crevels and P. Muysken, editors,	page=5 xpos=5 ypos=1 right-column left-indent font-smallest indented-line headchar-capital tailchar-comma
I-Reference	Lenguas de Bolivia. Plural Editores, La Paz, Bolivia.	page=5 xpos=5 ypos=1 right-column left-indent font-smallest aligned-line headchar-capital tailchar-period above-double-space above-line-space
B-Reference	Helge Dyvik. 1995. Exploiting Structural Similarities	page=5 xpos=5 ypos=1 right-column full-justified font-smallest hanged-line line-double-space line-space year headchar-capital
I-Reference	in Machine Translation. Computers and Humani-	page=5 xpos=5 ypos=1 right-column left-indent font-smallest indented-line headchar-lower tailchar-hiphen
I-Reference	ties, 28:225–245.	page=5 xpos=5 ypos=2 right-column left-indent right-indent font-smallest aligned-line shorter-tail headchar-lower tailchar-period above-double-space above-line-space
B-Reference	Berthold Forssman. 2001. Lettische Grammatik. Ver-	page=5 xpos=5 ypos=2 right-column full-justified font-smallest hanged-line longer-tail line-double-space line-space year headchar-capital tailchar-hiphen
I-Reference	lag J.H. Roell, Dettelbach.	page=5 xpos=5 ypos=2 right-column left-indent right-indent font-smallest indented-line shorter-tail headchar-lower tailchar-period above-double-space above-line-space
B-Reference	Martha Hardman, J. Vásquez, and J. Yapita de Dios.	page=5 xpos=5 ypos=2 right-column full-justified font-smallest hanged-line longer-tail line-double-space line-space headchar-capital tailchar-period
I-Reference	2001. Aymara. Compendio de estructura fonológica	page=5 xpos=5 ypos=2 right-column left-indent font-smallest indented-line year
I-Reference	y gramatical. Instituto de Lengua y Cultura Aymara.	page=5 xpos=5 ypos=3 right-column left-indent font-smallest aligned-line itemization headchar-lower tailchar-period above-double-space above-line-space
B-Reference	Akira Ishikawa. 1985. Complex Predicates and Lexi-	page=5 xpos=5 ypos=3 right-column full-justified font-smallest hanged-line line-double-space line-space year headchar-capital tailchar-hiphen
I-Reference	cal Operations in Japanese. Ph.D. thesis, Stanford	page=5 xpos=5 ypos=3 right-column left-indent font-smallest indented-line headchar-lower
I-Reference	University.	page=5 xpos=5 ypos=3 right-column left-indent right-indent font-smallest aligned-line shorter-tail headchar-capital tailchar-period above-double-space above-line-space
B-Reference	Ronald M. Kaplan and Joan Bresnan. 1982. Lexical-	page=5 xpos=5 ypos=3 right-column full-justified font-smallest hanged-line longer-tail line-double-space line-space year headchar-capital tailchar-hiphen
I-Reference	Functional Grammar: A formal system for gram-	page=5 xpos=5 ypos=3 right-column left-indent font-smallest indented-line headchar-capital tailchar-hiphen
I-Reference	matical representation. In Joan Bresnan, editor,	page=5 xpos=5 ypos=4 right-column left-indent font-smallest aligned-line headchar-lower tailchar-comma
I-Reference	Mental Representation of Grammatical Relations.	page=5 xpos=5 ypos=4 right-column left-indent font-smallest aligned-line headchar-capital tailchar-period
I-Reference	MIT Press, Cambridge.	page=5 xpos=5 ypos=4 right-column left-indent right-indent font-smallest aligned-line shorter-tail headchar-capital tailchar-period above-double-space above-line-space
B-Reference	Ronald M. Kaplan and Jürgen Wedekind. 2000. LFG	page=5 xpos=5 ypos=4 right-column full-justified font-smallest hanged-line longer-tail line-double-space line-space year headchar-capital
I-Reference	Generation Produces Context-free Languages. In	page=5 xpos=5 ypos=4 right-column left-indent font-smallest indented-line headchar-capital
I-Reference	Proceedings of COLING-2000, Saarbrücken.	page=5 xpos=5 ypos=5 right-column left-indent right-indent font-smallest aligned-line shorter-tail year headchar-capital tailchar-period above-double-space above-line-space
B-Reference	Tracy Holloway King. 1997. Focus Domains and In-	page=5 xpos=5 ypos=5 right-column full-justified font-smallest hanged-line longer-tail line-double-space line-space year headchar-capital tailchar-hiphen
I-Reference	formation Structure. In Miriam Butt and Tracy Hol-	page=5 xpos=5 ypos=5 right-column left-indent font-smallest indented-line headchar-lower tailchar-hiphen
I-Reference	loway King, editors, Proceedings of the LFG Con-	page=5 xpos=5 ypos=5 right-column left-indent font-smallest aligned-line headchar-lower tailchar-hiphen
I-Reference	ference.	page=5 xpos=5 ypos=5 right-column left-indent right-indent font-smallest aligned-line shorter-tail headchar-lower tailchar-period above-double-space above-line-space
B-Reference	Paul R. Kroeger. 2004. Analyzing Syntax. Cambridge	page=5 xpos=5 ypos=6 right-column full-justified font-smallest hanged-line longer-tail line-double-space line-space year headchar-capital
I-Reference	University Press.	page=5 xpos=5 ypos=6 right-column left-indent right-indent font-smallest indented-line shorter-tail headchar-capital tailchar-period above-double-space above-line-space
B-Reference	Petr Sgall, Eva Hajičová, and Jarmila Panevová. 1986.	page=5 xpos=5 ypos=6 right-column full-justified font-smallest hanged-line longer-tail line-double-space line-space year headchar-capital tailchar-period
I-Reference	The Meaning of the Sentence in Its Semantic and	page=5 xpos=5 ypos=6 right-column left-indent font-smallest indented-line headchar-capital
I-Reference	Pragmatic Aspects. D. Reider Publishing Company.	page=5 xpos=5 ypos=6 right-column left-indent font-smallest aligned-line headchar-capital tailchar-period above-double-space above-line-space
B-Reference	Jan Wielemaker. 2003. An overview of the SWI-	page=5 xpos=5 ypos=7 right-column full-justified font-smallest hanged-line line-double-space line-space year headchar-capital tailchar-hiphen
I-Reference	Prolog programming environment. In Fred Mesnard	page=5 xpos=5 ypos=7 right-column left-indent font-smallest indented-line headchar-capital
I-Reference	and Alexander Serebenik, editors, Proceedings of	page=5 xpos=5 ypos=7 right-column left-indent font-smallest aligned-line headchar-lower
I-Reference	the 13th International Workshop on Logic Program-	page=5 xpos=5 ypos=7 right-column left-indent font-smallest aligned-line headchar-lower tailchar-hiphen
I-Reference	ming Environments, pages 1–16, Heverlee, Belgium,	page=5 xpos=5 ypos=7 right-column left-indent font-smallest aligned-line headchar-lower tailchar-comma
I-Reference	december. Katholieke Universiteit Leuven. CW	page=5 xpos=5 ypos=7 right-column left-indent font-smallest aligned-line headchar-lower
I-Reference	371.	page=5 xpos=5 ypos=7 right-column left-indent right-indent font-smallest aligned-line shorter-tail tailchar-period above-double-space above-line-space
B-Reference	Shun Ha Sylvia Wong and Peter Hancox. 1998. An In-	page=5 xpos=5 ypos=8 right-column full-justified font-smallest hanged-line longer-tail line-double-space line-space year headchar-capital tailchar-hiphen
I-Reference	vestigation into the Use of Argument Structure and	page=5 xpos=5 ypos=8 right-column left-indent font-smallest indented-line headchar-lower
I-Reference	Lexical Mapping Theory for Machine Translation.	page=5 xpos=5 ypos=8 right-column left-indent font-smallest aligned-line headchar-capital tailchar-period
I-Reference	In Proceedings of the 12th Pacific Asia Conference	page=5 xpos=5 ypos=8 right-column left-indent font-smallest aligned-line headchar-capital
I-Reference	on Linguistics, Information and Computation, Sin-	page=5 xpos=5 ypos=8 right-column left-indent font-smallest aligned-line headchar-lower tailchar-hiphen
I-Reference	gapore.	page=5 xpos=5 ypos=8 right-column left-indent right-indent font-smallest aligned-line shorter-tail headchar-lower tailchar-period column-bottom above-blank-line above-double-space above-line-space
Page	567	page=5 xpos=4 ypos=9 single-column centered left-indent right-indent column-top line-blank-line line-double-space line-space numeric-only
