Title	SAGAN: A Machine Translation Approach for	page=0 xpos=1 ypos=0 single-column left-indent right-indent font-largest page-top headchar-capital above-line-space
Title	Cross-Lingual Textual Entailment	page=0 xpos=2 ypos=0 single-column centered left-indent right-indent font-largest indented-line shorter-tail line-space headchar-capital above-blank-line above-double-space above-line-space
Author	Julio Castillo <sup>1,2</sup> and Marina Cardenas 2	page=0 xpos=3 ypos=0 single-column centered left-indent right-indent font-largest indented-line shorter-tail line-blank-line line-double-space line-space headchar-capital
B-Affiliation	<sup>1</sup> UNC-FaMAF, Argentina	page=0 xpos=3 ypos=1 single-column centered left-indent right-indent font-largest indented-line shorter-tail headchar-super
I-Affiliation	<sup>2</sup> UTN-FRC, Argentina	page=0 xpos=3 ypos=1 single-column centered left-indent right-indent font-largest indented-line shorter-tail headchar-super
Email	{jotacastillo, ing.marinacardenas}@gmail.com	page=0 xpos=2 ypos=1 single-column centered left-indent right-indent hanged-line longer-tail symbol-atmark column-bottom above-blank-line above-double-space above-line-space
AbstractHeader	Abstract	page=0 xpos=1 ypos=2 left-column centered left-indent right-indent font-larger column-top line-blank-line line-double-space line-space string-abstract headchar-capital above-double-space above-line-space
B-Abstract	This paper describes our participation in the	page=0 xpos=0 ypos=3 left-column centered left-indent right-indent font-smallest hanged-line longer-tail line-double-space line-space headchar-capital
I-Abstract	task denominated Cross-Lingual Textual En-	page=0 xpos=0 ypos=3 left-column centered left-indent right-indent font-smallest aligned-line headchar-lower tailchar-hiphen
I-Abstract	tailment (CLTE) for content synchronization.	page=0 xpos=0 ypos=3 left-column centered left-indent right-indent font-smallest aligned-line headchar-lower tailchar-period
I-Abstract	We represent an approach to CLTE using	page=0 xpos=0 ypos=3 left-column centered left-indent right-indent font-smallest aligned-line headchar-capital
I-Abstract	machine translation to tackle the problem of	page=0 xpos=0 ypos=3 left-column centered left-indent right-indent font-smallest aligned-line headchar-lower
I-Abstract	multilinguality. Our system resides on ma-	page=0 xpos=0 ypos=3 left-column centered left-indent right-indent font-smallest aligned-line headchar-lower tailchar-hiphen
I-Abstract	chine learning and in the use of WordNet as	page=0 xpos=0 ypos=4 left-column centered left-indent right-indent font-smallest aligned-line headchar-lower
I-Abstract	semantic source knowledge. Results are very	page=0 xpos=0 ypos=4 left-column centered left-indent right-indent font-smallest aligned-line headchar-lower
I-Abstract	promising always achieving results above	page=0 xpos=0 ypos=4 left-column centered left-indent right-indent font-smallest aligned-line headchar-lower
I-Abstract	mean score.	page=0 xpos=0 ypos=4 left-column left-indent right-indent font-smallest aligned-line shorter-tail headchar-lower tailchar-period above-double-space above-line-space
B-SectionHeader	1 Introduction	page=0 xpos=0 ypos=4 left-column right-indent font-larger hanged-line longer-tail line-double-space line-space numbered-heading1 above-blank-line above-double-space above-line-space
B-Body	This paper describes the participation of Sagan, a	page=0 xpos=0 ypos=5 left-column full-justified aligned-line longer-tail line-blank-line line-double-space line-space headchar-capital
I-Body	TE and CLTE system, in the new task of Cross	page=0 xpos=0 ypos=5 left-column full-justified aligned-line headchar-capital
I-Body	Lingual Textual Entailment for Content Synchro-	page=0 xpos=0 ypos=5 left-column full-justified aligned-line headchar-capital tailchar-hiphen
E-Body	nization.	page=0 xpos=0 ypos=6 left-column right-indent aligned-line shorter-tail headchar-lower tailchar-period
B-Body	The objective of the Recognizing Textual En-	page=0 xpos=0 ypos=6 left-column left-indent indented-line longer-tail headchar-capital tailchar-hiphen
I-Body	tailment (RTE) task (Dagan et al., 2006) is deter-	page=0 xpos=0 ypos=6 left-column full-justified hanged-line year headchar-lower tailchar-hiphen
I-Body	mining whether the meaning of a text fragment that	page=0 xpos=0 ypos=6 left-column full-justified aligned-line headchar-lower
I-Body	we call hypothesis H can be inferred from another	page=0 xpos=0 ypos=6 left-column full-justified aligned-line headchar-lower
I-Body	text fragment T. In this manner, we say that T en-	page=0 xpos=0 ypos=6 left-column full-justified aligned-line headchar-lower tailchar-hiphen
I-Body	tails H, if a person reading T would infer that H is	page=0 xpos=0 ypos=7 left-column full-justified aligned-line headchar-lower
I-Body	most likely true. Thus, this definition assumes	page=0 xpos=0 ypos=7 left-column full-justified aligned-line headchar-lower
I-Body	common human understanding of language and	page=0 xpos=0 ypos=7 left-column full-justified aligned-line headchar-lower
E-Body	common background knowledge.	page=0 xpos=0 ypos=7 left-column right-indent aligned-line shorter-tail headchar-lower tailchar-period
B-Body	In that context, Cross-Lingual Textual Entail-	page=0 xpos=0 ypos=7 left-column left-indent indented-line longer-tail headchar-capital tailchar-hiphen
I-Body	ment addresses textual entailment recognition in	page=0 xpos=0 ypos=8 left-column full-justified hanged-line headchar-lower
I-Body	the challenging application scenario of content	page=0 xpos=0 ypos=8 left-column full-justified aligned-line headchar-lower
I-Body	synchronization. Thus, CLTE constitutes a gener-	page=0 xpos=0 ypos=8 left-column full-justified aligned-line headchar-lower tailchar-hiphen
I-Body	alization of Textual Entailment task (also Mono-	page=0 xpos=0 ypos=8 left-column full-justified aligned-line headchar-lower tailchar-hiphen
I-Body	lingual Textual Entailment) , but envisioning a	page=0 xpos=0 ypos=8 left-column full-justified aligned-line headchar-lower
I-Body	larger number of application areas in NLP, includ-	page=0 xpos=0 ypos=8 left-column full-justified aligned-line headchar-lower tailchar-hiphen above-blank-line above-double-space above-line-space
Page	721	page=0 xpos=4 ypos=9 left-column left-indent right-over indented-line longer-tail line-blank-line line-double-space line-space numeric-only column-bottom
I-Body	ing question answering, information retrieval, in-	page=0 xpos=5 ypos=2 right-column full-justified column-top headchar-lower tailchar-hiphen
I-Body	formation extraction, and document summariza-	page=0 xpos=5 ypos=2 right-column full-justified aligned-line headchar-lower tailchar-hiphen
E-Body	tion, across different languages.	page=0 xpos=5 ypos=2 right-column right-indent aligned-line shorter-tail headchar-lower tailchar-period
B-Body	Content synchronization could be used to keep	page=0 xpos=5 ypos=3 right-column left-indent indented-line longer-tail headchar-capital
I-Body	consistence among documents written in different	page=0 xpos=5 ypos=3 right-column full-justified hanged-line headchar-lower
I-Body	languages. For example, a CLTE system can be	page=0 xpos=5 ypos=3 right-column full-justified aligned-line headchar-lower
I-Body	used in Wikipedia articles to inform lectors which	page=0 xpos=5 ypos=3 right-column full-justified aligned-line headchar-lower
I-Body	information is absent or inconsistent in comparison	page=0 xpos=5 ypos=3 right-column full-justified aligned-line headchar-lower
E-Body	to other page in a different language.	page=0 xpos=5 ypos=4 right-column right-indent aligned-line shorter-tail headchar-lower tailchar-period
B-Body	This new task has to face more additional issues	page=0 xpos=5 ypos=4 right-column left-indent indented-line longer-tail headchar-capital
I-Body	than monolingual TE. Among them, we emphasize	page=0 xpos=5 ypos=4 right-column full-justified hanged-line headchar-lower
I-Body	the ambiguity, polysemy, and coverage of the re-	page=0 xpos=5 ypos=4 right-column full-justified aligned-line headchar-lower tailchar-hiphen
I-Body	sources. Another additional problem is the necessi-	page=0 xpos=5 ypos=4 right-column full-justified aligned-line headchar-lower tailchar-hiphen
I-Body	ty for semantic inference across languages, and the	page=0 xpos=5 ypos=4 right-column full-justified aligned-line headchar-lower
I-Body	limited availability of multilingual knowledge	page=0 xpos=5 ypos=5 right-column full-justified aligned-line headchar-lower
E-Body	resources.	page=0 xpos=5 ypos=5 right-column right-indent aligned-line shorter-tail headchar-lower tailchar-period
B-Body	The CLTE for content synchronization specifi-	page=0 xpos=5 ypos=5 right-column left-indent indented-line longer-tail headchar-capital tailchar-hiphen
I-Body	cally consist on determining the entailment rela-	page=0 xpos=5 ypos=5 right-column full-justified hanged-line headchar-lower tailchar-hiphen
I-Body	tionship between two text fragment T1 and T2	page=0 xpos=5 ypos=5 right-column full-justified aligned-line headchar-lower
E-Body	which are assumed belong a related topic.	page=0 xpos=5 ypos=6 right-column right-indent aligned-line shorter-tail headchar-lower tailchar-period
B-Body	Four alternatives are possible in this relation-	page=0 xpos=5 ypos=6 right-column left-indent indented-line longer-tail headchar-capital tailchar-hiphen
I-Body	ship:	page=0 xpos=5 ypos=6 right-column right-indent hanged-line shorter-tail headchar-lower tailchar-colon
B-Listitem	- Bidirectional : It is a semantic equivalence be-	page=0 xpos=5 ypos=6 right-column left-indent indented-line longer-tail tailchar-hiphen
I-Listitem	tween T1 and T2.	page=0 xpos=5 ypos=6 right-column right-indent hanged-line shorter-tail headchar-lower tailchar-period
B-Listitem	- Forward : It is an unidirectional entailment	page=0 xpos=5 ypos=6 right-column left-indent indented-line longer-tail
I-Listitem	from T1 to T2.	page=0 xpos=5 ypos=7 right-column right-indent hanged-line shorter-tail headchar-lower tailchar-period
B-Listitem	- Backward: It is an unidirectional entailment	page=0 xpos=5 ypos=7 right-column left-indent indented-line longer-tail
I-Listitem	from T2 to T1.	page=0 xpos=5 ypos=7 right-column right-indent hanged-line shorter-tail headchar-lower tailchar-period
B-Listitem	- No Entailment: It means that there is no en-	page=0 xpos=5 ypos=7 right-column left-indent indented-line longer-tail tailchar-hiphen
I-Listitem	tailment between T1 and T2.	page=0 xpos=5 ypos=7 right-column right-indent hanged-line shorter-tail headchar-lower tailchar-period
B-Body	The paper is organized as follows: Section 2 de-	page=0 xpos=5 ypos=8 right-column left-indent indented-line longer-tail headchar-capital tailchar-hiphen
I-Body	scribes the relevant work done on cross-lingual	page=0 xpos=5 ypos=8 right-column full-justified hanged-line headchar-lower
I-Body	textual entailment and related tasks, Section 3 de-	page=0 xpos=5 ypos=8 right-column full-justified aligned-line headchar-lower tailchar-hiphen
I-Body	scribes the architecture of the system, then Section	page=0 xpos=5 ypos=8 right-column full-justified aligned-line headchar-lower
I-Body	4 shows experiments and results; and finally Sec-	page=0 xpos=5 ypos=8 right-column full-justified aligned-line numbered-heading1 tailchar-hiphen column-bottom above-blank-line above-double-space above-line-space
B-Footer	First Joint Conference on Lexical and Computational Semantics (*SEM), pages 721–726,	page=0 xpos=1 ypos=9 single-column left-indent right-indent font-smallest column-top line-blank-line line-double-space line-space headchar-capital tailchar-comma
I-Footer	Montréal, Canada, June 7-8, 2012.  2012 c Association for Computational Linguistics	page=0 xpos=1 ypos=9 single-column left-indent right-indent font-smallest indented-line shorter-tail year headchar-capital page-bottom
I-Body	tion 5 summarize some conclusions and future	page=1 xpos=0 ypos=0 left-column full-justified page-top headchar-lower
E-Body	work.	page=1 xpos=0 ypos=0 left-column right-indent aligned-line shorter-tail headchar-lower tailchar-period above-double-space above-line-space
B-SectionHeader	2 Related work	page=1 xpos=0 ypos=0 left-column right-indent font-larger aligned-line longer-tail line-double-space line-space numbered-heading1 above-double-space above-line-space
B-Body	In this section we briefly describe two tasks that	page=1 xpos=0 ypos=0 left-column right-indent aligned-line longer-tail line-double-space line-space headchar-capital
E-Body	are closely related to CLTE.	page=1 xpos=0 ypos=1 left-column right-indent aligned-line shorter-tail headchar-lower tailchar-period above-double-space above-line-space
B-SubsectionHeader	2.1 Textual Entailment	page=1 xpos=0 ypos=1 left-column right-indent font-larger aligned-line longer-tail line-double-space line-space numbered-heading2 above-double-space above-line-space
B-Body	The objective of the recognizing textual entail-	page=1 xpos=0 ypos=1 left-column left-indent indented-line longer-tail line-double-space line-space headchar-capital tailchar-hiphen
I-Body	ment (RTE) task (Dagan et al., 2006) is determin-	page=1 xpos=0 ypos=2 left-column full-justified hanged-line year headchar-lower tailchar-hiphen
I-Body	ing whether or not the meaning of a ‘‘hypothesis’’	page=1 xpos=0 ypos=2 left-column full-justified font-largest aligned-line headchar-lower
E-Body	(H) can be inferred from a ‘‘text’’ (T).	page=1 xpos=0 ypos=2 left-column right-indent font-largest aligned-line shorter-tail tailchar-period
B-Body	The two-way RTE task consists of deciding	page=1 xpos=0 ypos=2 left-column left-indent indented-line longer-tail headchar-capital
I-Body	whether: T entails H, in which case the pair will be	page=1 xpos=0 ypos=2 left-column full-justified hanged-line headchar-lower
I-Body	marked as ‘‘Entailment’’, otherwise the pair will	page=1 xpos=0 ypos=2 left-column full-justified font-largest aligned-line headchar-lower
I-Body	be marked as ‘‘No Entailment’’. This definition of	page=1 xpos=0 ypos=3 left-column full-justified font-largest aligned-line headchar-lower
I-Body	entailment is based on (and assumes) average hu-	page=1 xpos=0 ypos=3 left-column full-justified aligned-line headchar-lower tailchar-hiphen
I-Body	man understanding of language as well as average	page=1 xpos=0 ypos=3 left-column full-justified aligned-line headchar-lower
E-Body	background knowledge.	page=1 xpos=0 ypos=3 left-column right-indent aligned-line shorter-tail headchar-lower tailchar-period
B-Body	Recently the RTE4 Challenge has changed to a	page=1 xpos=0 ypos=3 left-column left-indent indented-line longer-tail headchar-capital
I-Body	three-way task (Bentivogli et al, 2009) that consists	page=1 xpos=0 ypos=4 left-column full-justified hanged-line year headchar-lower
I-Body	in distinguishing among ‘‘Entailment’’, ‘‘Contra-	page=1 xpos=0 ypos=4 left-column full-justified font-largest aligned-line headchar-lower tailchar-hiphen
I-Body	diction’’ and ‘‘Unknown’’ when there is no infor-	page=1 xpos=0 ypos=4 left-column full-justified font-largest aligned-line headchar-lower tailchar-hiphen
E-Body	mation to accept or reject the hypothesis.	page=1 xpos=0 ypos=4 left-column right-indent aligned-line shorter-tail headchar-lower tailchar-period
B-Body	The RTE challenge has mutated over the years,	page=1 xpos=0 ypos=4 left-column left-indent indented-line longer-tail headchar-capital tailchar-comma
I-Body	aiming at accomplishing more accurate and specif-	page=1 xpos=0 ypos=5 left-column full-justified hanged-line headchar-lower tailchar-hiphen
I-Body	ic solutions; in 2009 the organizers proposed a	page=1 xpos=0 ypos=5 left-column full-justified aligned-line year headchar-lower
I-Body	pilot task, the Textual Entailment Search	page=1 xpos=0 ypos=5 left-column full-justified aligned-line headchar-lower
I-Body	(Bentivogli et al, 2009), consisting in finding all	page=1 xpos=0 ypos=5 left-column full-justified aligned-line year
I-Body	the sentences in a set of documents that entail a	page=1 xpos=0 ypos=5 left-column full-justified aligned-line headchar-lower
I-Body	given Hypothesis and since 2010 there is a Novelty	page=1 xpos=0 ypos=6 left-column full-justified aligned-line year headchar-lower
I-Body	Detection Task, which means that RTE systems are	page=1 xpos=0 ypos=6 left-column full-justified aligned-line headchar-capital
I-Body	required to judge whether the information con-	page=1 xpos=0 ypos=6 left-column full-justified aligned-line headchar-lower tailchar-hiphen
I-Body	tained in each H is novel with respect to (i.e., not	page=1 xpos=0 ypos=6 left-column full-justified aligned-line headchar-lower
I-Body	entailed by) the information contained in the cor-	page=1 xpos=0 ypos=6 left-column full-justified aligned-line headchar-lower tailchar-hiphen
E-Body	pus.	page=1 xpos=0 ypos=7 left-column right-indent aligned-line shorter-tail headchar-lower tailchar-period
B-Body	Thus, the new CLTE task can be thought as a	page=1 xpos=0 ypos=7 left-column left-indent indented-line longer-tail headchar-capital
I-Body	generalized problem of RTE, which has to face	page=1 xpos=0 ypos=7 left-column full-justified hanged-line headchar-lower
I-Body	new challenges as scarcity of resources to multi-	page=1 xpos=0 ypos=7 left-column full-justified aligned-line headchar-lower tailchar-hiphen
E-Body	lingual scenario, among others issues.	page=1 xpos=0 ypos=7 left-column right-indent aligned-line shorter-tail headchar-lower tailchar-period above-double-space above-line-space
B-SubsectionHeader	2.2 Semantic Textual Similarity	page=1 xpos=0 ypos=8 left-column right-indent font-larger aligned-line longer-tail line-double-space line-space numbered-heading2 above-double-space above-line-space
B-Body	The pilot task STS was recently defined in	page=1 xpos=0 ypos=8 left-column full-justified aligned-line longer-tail line-double-space line-space headchar-capital
I-Body	Semeval 2012 (Aguirre et al., 2012) and has as	page=1 xpos=0 ypos=8 left-column full-justified aligned-line year headchar-capital
I-Body	main objective measuring the degree of semantic	page=1 xpos=0 ypos=8 left-column full-justified aligned-line headchar-lower
I-Body	equivalence between two text fragments. STS is	page=1 xpos=0 ypos=9 left-column full-justified aligned-line headchar-lower
I-Body	related to both Recognizing Textual Entailment	page=1 xpos=0 ypos=9 left-column full-justified aligned-line headchar-lower
I-Body	(RTE) and Paraphrase Recognition, but has the	page=1 xpos=0 ypos=9 left-column full-justified aligned-line above-blank-line above-double-space above-line-space
Page	722	page=1 xpos=4 ypos=9 left-column left-indent right-over indented-line longer-tail line-blank-line line-double-space line-space numeric-only column-bottom
I-Body	advantage of being a more suitable model for mul-	page=1 xpos=5 ypos=0 right-column full-justified column-top headchar-lower tailchar-hiphen
E-Body	tiple NLP applications.	page=1 xpos=5 ypos=0 right-column right-indent aligned-line shorter-tail headchar-lower tailchar-period
B-Body	As mentioned before, the goal of the RTE task	page=1 xpos=5 ypos=0 right-column left-indent indented-line longer-tail headchar-capital
I-Body	(Bentivogli et al, 2009) is determining whether the	page=1 xpos=5 ypos=0 right-column full-justified hanged-line year
I-Body	meaning of a hypothesis H can be inferred from a	page=1 xpos=5 ypos=0 right-column full-justified aligned-line headchar-lower
I-Body	text T. The main difference with STS is that STS	page=1 xpos=5 ypos=0 right-column full-justified aligned-line headchar-lower
I-Body	consists in determining how similar two text frag-	page=1 xpos=5 ypos=1 right-column full-justified aligned-line headchar-lower tailchar-hiphen
I-Body	ments are, in a range from 5 (total semantic	page=1 xpos=5 ypos=1 right-column full-justified aligned-line headchar-lower
I-Body	equivalence) to 0 (no relation). Thus, STS mainly	page=1 xpos=5 ypos=1 right-column full-justified aligned-line headchar-lower
I-Body	differs from TE and Paraphrasing in that the classi-	page=1 xpos=5 ypos=1 right-column full-justified aligned-line headchar-lower tailchar-hiphen
I-Body	fication is graded instead of binary and also STS	page=1 xpos=5 ypos=1 right-column full-justified aligned-line headchar-lower
I-Body	assumes bidirectional equivalence but in TE the	page=1 xpos=5 ypos=2 right-column full-justified aligned-line headchar-lower
I-Body	equivalence is only directional. In this manner,	page=1 xpos=5 ypos=2 right-column full-justified aligned-line headchar-lower tailchar-comma
E-Body	STS is filling the gap between TE and Paraphrase.	page=1 xpos=5 ypos=2 right-column right-indent aligned-line shorter-tail headchar-capital tailchar-period above-double-space above-line-space
B-SubsectionHeader	2.3 Cross-Lingual Textual Entailment	page=1 xpos=5 ypos=2 right-column right-indent font-larger aligned-line shorter-tail line-double-space line-space numbered-heading2 above-double-space above-line-space
B-Body	There are a few previous works on CLTE, the	page=1 xpos=5 ypos=3 right-column left-indent indented-line longer-tail line-double-space line-space headchar-capital
I-Body	first one was the definition of this new task	page=1 xpos=5 ypos=3 right-column full-justified hanged-line headchar-lower
I-Body	(Mehdad et al., 2010). Afterwards, the creation of	page=1 xpos=5 ypos=3 right-column full-justified aligned-line year
I-Body	CLTE corpus by using Mechanical Turk is de-	page=1 xpos=5 ypos=3 right-column full-justified aligned-line headchar-capital tailchar-hiphen
I-Body	scribed on (Negri et al., 2011) and a corpus freely	page=1 xpos=5 ypos=3 right-column full-justified aligned-line year headchar-lower
E-Body	available for CLTE is published (Castillo, 2011).	page=1 xpos=5 ypos=4 right-column right-indent aligned-line shorter-tail year headchar-lower tailchar-period
B-Body	To our knowledge, two approach are proposed	page=1 xpos=5 ypos=4 right-column left-indent indented-line longer-tail headchar-capital
I-Body	to address this new challenging task, one consist of	page=1 xpos=5 ypos=4 right-column full-justified hanged-line headchar-lower
I-Body	using machine translation to move on towards	page=1 xpos=5 ypos=4 right-column full-justified aligned-line headchar-lower
I-Body	monolingual textual entailment scenario and then	page=1 xpos=5 ypos=4 right-column full-justified aligned-line headchar-lower
I-Body	apply classic techniques for RTE (Mehdad et al.,	page=1 xpos=5 ypos=5 right-column full-justified aligned-line headchar-lower tailchar-comma
I-Body	2010; Castillo and Cardenas, 2011), and the other	page=1 xpos=5 ypos=5 right-column full-justified aligned-line year
I-Body	is based on exploit databases of paraphrases	page=1 xpos=5 ypos=5 right-column full-justified aligned-line headchar-lower
I-Body	(Mehdad et al., 2011). Both techniques obtained	page=1 xpos=5 ypos=5 right-column full-justified aligned-line year
I-Body	similar results and the accuracy achieved by them	page=1 xpos=5 ypos=5 right-column full-justified aligned-line headchar-lower
E-Body	is not a statically significant difference.	page=1 xpos=5 ypos=6 right-column right-indent aligned-line shorter-tail headchar-lower tailchar-period
B-Body	In previous work (Castillo, 2010; Castillo and	page=1 xpos=5 ypos=6 right-column left-indent indented-line longer-tail year headchar-capital
I-Body	Cardenas, 2011) we addressed the CLTE focusing	page=1 xpos=5 ypos=6 right-column full-justified hanged-line year headchar-capital
I-Body	on English-Spanish language pair and released a	page=1 xpos=5 ypos=6 right-column full-justified aligned-line headchar-lower
I-Body	bilingual textual entailment corpus. This paper is	page=1 xpos=5 ypos=6 right-column full-justified aligned-line headchar-lower
I-Body	based on that work in order to tackling the problem	page=1 xpos=5 ypos=7 right-column full-justified aligned-line headchar-lower
I-Body	across different language pairs Spanish-English	page=1 xpos=5 ypos=7 right-column full-justified aligned-line headchar-lower
I-Body	(SPA-ENG), Italian-English (ITA-ENG), French-	page=1 xpos=5 ypos=7 right-column full-justified aligned-line tailchar-hiphen
I-Body	English (FRA-ENG) and German-English (GER-	page=1 xpos=5 ypos=7 right-column full-justified aligned-line headchar-capital tailchar-hiphen
I-Body	ENG) and we also used an approach based on ma-	page=1 xpos=5 ypos=7 right-column full-justified aligned-line headchar-capital tailchar-hiphen
E-Body	chine translation.	page=1 xpos=5 ypos=7 right-column right-indent aligned-line shorter-tail headchar-lower tailchar-period above-blank-line above-double-space above-line-space
B-SectionHeader	3 System architecture	page=1 xpos=5 ypos=8 right-column right-indent font-larger aligned-line longer-tail line-blank-line line-double-space line-space numbered-heading1 above-double-space above-line-space
B-Body	Sagan is a CLTE system (Castillo and Cardenas,	page=1 xpos=5 ypos=8 right-column full-justified aligned-line longer-tail line-double-space line-space headchar-capital tailchar-comma
I-Body	2010) which has taken part of several challenges,	page=1 xpos=5 ypos=9 right-column full-justified aligned-line year tailchar-comma
I-Body	including the Textual Analysis Conference 2009	page=1 xpos=5 ypos=9 right-column full-justified aligned-line year headchar-lower
I-Body	and TAC 2010, and the Semantic Textual Similari-	page=1 xpos=5 ypos=9 right-column full-justified aligned-line year headchar-lower tailchar-hiphen page-bottom
I-Body	ty Semeval 2012 (Aguirre et al., 2012; Castillo and	page=2 xpos=0 ypos=0 left-column full-justified page-top year headchar-lower
I-Body	Estrella, 2012) and Cross Lingual Textual Entail-	page=2 xpos=0 ypos=0 left-column full-justified aligned-line year headchar-capital tailchar-hiphen
I-Body	ment for content synchronization as part of the	page=2 xpos=0 ypos=0 left-column full-justified aligned-line headchar-lower
E-Body	Semeval 2012 (Negri et al., 2012).	page=2 xpos=0 ypos=0 left-column right-indent aligned-line shorter-tail year headchar-capital tailchar-period
B-Body	The system is based on a machine learning ap-	page=2 xpos=0 ypos=0 left-column left-indent indented-line longer-tail headchar-capital tailchar-hiphen
I-Body	proach and it utilizes eight WordNet-based	page=2 xpos=0 ypos=0 left-column full-justified hanged-line headchar-lower
I-Body	(Fellbaum, 1998) similarity measures with the	page=2 xpos=0 ypos=1 left-column full-justified aligned-line year
I-Body	purpose of obtaining the maximum similarity be-	page=2 xpos=0 ypos=1 left-column full-justified aligned-line headchar-lower tailchar-hiphen
I-Body	tween two concepts. We used SVM as classifier	page=2 xpos=0 ypos=1 left-column full-justified aligned-line headchar-lower
I-Body	with polynomial kernel. The system determines the	page=2 xpos=0 ypos=1 left-column full-justified aligned-line headchar-lower
I-Body	entailment based on the semantic similarity of two	page=2 xpos=0 ypos=1 left-column full-justified aligned-line headchar-lower
I-Body	texts (T,H) viewed as a function of the semantic	page=2 xpos=0 ypos=2 left-column full-justified aligned-line headchar-lower
I-Body	similarity of the constituent words of both phrases.	page=2 xpos=0 ypos=2 left-column full-justified aligned-line headchar-lower tailchar-period
I-Body	Thereby, we expect that combining word to word	page=2 xpos=0 ypos=2 left-column full-justified aligned-line headchar-capital
I-Body	similarity metrics to text level would be a good	page=2 xpos=0 ypos=2 left-column full-justified aligned-line headchar-lower
E-Body	indicator of text to text similarity.	page=2 xpos=0 ypos=2 left-column right-indent aligned-line shorter-tail headchar-lower tailchar-period
B-Body	These text-to-text similarity measures are based	page=2 xpos=0 ypos=3 left-column left-indent indented-line longer-tail headchar-capital
I-Body	on the following word-to-word similarity metrics:	page=2 xpos=0 ypos=3 left-column full-justified hanged-line headchar-lower tailchar-colon
I-Body	(Resnik, 1995), (Lin, 1997), (Jiang and Conrath,	page=2 xpos=0 ypos=3 left-column full-justified aligned-line year tailchar-comma
I-Body	1997), (Pirrò and Seco, 2008), (Wu and Palmer,	page=2 xpos=0 ypos=3 left-column full-justified aligned-line year tailchar-comma
I-Body	1994), Path Metric, (Leacock and Chodorow,	page=2 xpos=0 ypos=3 left-column full-justified aligned-line year tailchar-comma
I-Body	1998), and a semantic similarity to sentence level	page=2 xpos=0 ypos=4 left-column full-justified aligned-line year
E-Body	named SemSim (Castillo and Cardenas, 2010).	page=2 xpos=0 ypos=4 left-column right-indent aligned-line shorter-tail year headchar-lower tailchar-period
B-Body	Additional information about how to produce	page=2 xpos=0 ypos=4 left-column left-indent indented-line longer-tail headchar-capital
I-Body	feature vectors as well as each word- and sentence-	page=2 xpos=0 ypos=4 left-column full-justified hanged-line headchar-lower tailchar-hiphen
I-Body	level metric can be found in (Castillo, 2011). The	page=2 xpos=0 ypos=4 left-column full-justified aligned-line year headchar-lower
E-Body	architecture of the system is shown in Figure 1.	page=2 xpos=0 ypos=4 left-column right-indent aligned-line shorter-tail headchar-lower tailchar-period above-line-space
B-Figure	Web Resources	page=2 xpos=1 ypos=5 left-column left-indent right-indent font-smallest indented-line shorter-tail line-space headchar-capital above-double-space above-line-space
I-Figure	Google	page=2 xpos=2 ypos=5 left-column left-indent right-indent font-smallest indented-line shorter-tail line-double-space line-space headchar-capital
I-Figure	Traslate	page=2 xpos=2 ypos=5 left-column left-indent right-indent font-smallest headchar-capital above-blank-line above-double-space above-line-space
I-Figure	Training Sets	page=2 xpos=0 ypos=5 left-column left-indent right-indent font-smallest hanged-line shorter-tail line-blank-line line-double-space line-space headchar-capital above-double-space above-line-space
I-Figure	Pre-Processing	page=2 xpos=1 ypos=6 left-column left-indent right-indent font-smallest indented-line longer-tail line-double-space line-space headchar-capital
I-Figure	Test Sets	page=2 xpos=3 ypos=6 left-column left-indent right-indent font-smallest indented-line longer-tail headchar-capital above-line-space
I-Figure	* CLTE_DEU-ENG,	page=2 xpos=0 ypos=6 left-column left-indent right-indent font-smallest hanged-line shorter-tail line-space tailchar-comma
I-Figure	* CLTE_SPA-ENG, * CLTE_FRA-ENG, * CLTE_DEU-ENG, * CLTE_FRA-ENG,	page=2 xpos=0 ypos=6 left-column centered left-indent right-indent font-largest aligned-line longer-tail tailchar-comma
I-Figure	*CLTE_ITA-ENG, CLTE * CLTE_SPA-ENG,	page=2 xpos=0 ypos=6 left-column centered left-indent right-indent font-smallest tailchar-comma
I-Figure	* CLTE_DEU+FRA+SPA+ITA- Adaptation Layer *CLTE_ITA-ENG ENG,	page=2 xpos=0 ypos=6 left-column left-indent right-indent hanged-line tailchar-comma
I-Figure	*CLTE_DEU+FRA+SPA+ITA-	page=2 xpos=0 ypos=6 left-column left-indent right-indent font-smallest aligned-line shorter-tail tailchar-hiphen
I-Figure	ENG+RTE3-TS-CL	page=2 xpos=0 ypos=6 left-column left-indent right-indent font-smallest indented-line shorter-tail headchar-capital above-blank-line above-double-space above-line-space
I-Figure	TE	page=2 xpos=2 ypos=7 left-column left-indent right-indent font-smallest indented-line longer-tail line-blank-line line-double-space line-space headchar-capital
I-Figure	RTE3-4C+RTE4-4C engine	page=2 xpos=0 ypos=7 left-column left-indent right-indent font-smallest hanged-line longer-tail headchar-capital
I-Figure	RTE3-4C WordNet	page=2 xpos=0 ypos=7 left-column centered left-indent right-indent font-smallest indented-line longer-tail headchar-capital above-line-space
I-Figure	Training Sets	page=2 xpos=0 ypos=7 left-column left-indent right-indent font-smallest hanged-line shorter-tail line-space headchar-capital above-blank-line above-double-space above-line-space
I-Figure	Knowledge Resources	page=2 xpos=3 ypos=8 left-column left-indent right-indent font-smallest indented-line longer-tail line-blank-line line-double-space line-space headchar-capital
I-Figure	Entailment	page=2 xpos=1 ypos=8 left-column left-indent right-indent font-smallest hanged-line shorter-tail headchar-capital
I-Figure	Result	page=2 xpos=2 ypos=8 left-column left-indent right-indent font-smallest indented-line shorter-tail headchar-capital above-blank-line above-double-space above-line-space
I-Figure	No	page=2 xpos=4 ypos=9 left-column left-indent right-indent font-smallest indented-line longer-tail line-blank-line line-double-space line-space headchar-capital
I-Figure	Bidirectional Forward Backward	page=2 xpos=0 ypos=9 left-column left-indent right-indent font-smallest hanged-line shorter-tail headchar-capital
E-Figure	Entailment	page=2 xpos=3 ypos=9 left-column left-indent right-indent font-smallest indented-line longer-tail headchar-capital above-line-space
B-Caption	Fig.1. System architecture	page=2 xpos=1 ypos=9 left-column centered left-indent right-indent font-smallest hanged-line shorter-tail line-space headchar-capital above-double-space above-line-space
Page	723	page=2 xpos=4 ypos=9 left-column left-indent right-over indented-line longer-tail line-double-space line-space numeric-only column-bottom
B-Body	In the preprocessing module we performed	page=2 xpos=5 ypos=0 right-column left-indent column-top headchar-capital
I-Body	string normalization across different languages by	page=2 xpos=5 ypos=0 right-column full-justified hanged-line headchar-lower
I-Body	using a lookup table for lexical entries, and then	page=2 xpos=5 ypos=0 right-column full-justified aligned-line headchar-lower
E-Body	date and time normalization is carried out.	page=2 xpos=5 ypos=0 right-column right-indent aligned-line shorter-tail headchar-lower tailchar-period
B-Body	CLTE adaption layer is composed by four ma-	page=2 xpos=5 ypos=0 right-column left-indent indented-line longer-tail headchar-capital tailchar-hiphen
I-Body	chine translation sub-modules that bring back each	page=2 xpos=5 ypos=0 right-column full-justified hanged-line headchar-lower
I-Body	<T <sub>i</sub> ,H> pair into the monolingual case ENG-ENG.	page=2 xpos=5 ypos=1 right-column full-justified font-larger aligned-line tailchar-period
I-Body	Where T <sub>i</sub> can be given in Spanish, German, Italian	page=2 xpos=5 ypos=1 right-column full-justified font-larger aligned-line headchar-capital
E-Body	or French.	page=2 xpos=5 ypos=1 right-column right-indent aligned-line shorter-tail headchar-lower tailchar-period
B-Body	The training set used to the submitted runs are	page=2 xpos=5 ypos=1 right-column left-indent indented-line longer-tail headchar-capital
I-Body	whose provided by the organizers of the CLTE for	page=2 xpos=5 ypos=1 right-column full-justified hanged-line headchar-lower
I-Body	Content Synchronization Task and a combination	page=2 xpos=5 ypos=2 right-column full-justified aligned-line headchar-capital
I-Body	of RTE datasets, such as it is described in the Sec-	page=2 xpos=5 ypos=2 right-column full-justified aligned-line headchar-lower tailchar-hiphen
E-Body	tion Experiments and Results.	page=2 xpos=5 ypos=2 right-column right-indent aligned-line shorter-tail headchar-lower tailchar-period above-double-space above-line-space
B-SectionHeader	4 Experiments and Results	page=2 xpos=5 ypos=2 right-column right-indent font-larger aligned-line longer-tail line-double-space line-space numbered-heading1 above-double-space above-line-space
B-Body	The dataset provided by the organizers consists of	page=2 xpos=5 ypos=3 right-column full-justified aligned-line longer-tail line-double-space line-space headchar-capital
I-Body	500 CLTE pairs translated to four languages fol-	page=2 xpos=5 ypos=3 right-column full-justified aligned-line tailchar-hiphen
I-Body	lowing the crowdsourcing-based methodology	page=2 xpos=5 ypos=3 right-column full-justified aligned-line headchar-lower
I-Body	proposed in (Negri et al., 2011). Also, for test pur-	page=2 xpos=5 ypos=3 right-column full-justified aligned-line year headchar-lower tailchar-hiphen
I-Body	pose additional 500 pairs are provided. Both da-	page=2 xpos=5 ypos=3 right-column full-justified aligned-line headchar-lower tailchar-hiphen
I-Body	tasets are balanced with respect to the four	page=2 xpos=5 ypos=4 right-column full-justified aligned-line headchar-lower
I-Body	entailment judgments (bidirectional, forward,	page=2 xpos=5 ypos=4 right-column full-justified aligned-line headchar-lower tailchar-comma
E-Body	backward, and no entailment).	page=2 xpos=5 ypos=4 right-column right-indent aligned-line shorter-tail headchar-lower tailchar-period
B-Body	We also performed experiments using traditional	page=2 xpos=5 ypos=4 right-column left-indent indented-line longer-tail headchar-capital
I-Body	RTE datasets. Because of the RTE datasets are	page=2 xpos=5 ypos=4 right-column full-justified hanged-line headchar-capital
I-Body	binary classified as NO (no-entailment) and YES	page=2 xpos=5 ypos=5 right-column full-justified aligned-line headchar-lower
I-Body	(entailment), then we assumed that NO class is	page=2 xpos=5 ypos=5 right-column full-justified aligned-line
I-Body	"no-entailment" and YES class is "forward" in the	page=2 xpos=5 ypos=5 right-column full-justified aligned-line
I-Body	CLTE task. Certainly, the corpus tagged in this	page=2 xpos=5 ypos=5 right-column full-justified aligned-line headchar-capital
I-Body	way will have contradictory information, since	page=2 xpos=5 ypos=5 right-column full-justified aligned-line headchar-lower
I-Body	several pairs classified as forward should be classi-	page=2 xpos=5 ypos=6 right-column full-justified aligned-line headchar-lower tailchar-hiphen
I-Body	fied as bidirectional, and also several pairs classi-	page=2 xpos=5 ypos=6 right-column full-justified aligned-line headchar-lower tailchar-hiphen
I-Body	fied as no-entailment could be backwards, but the	page=2 xpos=5 ypos=6 right-column full-justified aligned-line headchar-lower
I-Body	objective is experimenting whether we can gain	page=2 xpos=5 ypos=6 right-column full-justified aligned-line headchar-lower
I-Body	accuracy in our RTE system despite of these (few)	page=2 xpos=5 ypos=6 right-column full-justified aligned-line headchar-lower
E-Body	contradictory cases.	page=2 xpos=5 ypos=7 right-column right-indent aligned-line shorter-tail headchar-lower tailchar-period
B-Body	Additionally, in our experiments we used an al-	page=2 xpos=5 ypos=7 right-column left-indent indented-line longer-tail headchar-capital tailchar-hiphen
I-Body	gorithm (Castillo,2010) to generate additional	page=2 xpos=5 ypos=7 right-column full-justified hanged-line year headchar-lower
I-Body	training data, in other words to expand a data set. It	page=2 xpos=5 ypos=7 right-column full-justified aligned-line headchar-lower
I-Body	is based on a Double Translation Process (dtp) or	page=2 xpos=5 ypos=7 right-column full-justified aligned-line headchar-lower
I-Body	round-trip translation. Double translation process	page=2 xpos=5 ypos=7 right-column full-justified aligned-line headchar-lower
I-Body	can be defined as the process of starting with an S	page=2 xpos=5 ypos=8 right-column full-justified aligned-line headchar-lower
I-Body	(String in English), translating it to a foreign lan-	page=2 xpos=5 ypos=8 right-column full-justified aligned-line tailchar-hiphen
I-Body	guage F(S), for example Spanish, and finally back	page=2 xpos=5 ypos=8 right-column full-justified aligned-line headchar-lower
E-Body	into the English source language F-1(S).	page=2 xpos=5 ypos=8 right-column right-indent aligned-line shorter-tail headchar-lower tailchar-period
B-Body	We applied the algorithm starting with RTE3	page=2 xpos=5 ypos=8 right-column left-indent indented-line longer-tail headchar-capital
I-Body	and RTE4 datasets. Thus, the augmented corpus is	page=2 xpos=5 ypos=9 right-column full-justified hanged-line headchar-lower
I-Body	denoted RTE3-4C which is tagged according to the	page=2 xpos=5 ypos=9 right-column full-justified aligned-line headchar-lower
I-Body	three-way task composed of: 340 pairs Contradic-	page=2 xpos=5 ypos=9 right-column full-justified aligned-line headchar-lower tailchar-hiphen page-bottom
I-Body	tion, 1520 pairs Yes, and 1114 pairs Unknown. In	page=3 xpos=0 ypos=0 left-column full-justified page-top headchar-lower
I-Body	the case of the two-way task, it is composed by	page=3 xpos=0 ypos=0 left-column full-justified aligned-line headchar-lower
E-Body	1454 pairs No, and 1520 pairs Yes.	page=3 xpos=0 ypos=0 left-column right-indent aligned-line shorter-tail tailchar-period
B-Body	The other dataset augmented is denoted RTE4-	page=3 xpos=0 ypos=0 left-column left-indent indented-line longer-tail headchar-capital tailchar-hiphen
I-Body	4C, and has the following composition: 546 pairs	page=3 xpos=0 ypos=0 left-column full-justified hanged-line
I-Body	Contradiction, 1812 pairs Entailment, and 1272	page=3 xpos=0 ypos=0 left-column full-justified aligned-line headchar-capital
I-Body	pairs Unknown. Therefore, in the two-way task,	page=3 xpos=0 ypos=1 left-column full-justified aligned-line headchar-lower tailchar-comma
I-Body	there are 1818 pairs No (No Entailment), and 1812	page=3 xpos=0 ypos=1 left-column full-justified aligned-line headchar-lower
E-Body	pairs Yes (Entailment) in this data set.	page=3 xpos=0 ypos=1 left-column right-indent aligned-line shorter-tail headchar-lower tailchar-period
B-Body	The idea behind using RTE3-4C and RTE3-4C	page=3 xpos=0 ypos=1 left-column left-indent indented-line longer-tail headchar-capital
I-Body	is providing to our system an increased dataset	page=3 xpos=0 ypos=1 left-column full-justified hanged-line headchar-lower
E-Body	aiming to acquire more semantic variability.	page=3 xpos=0 ypos=2 left-column right-indent aligned-line shorter-tail headchar-lower tailchar-period
B-Body	In our system submission we report the experi-	page=3 xpos=0 ypos=2 left-column left-indent indented-line longer-tail headchar-capital tailchar-hiphen
I-Body	ments performed with the test sets provided by	page=3 xpos=0 ypos=2 left-column full-justified hanged-line headchar-lower
I-Body	CLTE organizers which is composed by four da-	page=3 xpos=0 ypos=2 left-column full-justified aligned-line headchar-capital tailchar-hiphen
E-Body	tasets of 500 pairs each one.	page=3 xpos=0 ypos=2 left-column right-indent aligned-line shorter-tail headchar-lower tailchar-period above-double-space above-line-space
B-SubsectionHeader	4.1 Submission to the CLTE shared task	page=3 xpos=0 ypos=3 left-column right-indent font-larger aligned-line longer-tail line-double-space line-space numbered-heading2 above-double-space above-line-space
B-Body	With the aims of applying the monolingual textual	page=3 xpos=0 ypos=3 left-column full-justified aligned-line longer-tail line-double-space line-space headchar-capital
I-Body	entailment techniques, in the CLTE domain, we	page=3 xpos=0 ypos=3 left-column full-justified aligned-line headchar-lower
I-Body	utilized the Google translate as MT system to bring	page=3 xpos=0 ypos=3 left-column full-justified aligned-line headchar-lower
E-Body	back the <T,H> pairs into the monolingual case.	page=3 xpos=0 ypos=4 left-column right-indent aligned-line shorter-tail headchar-lower tailchar-period
B-Body	Then we generated a feature vector for every	page=3 xpos=0 ypos=4 left-column left-indent indented-line longer-tail headchar-capital
I-Body	<T,H> pair with both training and test sets, and	page=3 xpos=0 ypos=4 left-column full-justified hanged-line
I-Body	used monolingual textual entailment engine to	page=3 xpos=0 ypos=4 left-column full-justified aligned-line headchar-lower
I-Body	classify the pairs. First we described the dataset	page=3 xpos=0 ypos=4 left-column full-justified aligned-line headchar-lower
E-Body	used and then explain each submitted run.	page=3 xpos=0 ypos=5 left-column right-indent aligned-line shorter-tail headchar-lower tailchar-period
B-Body	The datasets used are listed below:	page=3 xpos=0 ypos=5 left-column left-indent right-indent indented-line shorter-tail headchar-capital tailchar-colon above-blank-line above-double-space above-line-space
B-Listitem	- CLTE_Esp+Fra+Ita+Ger: dataset composed	page=3 xpos=0 ypos=5 left-column left-indent longer-tail line-blank-line line-double-space line-space
I-Listitem	by all language pairs.	page=3 xpos=0 ypos=5 left-column right-indent hanged-line shorter-tail headchar-lower tailchar-period
B-Listitem	- RTE3-TS-CL: a ENG-SPA cross lingual tex-	page=3 xpos=0 ypos=6 left-column left-indent indented-line longer-tail tailchar-hiphen
I-Listitem	tual entailment corpus (Castillo,2011) composed	page=3 xpos=0 ypos=6 left-column full-justified hanged-line year headchar-lower
I-Listitem	by 200 pairs (108 Entailment, 32 Contradiction, 60	page=3 xpos=0 ypos=6 left-column full-justified aligned-line headchar-lower
I-Listitem	Unknown).	page=3 xpos=0 ypos=6 left-column right-indent aligned-line shorter-tail headchar-capital tailchar-period
B-Listitem	- RTE3-4C: an augmented dataset based on	page=3 xpos=0 ypos=6 left-column left-indent indented-line longer-tail
I-Listitem	RTE3.	page=3 xpos=0 ypos=7 left-column right-indent hanged-line shorter-tail headchar-capital tailchar-period
B-Listitem	- RTE4-4C: an augmented dataset based on	page=3 xpos=0 ypos=7 left-column left-indent indented-line longer-tail
I-Listitem	RTE4.	page=3 xpos=0 ypos=7 left-column right-indent hanged-line shorter-tail headchar-capital tailchar-period above-blank-line above-double-space above-line-space
B-Body	Our participation in the shared task consisted of	page=3 xpos=0 ypos=7 left-column left-indent indented-line longer-tail line-blank-line line-double-space line-space headchar-capital
I-Body	four different runs produced with the same feature	page=3 xpos=0 ypos=7 left-column full-justified hanged-line headchar-lower
I-Body	set, and the main differences rely on the amount	page=3 xpos=0 ypos=8 left-column full-justified aligned-line headchar-lower
I-Body	and type of training data. Each run is described	page=3 xpos=0 ypos=8 left-column full-justified aligned-line headchar-lower
E-Body	below:	page=3 xpos=0 ypos=8 left-column right-indent aligned-line shorter-tail headchar-lower tailchar-colon above-blank-line above-double-space above-line-space
B-Listitem	- RUN1: system trained on CLTE_Esp+	page=3 xpos=0 ypos=8 left-column left-indent indented-line longer-tail line-blank-line line-double-space line-space
I-Listitem	Fra+Ger+Ita corpus in addition to the RTE3-TS-	page=3 xpos=0 ypos=9 left-column full-justified hanged-line headchar-capital tailchar-hiphen
I-Listitem	CL dataset.	page=3 xpos=0 ypos=9 left-column right-indent aligned-line shorter-tail headchar-capital tailchar-period above-blank-line above-double-space above-line-space
Page	724	page=3 xpos=4 ypos=9 left-column left-indent right-over indented-line longer-tail line-blank-line line-double-space line-space numeric-only column-bottom
B-Listitem	- RUN2: system trained on CLTE_Esp,	page=3 xpos=5 ypos=0 right-column left-indent column-top tailchar-comma
I-Listitem	CLTE_Fra, CLTE_Ger and CLTE_Ita corpus. At	page=3 xpos=5 ypos=0 right-column full-justified hanged-line headchar-capital
I-Listitem	testing phase, the system chooses the right dataset	page=3 xpos=5 ypos=0 right-column full-justified aligned-line headchar-lower
I-Listitem	according to the language that it is processing.	page=3 xpos=5 ypos=0 right-column right-indent aligned-line shorter-tail headchar-lower tailchar-period
B-Listitem	- RUN3: system trained using all training data	page=3 xpos=5 ypos=0 right-column left-indent indented-line longer-tail
I-Listitem	that came from different language pairs.	page=3 xpos=5 ypos=0 right-column right-indent hanged-line shorter-tail headchar-lower tailchar-period
B-Body	We remark that we can combine the training da-	page=3 xpos=5 ypos=1 right-column left-indent indented-line longer-tail headchar-capital tailchar-hiphen
I-Body	ta because of we used a machine translation sub-	page=3 xpos=5 ypos=1 right-column full-justified hanged-line headchar-lower tailchar-hiphen
I-Body	module that bring back each <T,H> pair into the	page=3 xpos=5 ypos=1 right-column full-justified aligned-line headchar-lower
E-Body	monolingual case ENG-ENG.	page=3 xpos=5 ypos=1 right-column right-indent aligned-line shorter-tail headchar-lower tailchar-period
B-Listitem	- RUN4: In RUN4 the training set is com-	page=3 xpos=5 ypos=1 right-column left-indent indented-line longer-tail tailchar-hiphen
I-Listitem	posed by all pairs of CLTE_Esp+Fra+Ita+Ger and	page=3 xpos=5 ypos=2 right-column full-justified hanged-line headchar-lower
I-Listitem	RTE3-4C+ RTE4-4C datasets.	page=3 xpos=5 ypos=2 right-column right-indent aligned-line shorter-tail headchar-capital tailchar-period
B-Body	Ten teams participated in this CLTE task, eight	page=3 xpos=5 ypos=2 right-column left-indent indented-line longer-tail headchar-capital
I-Body	submitting runs to all language pairs. For Spanish	page=3 xpos=5 ypos=2 right-column full-justified hanged-line headchar-lower
I-Body	28 runs were submitted and 20 runs were submit-	page=3 xpos=5 ypos=2 right-column full-justified aligned-line numbered-heading1 tailchar-hiphen
I-Body	ted for the other languages. The results achieved	page=3 xpos=5 ypos=3 right-column full-justified aligned-line headchar-lower
E-Body	by our system is showed in Table 1.	page=3 xpos=5 ypos=3 right-column right-indent aligned-line shorter-tail headchar-lower tailchar-period above-blank-line above-double-space above-line-space
B-Table	Team Score (Accuracy) Run Rank	page=3 xpos=5 ypos=3 right-column left-indent right-indent font-smallest indented-line longer-tail line-blank-line line-double-space line-space headchar-capital
I-Table	Team id system SPA- ITA- FRA- DEU- SPA ITA FRA DEU	page=3 xpos=5 ypos=3 right-column centered right-over font-smallest hanged-line longer-tail headchar-capital
I-Table	id ENG ENG ENG ENG	page=3 xpos=6 ypos=3 right-column left-indent right-indent font-smallest indented-line shorter-tail headchar-lower
I-Table	Sagan run1 0.342 0.352 0.346 0.342 16 6 9 9	page=3 xpos=5 ypos=4 right-column left-indent right-indent font-smallest hanged-line longer-tail headchar-capital
I-Table	Sagan run2 0.328 0.352 0.336 0.310 19 7 11 13	page=3 xpos=5 ypos=4 right-column centered left-indent right-indent font-smallest aligned-line headchar-capital
I-Table	Sagan run3 0.346 0.356 0.330 0.332 14 5 12 12	page=3 xpos=5 ypos=4 right-column centered left-indent right-indent font-smallest aligned-line headchar-capital
I-Table	Sagan run4 0.340 0.330 0.310 0.310 17 12 13 14	page=3 xpos=5 ypos=4 right-column centered left-indent right-indent font-smallest aligned-line headchar-capital
I-Table	System	page=3 xpos=5 ypos=4 right-column left-indent right-indent font-smallest shorter-tail headchar-capital
I-Table	7 4 5 6	page=3 xpos=6 ypos=4 right-column left-indent right-indent font-smallest indented-line longer-tail numbered-heading1
E-Table	Rank	page=3 xpos=5 ypos=4 right-column left-indent right-indent font-smallest hanged-line shorter-tail headchar-capital above-blank-line above-double-space above-line-space
B-Body	The results reported show that our best run is	page=3 xpos=5 ypos=5 right-column left-indent indented-line longer-tail line-blank-line line-double-space line-space headchar-capital
I-Body	ranking above the average for all languages. The	page=3 xpos=5 ypos=5 right-column full-justified hanged-line headchar-lower
I-Body	same situation occurs when ranking the systems,	page=3 xpos=5 ypos=5 right-column full-justified aligned-line headchar-lower tailchar-comma
I-Body	except for Spanish where the system is placed on	page=3 xpos=5 ypos=5 right-column full-justified aligned-line headchar-lower
E-Body	7th among 10 teams.	page=3 xpos=5 ypos=5 right-column right-indent aligned-line shorter-tail tailchar-period
B-Body	We achieved the highest result of 0.356 with	page=3 xpos=5 ypos=6 right-column left-indent indented-line longer-tail headchar-capital
I-Body	RUN3 in the pair ITA-ENG which is placed fourth	page=3 xpos=5 ypos=6 right-column full-justified hanged-line headchar-capital
E-Body	among participating systems.	page=3 xpos=5 ypos=6 right-column right-indent aligned-line shorter-tail headchar-lower tailchar-period
B-Body	We also note that, in general, training the system	page=3 xpos=5 ypos=6 right-column left-indent indented-line longer-tail headchar-capital
I-Body	with the pairs of all datasets achieved better results	page=3 xpos=5 ypos=6 right-column full-justified hanged-line headchar-lower
I-Body	than training separately for each dataset. Further-	page=3 xpos=5 ypos=7 right-column full-justified aligned-line headchar-lower tailchar-hiphen
I-Body	more, if we analyze RUN4 vs. RUN3 we can con-	page=3 xpos=5 ypos=7 right-column full-justified aligned-line headchar-lower tailchar-hiphen
I-Body	clude that incorporating additional RTE dataset	page=3 xpos=5 ypos=7 right-column full-justified aligned-line headchar-lower
I-Body	produces a very unbalanced dataset resulting in a	page=3 xpos=5 ypos=7 right-column full-justified aligned-line headchar-lower
I-Body	decrease in performance. In (Castillo, 2011) we	page=3 xpos=5 ypos=7 right-column full-justified aligned-line year headchar-lower
I-Body	experimented with these expanded datasets over	page=3 xpos=5 ypos=7 right-column full-justified aligned-line headchar-lower
I-Body	monolingual RTE and CLTE tasks and we showed	page=3 xpos=5 ypos=8 right-column full-justified aligned-line headchar-lower
I-Body	gain in performance, thus we suspect that the de-	page=3 xpos=5 ypos=8 right-column full-justified aligned-line headchar-lower tailchar-hiphen
I-Body	crease is more due to unbalanced dataset than to	page=3 xpos=5 ypos=8 right-column full-justified aligned-line headchar-lower
E-Body	noise introduced by the double translation process.	page=3 xpos=5 ypos=8 right-column right-indent aligned-line shorter-tail headchar-lower tailchar-period
B-Body	Interesting, the Corpus RTE3-TS-CL dataset uti-	page=3 xpos=5 ypos=8 right-column left-indent indented-line longer-tail headchar-capital tailchar-hiphen
I-Body	lized in the RUN1 helps to improve the results in	page=3 xpos=5 ypos=9 right-column full-justified hanged-line headchar-lower
E-Body	FRA-ENG and DEU-ENG language pairs.	page=3 xpos=5 ypos=9 right-column right-indent aligned-line shorter-tail headchar-capital tailchar-period page-bottom
B-Body	The Table 2 shows that our system predict with	page=4 xpos=0 ypos=0 left-column left-indent page-top headchar-capital
I-Body	high F-measure to bidirectional and no-entailment	page=4 xpos=0 ypos=0 left-column full-justified hanged-line headchar-lower
I-Body	entailment judgments in all language pairs, but has	page=4 xpos=0 ypos=0 left-column full-justified aligned-line headchar-lower
I-Body	problems to distinguish the forward and backward	page=4 xpos=0 ypos=0 left-column full-justified aligned-line headchar-lower
E-Body	entailment judgments.	page=4 xpos=0 ypos=0 left-column right-indent aligned-line shorter-tail headchar-lower tailchar-period column-bottom
B-Body	It is probably due to our systems is based on	page=4 xpos=5 ypos=0 right-column left-indent column-top headchar-capital
I-Body	semantic overlap between T and H, resulting the	page=4 xpos=5 ypos=0 right-column full-justified hanged-line headchar-lower
I-Body	backwards particularly difficult to predict to our	page=4 xpos=5 ypos=0 right-column full-justified aligned-line headchar-lower
E-Body	system.	page=4 xpos=5 ypos=0 right-column right-indent aligned-line shorter-tail headchar-lower tailchar-period column-bottom above-double-space above-line-space
Table	__Table 2__	page=4 xpos=-1 ypos=1 single-column centered left-over right-over box column-top line-double-space line-space table-area
B-Caption	Table 2. Official results for Precision, Recall and F-measure	page=4 xpos=2 ypos=2 single-column centered left-indent right-indent indented-line shorter-tail string-table headchar-capital column-bottom above-blank-line above-double-space above-line-space
B-SectionHeader	5 Conclusions and future work	page=4 xpos=0 ypos=2 left-column right-indent font-larger column-top line-blank-line line-double-space line-space numbered-heading1 above-double-space above-line-space
B-Body	In this paper we explained our participation in the	page=4 xpos=0 ypos=3 left-column full-justified aligned-line longer-tail line-double-space line-space headchar-capital
I-Body	new challenging task of Cross-Lingual Textual	page=4 xpos=0 ypos=3 left-column full-justified aligned-line headchar-lower
I-Body	Entailment (CLTE) for Content Synchronization.	page=4 xpos=0 ypos=3 left-column centered right-indent aligned-line headchar-capital tailchar-period
I-Body	This task also could presents benefit as a metric for	page=4 xpos=0 ypos=3 left-column full-justified aligned-line headchar-capital
I-Body	machine translation evaluation, as reported in	page=4 xpos=0 ypos=3 left-column full-justified aligned-line headchar-lower
E-Body	(Castillo and Estrella, 2012).	page=4 xpos=0 ypos=4 left-column right-indent aligned-line shorter-tail year tailchar-period
B-Body	This work focuses on CLTE based on Machine	page=4 xpos=0 ypos=4 left-column left-indent indented-line longer-tail headchar-capital
I-Body	translation to bring back the problem into the mon-	page=4 xpos=0 ypos=4 left-column full-justified hanged-line headchar-lower tailchar-hiphen
I-Body	olingual Textual Entailment (TE) scenario. This	page=4 xpos=0 ypos=4 left-column full-justified aligned-line headchar-lower
I-Body	decoupled approach between Textual Entailment	page=4 xpos=0 ypos=4 left-column centered right-indent aligned-line headchar-lower
I-Body	and Machine Translation has several advantages,	page=4 xpos=0 ypos=4 left-column centered right-indent aligned-line headchar-lower tailchar-comma
I-Body	such as taking benefits of the most recent advances	page=4 xpos=0 ypos=5 left-column centered right-indent aligned-line headchar-lower
I-Body	in machine translation, the ability to test the effi-	page=4 xpos=0 ypos=5 left-column full-justified aligned-line headchar-lower tailchar-hiphen
I-Body	ciency of different MT systems, as well as the abil-	page=4 xpos=0 ypos=5 left-column full-justified aligned-line headchar-lower tailchar-hiphen
E-Body	ity to scale the system easily to any language pair.	page=4 xpos=0 ypos=5 left-column right-indent aligned-line shorter-tail headchar-lower tailchar-period
B-Body	Results achieved are promising and additional	page=4 xpos=0 ypos=5 left-column left-indent indented-line longer-tail headchar-capital
I-Body	work is needed in order to address the problem of	page=4 xpos=0 ypos=6 left-column full-justified hanged-line headchar-lower
I-Body	distinguish among forward, backward and bidirec-	page=4 xpos=0 ypos=6 left-column full-justified aligned-line headchar-lower tailchar-hiphen
E-Body	tional entailment judgments.	page=4 xpos=0 ypos=6 left-column right-indent aligned-line shorter-tail headchar-lower tailchar-period
B-Body	Future work will be oriented to tackle the prob-	page=4 xpos=0 ypos=6 left-column left-indent indented-line longer-tail headchar-capital tailchar-hiphen
I-Body	lem with backwards. Finally, we remark the neces-	page=4 xpos=0 ypos=6 left-column full-justified hanged-line headchar-lower tailchar-hiphen
I-Body	sity of bigger corpus tagged in four-way	page=4 xpos=0 ypos=7 left-column full-justified aligned-line headchar-lower
E-Body	classification, for all language pairs.	page=4 xpos=0 ypos=7 left-column right-indent aligned-line shorter-tail headchar-lower tailchar-period above-double-space above-line-space
ReferenceHeader	References	page=4 xpos=0 ypos=7 left-column right-indent font-larger aligned-line shorter-tail line-double-space line-space string-reference headchar-capital above-double-space above-line-space
B-Reference	Ido Dagan, Oren Glickman and Bernardo Magnini.	page=4 xpos=0 ypos=7 left-column full-justified font-smallest aligned-line longer-tail line-double-space line-space headchar-capital tailchar-period
I-Reference	2006. The PASCAL Recognising Textual Entailment	page=4 xpos=0 ypos=8 left-column left-indent font-smallest indented-line year
I-Reference	Challenge. In Quiñonero-Candela, J.; Dagan, I.;	page=4 xpos=0 ypos=8 left-column left-indent font-smallest aligned-line headchar-capital tailchar-semicolon
I-Reference	Magnini, B.; d'Alché-Buc, F. (Eds.) Machine Learn-	page=4 xpos=0 ypos=8 left-column left-indent font-smallest aligned-line headchar-capital tailchar-hiphen
I-Reference	ing Challenges. Lecture Notes in Computer Science ,	page=4 xpos=0 ypos=8 left-column left-indent font-smallest aligned-line headchar-lower tailchar-comma
I-Reference	Vol. 3944, pp. 177-190, Springer.	page=4 xpos=0 ypos=8 left-column left-indent right-indent font-smallest aligned-line shorter-tail headchar-capital tailchar-period
B-Reference	M. Negri, A. Marchetti, Y. Mehdad, L. Bentivogli, and	page=4 xpos=0 ypos=8 left-column full-justified font-smallest hanged-line longer-tail headchar-capital
I-Reference	D. Giampiccolo. 2012. Semeval-2012 Task 8: Cross-	page=4 xpos=0 ypos=9 left-column left-indent font-smallest indented-line year headchar-capital tailchar-hiphen
I-Reference	lingual Textual Entailment for Content Synchroniza-	page=4 xpos=0 ypos=9 left-column left-indent font-smallest aligned-line headchar-lower tailchar-hiphen above-blank-line above-double-space above-line-space
Page	725	page=4 xpos=4 ypos=9 left-column left-indent right-over indented-line longer-tail line-blank-line line-double-space line-space numeric-only column-bottom
I-Reference	tion. In Proceedings of the 6th International Work-	page=4 xpos=5 ypos=2 right-column left-indent font-smallest column-top headchar-lower tailchar-hiphen
I-Reference	shop on Semantic Evaluation (SemEval 2012).	page=4 xpos=5 ypos=2 right-column left-indent right-indent font-smallest aligned-line shorter-tail year headchar-lower tailchar-period
B-Reference	L. Bentivogli, P. Clark, I. Dagan, H. T. Dang, and D.	page=4 xpos=5 ypos=2 right-column full-justified font-smallest hanged-line longer-tail headchar-capital tailchar-period
I-Reference	Giampiccolo. 2010. The Sixth PASCAL Recognizing	page=4 xpos=5 ypos=3 right-column left-indent font-smallest indented-line year headchar-capital
I-Reference	Textual Entailment Challenge. In TAC 2010 Work-	page=4 xpos=5 ypos=3 right-column left-indent font-smallest aligned-line year headchar-capital tailchar-hiphen
I-Reference	shop Proceedings, NIST, Gaithersburg, MD, USA.	page=4 xpos=5 ypos=3 right-column centered left-indent right-indent font-smallest aligned-line shorter-tail headchar-lower tailchar-period
B-Reference	Y. Mehdad, M. Negri, and M. Federico. 2010. Towards	page=4 xpos=5 ypos=3 right-column full-justified font-smallest hanged-line longer-tail year headchar-capital
I-Reference	Cross-Lingual Textual Entailment. In Proceedings of	page=4 xpos=5 ypos=3 right-column left-indent font-smallest indented-line headchar-capital
I-Reference	NAACL-HLT 2010.	page=4 xpos=5 ypos=3 right-column left-indent right-indent font-smallest aligned-line shorter-tail year headchar-capital tailchar-period
B-Reference	Eneko Agirre, Daniel Cer, Mona Diab and Aitor Gonza-	page=4 xpos=5 ypos=4 right-column full-justified font-smallest hanged-line longer-tail headchar-capital tailchar-hiphen
I-Reference	lez-Agirre. 2012. SemEval-2012 Task 6: A Pilot on	page=4 xpos=5 ypos=4 right-column left-indent font-smallest indented-line year headchar-lower
I-Reference	Semantic Textual Similarity. In Proceedings of the	page=4 xpos=5 ypos=4 right-column left-indent font-smallest aligned-line headchar-capital
I-Reference	6th International Workshop on Semantic Evalua-tion	page=4 xpos=5 ypos=4 right-column left-indent font-smallest aligned-line
I-Reference	(SemEval 2012), in conjunction with the First Joint	page=4 xpos=5 ypos=4 right-column left-indent font-smallest aligned-line year
I-Reference	Conference on Lexical and Computational Semantics	page=4 xpos=5 ypos=4 right-column left-indent font-smallest aligned-line headchar-capital
I-Reference	(*SEM 2012).	page=4 xpos=5 ypos=5 right-column left-indent right-indent font-smallest aligned-line shorter-tail year tailchar-period
B-Reference	Bentivogli, Luisa, Dagan Ido, Dang Hoa, Giampiccolo,	page=4 xpos=5 ypos=5 right-column full-justified font-smallest hanged-line longer-tail headchar-capital tailchar-comma
I-Reference	Danilo, Magnini Bernardo.2009.The Fifth PASCAL	page=4 xpos=5 ypos=5 right-column left-indent font-smallest indented-line year headchar-capital
I-Reference	RTE Challenge. In: Proceedings of the Text Analysis	page=4 xpos=5 ypos=5 right-column left-indent font-smallest aligned-line headchar-capital
I-Reference	Conference.	page=4 xpos=5 ypos=5 right-column left-indent right-indent font-smallest aligned-line shorter-tail headchar-capital tailchar-period
B-Reference	Fellbaum C. 1998. WordNet: An Electronic Lexical	page=4 xpos=5 ypos=6 right-column full-justified font-smallest hanged-line longer-tail year headchar-capital
I-Reference	Database, volume 1. MIT Press.	page=4 xpos=5 ypos=6 right-column left-indent right-indent font-smallest indented-line shorter-tail headchar-capital tailchar-period
B-Reference	Castillo Julio. 2011. A WordNet-based semantic ap-	page=4 xpos=5 ypos=6 right-column full-justified font-smallest hanged-line longer-tail year headchar-capital tailchar-hiphen
I-Reference	proach to textual entailment and cross-lingual textu-	page=4 xpos=5 ypos=6 right-column left-indent font-smallest indented-line headchar-lower tailchar-hiphen
I-Reference	al entailment. International Journal of Machine	page=4 xpos=5 ypos=6 right-column left-indent font-smallest aligned-line headchar-lower
I-Reference	Learning and Cybernetics - Springer, Volume 2,	page=4 xpos=5 ypos=6 right-column left-indent font-smallest aligned-line headchar-capital tailchar-comma
I-Reference	Number 3.	page=4 xpos=5 ypos=7 right-column left-indent right-indent font-smallest aligned-line shorter-tail headchar-capital tailchar-period
B-Reference	Castillo Julio and Cardenas Marina. 2010. Using sen-	page=4 xpos=5 ypos=7 right-column full-justified font-smallest hanged-line longer-tail year headchar-capital tailchar-hiphen
I-Reference	tence semantic similarity based onWordNet in recog-	page=4 xpos=5 ypos=7 right-column left-indent font-smallest indented-line headchar-lower tailchar-hiphen
I-Reference	nizing textual entailment. Iberamia 2010. In LNCS,	page=4 xpos=5 ypos=7 right-column left-indent font-smallest aligned-line year headchar-lower tailchar-comma
I-Reference	vol 6433. Springer, Heidelberg, pp 366–375.	page=4 xpos=5 ypos=7 right-column left-indent right-indent font-smallest aligned-line shorter-tail headchar-lower tailchar-period
B-Reference	Castillo Julio. 2010. A semantic oriented approach to	page=4 xpos=5 ypos=7 right-column full-justified font-smallest hanged-line longer-tail year headchar-capital
I-Reference	textual entailment using WordNet-based measures.	page=4 xpos=5 ypos=8 right-column left-indent font-smallest indented-line headchar-lower tailchar-period
I-Reference	MICAI 2010. LNCS, vol 6437. Springer, Heidelberg,	page=4 xpos=5 ypos=8 right-column left-indent font-smallest aligned-line year headchar-capital tailchar-comma
I-Reference	pp 44–55.	page=4 xpos=5 ypos=8 right-column left-indent right-indent font-smallest aligned-line shorter-tail headchar-lower tailchar-period
B-Reference	Castillo Julio. 2010. Using machine translation systems	page=4 xpos=5 ypos=8 right-column full-justified font-smallest hanged-line longer-tail year headchar-capital
I-Reference	to expand a corpus in textual entailment. In: Proceed-	page=4 xpos=5 ypos=8 right-column left-indent font-smallest indented-line headchar-lower tailchar-hiphen
I-Reference	ings of the Icetal 2010. LNCS, vol 6233, pp 97–102.	page=4 xpos=5 ypos=8 right-column left-indent right-indent font-smallest aligned-line shorter-tail year headchar-lower tailchar-period
B-Reference	M. Negri, L. Bentivogli, Y. Mehdad, D. Giampiccolo,	page=4 xpos=5 ypos=9 right-column full-justified font-smallest hanged-line longer-tail headchar-capital tailchar-comma
I-Reference	and A. Marchetti. 2011. Divide and Conquer:	page=4 xpos=5 ypos=9 right-column left-indent font-smallest indented-line year headchar-lower tailchar-colon
I-Reference	Crowdsourcing the Creation of Cross-Lingual Textu-	page=4 xpos=5 ypos=9 right-column left-indent font-smallest aligned-line headchar-capital tailchar-hiphen page-bottom
I-Reference	al Entailment Corpora. In Proceedings of the Con-	page=5 xpos=0 ypos=0 left-column left-indent font-smallest page-top headchar-lower tailchar-hiphen
I-Reference	ference on Empirical Methods in Natural. EMNLP	page=5 xpos=0 ypos=0 left-column left-indent font-smallest aligned-line headchar-lower
I-Reference	2011.	page=5 xpos=0 ypos=0 left-column left-indent right-indent font-smallest aligned-line shorter-tail year tailchar-period
B-Reference	Resnik P. 1995. Information content to evaluate seman-	page=5 xpos=0 ypos=0 left-column full-justified font-smallest hanged-line longer-tail year headchar-capital tailchar-hiphen
I-Reference	tic similarity in a taxonomy. In: Proceedings of IJCAI	page=5 xpos=0 ypos=0 left-column left-indent font-smallest indented-line headchar-lower
I-Reference	1995, pp 448–453.	page=5 xpos=0 ypos=0 left-column left-indent right-indent font-smallest aligned-line shorter-tail year tailchar-period
B-Reference	Castillo Julio, Cardenas Marina. 2011. An Approach to	page=5 xpos=0 ypos=1 left-column full-justified font-smallest hanged-line longer-tail year headchar-capital
I-Reference	Cross-Lingual Textual Entailment using Online Ma-	page=5 xpos=0 ypos=1 left-column left-indent font-smallest indented-line headchar-capital tailchar-hiphen
I-Reference	chine Translation Systems. Polibits Journal. Vol 44.	page=5 xpos=0 ypos=1 left-column left-indent right-indent font-smallest aligned-line shorter-tail headchar-lower tailchar-period
B-Reference	Castillo Julio and Estrella Paula. 2012. Semantic Textu-	page=5 xpos=0 ypos=1 left-column full-justified font-smallest hanged-line longer-tail year headchar-capital tailchar-hiphen
I-Reference	al Similarity for MT evaluation. NAACL 2012 Sev-	page=5 xpos=0 ypos=1 left-column left-indent font-smallest indented-line year headchar-lower tailchar-hiphen
I-Reference	enth Workshop on Statistical Machine Translation.	page=5 xpos=0 ypos=1 left-column left-indent font-smallest aligned-line headchar-lower tailchar-period
I-Reference	WMT 2012, Montreal, Canada.	page=5 xpos=0 ypos=2 left-column left-indent right-indent font-smallest aligned-line shorter-tail year headchar-capital tailchar-period
B-Reference	Lin D. 1997.An information-theoretic definition of simi-	page=5 xpos=0 ypos=2 left-column full-justified font-smallest hanged-line longer-tail year headchar-capital tailchar-hiphen
I-Reference	larity. In: Proceedings of Conference on Machine	page=5 xpos=0 ypos=2 left-column left-indent font-smallest indented-line headchar-lower
I-Reference	Learning, pp 296–304.	page=5 xpos=0 ypos=2 left-column left-indent right-indent font-smallest aligned-line shorter-tail headchar-capital tailchar-period
B-Reference	Jiang J, Conrath D.1997. Semantic similarity based on	page=5 xpos=0 ypos=2 left-column full-justified font-smallest hanged-line longer-tail year headchar-capital
I-Reference	corpus statistics and lexical taxonomy. In: Proceed-	page=5 xpos=0 ypos=2 left-column left-indent font-smallest indented-line headchar-lower tailchar-hiphen
I-Reference	ings of the ROCLINGX.	page=5 xpos=0 ypos=3 left-column left-indent right-indent font-smallest aligned-line shorter-tail headchar-lower tailchar-period
B-Reference	Pirro G., Seco N. 2008. Design, implementation and	page=5 xpos=0 ypos=3 left-column full-justified font-smallest hanged-line longer-tail year headchar-capital
I-Reference	evaluation of a new similarity metric combining fea-	page=5 xpos=0 ypos=3 left-column left-indent font-smallest indented-line headchar-lower tailchar-hiphen
I-Reference	ture and intrinsic information content. In: ODBASE	page=5 xpos=0 ypos=3 left-column left-indent font-smallest aligned-line headchar-lower
I-Reference	2008, Springer LNCS.	page=5 xpos=0 ypos=3 left-column left-indent right-indent font-smallest aligned-line shorter-tail year tailchar-period
B-Reference	Wu Z, Palmer M. 1994. Verb semantics and lexical	page=5 xpos=0 ypos=3 left-column full-justified font-smallest hanged-line longer-tail year headchar-capital
I-Reference	selection. In: Proceedings of the 32nd ACL 916.	page=5 xpos=0 ypos=4 left-column left-indent right-indent font-smallest indented-line shorter-tail headchar-lower tailchar-period
B-Reference	Leacock C, Chodorow M. 1998. Combining local con-	page=5 xpos=0 ypos=4 left-column full-justified font-smallest hanged-line longer-tail year headchar-capital tailchar-hiphen
I-Reference	text and WordNet similarity for word sense identifi-	page=5 xpos=0 ypos=4 left-column left-indent font-smallest indented-line headchar-lower tailchar-hiphen
I-Reference	cation. MIT Press, pp 265–283.	page=5 xpos=0 ypos=4 left-column left-indent right-indent font-smallest aligned-line shorter-tail headchar-lower tailchar-period
B-Reference	Hirst G, St-Onge D . 1998. Lexical chains as represen-	page=5 xpos=0 ypos=4 left-column full-justified font-smallest hanged-line longer-tail year headchar-capital tailchar-hiphen
I-Reference	tations of context for the detection and correction of	page=5 xpos=0 ypos=5 left-column left-indent font-smallest indented-line headchar-lower
I-Reference	malapropisms. MIT Press, pp 305–332.	page=5 xpos=0 ypos=5 left-column left-indent right-indent font-smallest aligned-line shorter-tail headchar-lower tailchar-period
B-Reference	Banerjee S, Pedersen T. 2002. An adapted lesk algo-	page=5 xpos=0 ypos=5 left-column full-justified font-smallest hanged-line longer-tail year headchar-capital tailchar-hiphen
I-Reference	rithm for word sense disambiguation using WordNet.	page=5 xpos=0 ypos=5 left-column left-indent font-smallest indented-line headchar-lower tailchar-period
I-Reference	In: Proceeding of CICLING-02.	page=5 xpos=0 ypos=5 left-column left-indent right-indent font-smallest aligned-line shorter-tail headchar-capital tailchar-period
B-Reference	William B. Dolan and Chris Brockett.2005. Automati-	page=5 xpos=0 ypos=5 left-column full-justified font-smallest hanged-line longer-tail year headchar-capital tailchar-hiphen
I-Reference	cally Constructing a Corpus of Sentential Para-	page=5 xpos=0 ypos=6 left-column left-indent font-smallest indented-line headchar-lower tailchar-hiphen
I-Reference	phrases. Third International Workshop on	page=5 xpos=0 ypos=6 left-column left-indent font-smallest aligned-line headchar-lower
I-Reference	Paraphrasing (IWP2005). Asia Federation of Natural	page=5 xpos=0 ypos=6 left-column left-indent font-smallest aligned-line year headchar-capital
I-Reference	Language Processing.	page=5 xpos=0 ypos=6 left-column left-indent right-indent font-smallest aligned-line shorter-tail headchar-capital tailchar-period
B-Reference	Castillo Julio and Estrella Paula. 2012. SAGAN: An	page=5 xpos=0 ypos=6 left-column full-justified font-smallest hanged-line longer-tail year headchar-capital
I-Reference	approach to Semantic Textual Similarity based on	page=5 xpos=0 ypos=6 left-column left-indent font-smallest indented-line headchar-lower
I-Reference	Textual Entailment. In Proceedings of the 6th Inter-	page=5 xpos=0 ypos=7 left-column left-indent font-smallest aligned-line headchar-capital tailchar-hiphen
I-Reference	national Workshop on Semantic Evaluation	page=5 xpos=0 ypos=7 left-column left-indent font-smallest aligned-line headchar-lower
I-Reference	(SemEval 2012), in conjunction with the First Joint	page=5 xpos=0 ypos=7 left-column left-indent font-smallest aligned-line year
I-Reference	Conference on Lexical and Computational Semantics	page=5 xpos=0 ypos=7 left-column left-indent font-smallest aligned-line headchar-capital
I-Reference	(*SEM 2012).	page=5 xpos=0 ypos=7 left-column left-indent right-indent font-smallest aligned-line shorter-tail year tailchar-period
B-Reference	Mehdad Y., M. Negri, and M. Federico. 2011. Using	page=5 xpos=0 ypos=7 left-column full-justified font-smallest hanged-line longer-tail year headchar-capital
I-Reference	Parallel Corpora for Cross-lingual Textual Entail-	page=5 xpos=0 ypos=8 left-column left-indent font-smallest indented-line headchar-capital tailchar-hiphen
I-Reference	ment. In Proceedings of ACL-HLT 2011.	page=5 xpos=0 ypos=8 left-column left-indent right-indent font-smallest aligned-line shorter-tail year headchar-lower tailchar-period column-bottom above-blank-line above-double-space above-line-space
Page	726	page=5 xpos=9 ypos=9 single-column left-indent column-top line-blank-line line-double-space line-space numeric-only
